-- MySQL dump 10.13  Distrib 5.5.40, for debian-linux-gnu (x86_64)
--
-- Host: localhost    Database: studywithme
-- ------------------------------------------------------
-- Server version	5.5.40-0ubuntu0.14.04.1

/*!40101 SET @OLD_CHARACTER_SET_CLIENT=@@CHARACTER_SET_CLIENT */;
/*!40101 SET @OLD_CHARACTER_SET_RESULTS=@@CHARACTER_SET_RESULTS */;
/*!40101 SET @OLD_COLLATION_CONNECTION=@@COLLATION_CONNECTION */;
/*!40101 SET NAMES utf8 */;
/*!40103 SET @OLD_TIME_ZONE=@@TIME_ZONE */;
/*!40103 SET TIME_ZONE='+00:00' */;
/*!40014 SET @OLD_UNIQUE_CHECKS=@@UNIQUE_CHECKS, UNIQUE_CHECKS=0 */;
/*!40014 SET @OLD_FOREIGN_KEY_CHECKS=@@FOREIGN_KEY_CHECKS, FOREIGN_KEY_CHECKS=0 */;
/*!40101 SET @OLD_SQL_MODE=@@SQL_MODE, SQL_MODE='NO_AUTO_VALUE_ON_ZERO' */;
/*!40111 SET @OLD_SQL_NOTES=@@SQL_NOTES, SQL_NOTES=0 */;

--
-- Table structure for table `bg_user`
--

DROP TABLE IF EXISTS `bg_user`;
/*!40101 SET @saved_cs_client     = @@character_set_client */;
/*!40101 SET character_set_client = utf8 */;
CREATE TABLE `bg_user` (
  `bg_userID` int(11) NOT NULL AUTO_INCREMENT,
  `bg_user` varchar(20) NOT NULL,
  `bg_password` varchar(20) NOT NULL,
  `bg_email` varchar(15) NOT NULL,
  PRIMARY KEY (`bg_userID`)
) ENGINE=InnoDB AUTO_INCREMENT=2 DEFAULT CHARSET=latin1;
/*!40101 SET character_set_client = @saved_cs_client */;

--
-- Dumping data for table `bg_user`
--

LOCK TABLES `bg_user` WRITE;
/*!40000 ALTER TABLE `bg_user` DISABLE KEYS */;
INSERT INTO `bg_user` VALUES (1,'zht2015','zht2015','zht2015@qq.com');
/*!40000 ALTER TABLE `bg_user` ENABLE KEYS */;
UNLOCK TABLES;

--
-- Table structure for table `buildings`
--

DROP TABLE IF EXISTS `buildings`;
/*!40101 SET @saved_cs_client     = @@character_set_client */;
/*!40101 SET character_set_client = utf8 */;
CREATE TABLE `buildings` (
  `buidingID` int(5) NOT NULL AUTO_INCREMENT,
  `buildingName` varchar(50) NOT NULL,
  `buildingCode` varchar(50) NOT NULL,
  `campusID` int(5) NOT NULL,
  PRIMARY KEY (`buidingID`),
  KEY `campusID` (`campusID`),
  CONSTRAINT `buildings_ibfk_1` FOREIGN KEY (`campusID`) REFERENCES `campus` (`campusID`)
) ENGINE=InnoDB DEFAULT CHARSET=utf8;
/*!40101 SET character_set_client = @saved_cs_client */;

--
-- Dumping data for table `buildings`
--

LOCK TABLES `buildings` WRITE;
/*!40000 ALTER TABLE `buildings` DISABLE KEYS */;
/*!40000 ALTER TABLE `buildings` ENABLE KEYS */;
UNLOCK TABLES;

--
-- Table structure for table `campus`
--

DROP TABLE IF EXISTS `campus`;
/*!40101 SET @saved_cs_client     = @@character_set_client */;
/*!40101 SET character_set_client = utf8 */;
CREATE TABLE `campus` (
  `campusID` int(5) NOT NULL AUTO_INCREMENT,
  `universityID` int(5) NOT NULL,
  `campus_name` varchar(50) NOT NULL,
  PRIMARY KEY (`campusID`),
  KEY `universityID` (`universityID`),
  CONSTRAINT `campus_ibfk_1` FOREIGN KEY (`universityID`) REFERENCES `university` (`universityID`)
) ENGINE=InnoDB AUTO_INCREMENT=7 DEFAULT CHARSET=utf8;
/*!40101 SET character_set_client = @saved_cs_client */;

--
-- Dumping data for table `campus`
--

LOCK TABLES `campus` WRITE;
/*!40000 ALTER TABLE `campus` DISABLE KEYS */;
INSERT INTO `campus` VALUES (1,1,'Craiglockhart'),(2,1,'Merchiston'),(3,1,'Merchiston Avenue'),(4,1,'Morningside Church'),(5,1,'Sighthill'),(6,2,'DongFeng(东风校区)');
/*!40000 ALTER TABLE `campus` ENABLE KEYS */;
UNLOCK TABLES;

--
-- Table structure for table `class_shedule`
--

DROP TABLE IF EXISTS `class_shedule`;
/*!40101 SET @saved_cs_client     = @@character_set_client */;
/*!40101 SET character_set_client = utf8 */;
CREATE TABLE `class_shedule` (
  `mouleID` int(10) NOT NULL,
  `Time` varchar(50) NOT NULL,
  `Teacher` varchar(10) NOT NULL,
  `roomID` int(20) NOT NULL,
  `StartClass` int(5) NOT NULL,
  `class_sheduleID` int(10) NOT NULL AUTO_INCREMENT,
  `Classes` varchar(10) NOT NULL,
  `Weekly` varchar(10) NOT NULL,
  PRIMARY KEY (`class_sheduleID`,`mouleID`,`roomID`),
  KEY `roomID` (`roomID`),
  KEY `mouleID` (`mouleID`),
  CONSTRAINT `class_shedule_ibfk_1` FOREIGN KEY (`mouleID`) REFERENCES `module` (`moduleID`),
  CONSTRAINT `class_shedule_ibfk_2` FOREIGN KEY (`roomID`) REFERENCES `rooms` (`roomID`)
) ENGINE=InnoDB AUTO_INCREMENT=2 DEFAULT CHARSET=utf8;
/*!40101 SET character_set_client = @saved_cs_client */;

--
-- Dumping data for table `class_shedule`
--

LOCK TABLES `class_shedule` WRITE;
/*!40000 ALTER TABLE `class_shedule` DISABLE KEYS */;
INSERT INTO `class_shedule` VALUES (738,'[1,2,3,4,5,6,7,8,9,10,11,13,14,15,16]','Miss. Ma',196,1,1,'2','Monday');
/*!40000 ALTER TABLE `class_shedule` ENABLE KEYS */;
UNLOCK TABLES;

--
-- Table structure for table `classes`
--

DROP TABLE IF EXISTS `classes`;
/*!40101 SET @saved_cs_client     = @@character_set_client */;
/*!40101 SET character_set_client = utf8 */;
CREATE TABLE `classes` (
  `classID` int(6) NOT NULL AUTO_INCREMENT,
  `roomID` int(5) NOT NULL,
  `moduleID` int(5) NOT NULL,
  `Class_time` datetime NOT NULL,
  `duration` int(2) NOT NULL,
  PRIMARY KEY (`classID`),
  KEY `roomID` (`roomID`),
  KEY `moduleID` (`moduleID`),
  CONSTRAINT `classes_ibfk_1` FOREIGN KEY (`roomID`) REFERENCES `rooms` (`roomID`),
  CONSTRAINT `classes_ibfk_2` FOREIGN KEY (`moduleID`) REFERENCES `module` (`moduleID`)
) ENGINE=InnoDB DEFAULT CHARSET=latin1;
/*!40101 SET character_set_client = @saved_cs_client */;

--
-- Dumping data for table `classes`
--

LOCK TABLES `classes` WRITE;
/*!40000 ALTER TABLE `classes` DISABLE KEYS */;
/*!40000 ALTER TABLE `classes` ENABLE KEYS */;
UNLOCK TABLES;

--
-- Table structure for table `endorsements`
--

DROP TABLE IF EXISTS `endorsements`;
/*!40101 SET @saved_cs_client     = @@character_set_client */;
/*!40101 SET character_set_client = utf8 */;
CREATE TABLE `endorsements` (
  `endorsementID` int(5) NOT NULL AUTO_INCREMENT,
  `studentID` int(5) NOT NULL,
  `skillID` int(5) NOT NULL,
  `endorsedBy` int(5) NOT NULL,
  PRIMARY KEY (`endorsementID`),
  KEY `studentID` (`studentID`),
  KEY `skillID` (`skillID`),
  KEY `endorsedBy` (`endorsedBy`),
  KEY `skillID_2` (`skillID`),
  KEY `endorsedBy_2` (`endorsedBy`),
  CONSTRAINT `endorsements_ibfk_1` FOREIGN KEY (`studentID`) REFERENCES `students` (`studentID`) ON DELETE CASCADE ON UPDATE CASCADE,
  CONSTRAINT `endorsements_ibfk_2` FOREIGN KEY (`skillID`) REFERENCES `skill` (`skillID`) ON DELETE CASCADE ON UPDATE CASCADE,
  CONSTRAINT `endorsements_ibfk_3` FOREIGN KEY (`endorsedBy`) REFERENCES `students` (`studentID`) ON DELETE CASCADE ON UPDATE CASCADE
) ENGINE=InnoDB DEFAULT CHARSET=latin1;
/*!40101 SET character_set_client = @saved_cs_client */;

--
-- Dumping data for table `endorsements`
--

LOCK TABLES `endorsements` WRITE;
/*!40000 ALTER TABLE `endorsements` DISABLE KEYS */;
/*!40000 ALTER TABLE `endorsements` ENABLE KEYS */;
UNLOCK TABLES;

--
-- Table structure for table `group_membership`
--

DROP TABLE IF EXISTS `group_membership`;
/*!40101 SET @saved_cs_client     = @@character_set_client */;
/*!40101 SET character_set_client = utf8 */;
CREATE TABLE `group_membership` (
  `groupID` int(5) NOT NULL,
  `studentID` int(5) NOT NULL,
  `dateJoined` datetime NOT NULL,
  PRIMARY KEY (`groupID`,`studentID`),
  KEY `studentID` (`studentID`),
  CONSTRAINT `group_membership_ibfk_2` FOREIGN KEY (`studentID`) REFERENCES `students` (`studentID`),
  CONSTRAINT `group_membership_ibfk_3` FOREIGN KEY (`groupID`) REFERENCES `groups` (`groupID`) ON DELETE CASCADE
) ENGINE=InnoDB DEFAULT CHARSET=latin1;
/*!40101 SET character_set_client = @saved_cs_client */;

--
-- Dumping data for table `group_membership`
--

LOCK TABLES `group_membership` WRITE;
/*!40000 ALTER TABLE `group_membership` DISABLE KEYS */;
INSERT INTO `group_membership` VALUES (16,47,'2015-05-05 00:41:51'),(16,49,'2015-05-05 00:41:51'),(16,56,'2015-05-05 00:41:51'),(16,63,'2015-05-05 00:41:51'),(16,93,'0000-00-00 00:00:00'),(17,47,'2015-05-05 01:08:51'),(17,63,'2015-05-05 01:08:51'),(17,90,'0000-00-00 00:00:00'),(18,76,'0000-00-00 00:00:00'),(18,89,'2015-05-05 16:42:05'),(19,56,'2015-05-05 16:42:51'),(19,57,'2015-05-05 16:42:51'),(19,63,'2015-05-05 16:42:51'),(19,89,'2015-05-05 16:42:51'),(20,89,'2015-05-05 16:44:23'),(21,47,'2015-05-05 16:44:51'),(21,63,'2015-05-05 16:44:51'),(21,89,'2015-05-05 16:44:51'),(22,47,'2015-05-05 16:45:38'),(22,49,'2015-05-05 16:45:38'),(22,56,'2015-05-05 16:45:38'),(22,89,'2015-05-05 16:45:38'),(23,63,'2015-05-05 16:46:32'),(23,90,'0000-00-00 00:00:00'),(24,63,'2015-05-05 17:33:21'),(25,64,'2015-05-06 17:04:02'),(25,76,'0000-00-00 00:00:00'),(25,90,'0000-00-00 00:00:00'),(26,92,'2015-05-07 23:35:39'),(27,1,'2015-05-07 23:35:59'),(27,47,'2015-05-07 23:35:59'),(27,92,'2015-05-07 23:35:59'),(28,89,'2015-05-07 23:36:04'),(28,92,'2015-05-07 23:36:04'),(29,1,'2015-05-07 23:36:56'),(29,47,'2015-05-07 23:36:56'),(29,92,'2015-05-07 23:36:56'),(30,93,'2015-05-08 13:11:57'),(31,47,'2015-05-08 22:47:12'),(31,49,'2015-05-08 22:47:12'),(31,56,'2015-05-08 22:47:12'),(31,57,'2015-05-08 22:47:12'),(31,63,'2015-05-08 22:47:12'),(31,89,'2015-05-08 22:47:12'),(31,91,'2015-05-08 22:47:12'),(31,92,'2015-05-08 22:47:12'),(31,94,'2015-05-17 14:57:41'),(32,91,'2015-05-09 13:09:21'),(32,92,'2015-05-09 13:09:21'),(33,92,'2015-05-09 13:10:00'),(34,1,'2015-05-09 16:11:25'),(34,47,'2015-05-09 16:11:25'),(34,91,'2015-05-09 16:11:25'),(34,92,'2015-05-09 16:11:25'),(34,94,'2015-05-09 16:11:25'),(35,64,'2015-05-12 13:05:22'),(35,90,'0000-00-00 00:00:00'),(36,66,'2015-05-12 14:51:20'),(37,64,'2015-05-16 09:36:03'),(38,64,'2015-05-16 09:38:20'),(39,64,'2015-05-16 09:38:23'),(40,64,'2015-05-16 09:38:26'),(41,64,'2015-05-16 09:38:59'),(42,64,'2015-05-17 09:53:25'),(59,92,'2015-05-18 15:49:12'),(60,92,'2015-05-18 15:49:17'),(61,92,'2015-05-18 15:49:18'),(62,92,'2015-05-18 15:49:18'),(63,92,'2015-05-18 15:49:18'),(64,92,'2015-05-18 15:49:18'),(65,92,'2015-05-18 15:51:47'),(66,92,'2015-05-18 16:26:49'),(67,92,'2015-05-19 00:55:36'),(68,64,'2015-05-26 08:02:15'),(68,92,'2015-05-19 00:56:59'),(69,1,'2015-05-19 01:05:16'),(69,47,'2015-05-19 01:05:16'),(69,56,'2015-05-19 01:05:16'),(69,92,'2015-05-19 01:05:16'),(70,56,'2015-05-19 01:07:38'),(70,63,'2015-05-19 01:07:38'),(70,92,'2015-05-19 01:07:38'),(71,47,'2015-05-19 01:34:54'),(71,49,'2015-05-19 01:34:54'),(71,64,'2015-05-26 08:00:49'),(71,92,'2015-05-19 01:34:54'),(72,64,'2015-05-26 07:59:14'),(72,92,'2015-05-19 01:39:17'),(73,1,'2015-05-19 01:52:18'),(73,49,'2015-05-19 01:52:18'),(73,56,'2015-05-19 01:52:18'),(73,64,'2015-05-26 06:42:57'),(73,92,'2015-05-19 01:52:18'),(74,1,'2015-05-19 01:57:07'),(74,47,'2015-05-19 01:57:07'),(74,49,'2015-05-19 01:57:07'),(74,64,'2015-05-26 05:36:55'),(74,92,'2015-05-19 01:57:07'),(75,64,'2015-05-26 02:12:37'),(76,64,'2015-05-26 06:41:40'),(76,92,'2015-05-26 07:06:01'),(77,57,'2015-05-26 07:08:22'),(77,64,'2015-05-27 03:42:00'),(77,91,'0000-00-00 00:00:00'),(77,92,'2015-05-26 07:08:22'),(77,94,'2015-05-26 07:08:22'),(78,64,'2015-05-29 03:47:02'),(79,64,'2015-05-29 03:51:09'),(80,64,'2015-05-29 03:51:10'),(81,64,'2015-05-29 03:51:11'),(82,64,'2015-05-29 03:51:12'),(83,64,'2015-05-29 03:51:14'),(84,64,'2015-05-29 03:51:15'),(85,64,'2015-05-29 03:51:17'),(86,64,'2015-05-29 03:51:18'),(87,64,'2015-05-29 03:51:19'),(88,64,'2015-05-29 03:51:20'),(89,64,'2015-05-29 03:51:42'),(90,64,'2015-05-29 03:51:43'),(91,64,'2015-05-29 03:52:48'),(92,64,'2015-05-29 03:52:49'),(93,64,'2015-05-29 03:52:50'),(94,64,'2015-05-29 03:53:06'),(95,64,'2015-05-29 03:53:08'),(96,64,'2015-05-29 03:53:44'),(97,64,'2015-05-29 03:53:45'),(98,64,'2015-05-29 03:54:34'),(99,64,'2015-05-29 03:54:35'),(100,64,'2015-05-29 03:54:36'),(101,64,'2015-05-29 03:54:37'),(102,64,'2015-05-29 03:55:15'),(103,64,'2015-05-29 03:55:16'),(104,64,'2015-05-29 03:57:54'),(105,64,'2015-05-29 03:58:50'),(106,64,'2015-05-29 03:58:51'),(107,64,'2015-05-29 03:59:05'),(108,64,'2015-05-29 03:59:07'),(109,64,'2015-05-29 03:59:08'),(110,64,'2015-05-29 03:59:09'),(111,64,'2015-05-29 03:59:10'),(112,64,'2015-05-29 03:59:11'),(113,64,'2015-05-29 03:59:12'),(114,64,'2015-05-29 03:59:13'),(115,64,'2015-08-04 23:34:40'),(116,64,'2015-08-04 23:34:44'),(117,64,'2015-08-04 23:34:47'),(118,64,'2015-08-04 23:35:24'),(119,76,'2015-08-06 08:49:11'),(119,141,'0000-00-00 00:00:00'),(120,90,'2015-08-07 06:34:39'),(120,122,'2015-08-07 06:34:39'),(120,124,'2015-08-07 06:34:39'),(121,64,'0000-00-00 00:00:00'),(121,73,'0000-00-00 00:00:00'),(121,76,'0000-00-00 00:00:00'),(121,90,'2015-08-07 07:01:56'),(121,119,'0000-00-00 00:00:00'),(121,138,'0000-00-00 00:00:00'),(122,73,'2015-08-07 07:05:16'),(122,90,'2015-08-07 07:05:16'),(122,115,'2015-08-07 07:05:16'),(122,118,'2015-08-07 07:05:16'),(123,76,'2015-08-07 14:30:01'),(124,76,'0000-00-00 00:00:00'),(125,76,'2015-08-07 19:50:24'),(126,73,'2015-08-09 04:20:10'),(126,90,'2015-08-09 04:20:10'),(126,115,'2015-08-09 04:20:10'),(126,119,'2015-08-09 04:20:10'),(127,120,'2015-08-11 02:09:52'),(128,90,'0000-00-00 00:00:00'),(128,120,'2015-08-11 03:20:38'),(129,90,'2015-08-14 11:25:53'),(130,90,'2015-08-14 13:22:10'),(131,90,'2015-08-14 13:49:00'),(132,120,'2015-08-16 08:05:42'),(133,141,'2015-12-25 07:40:13');
/*!40000 ALTER TABLE `group_membership` ENABLE KEYS */;
UNLOCK TABLES;

--
-- Table structure for table `group_message`
--

DROP TABLE IF EXISTS `group_message`;
/*!40101 SET @saved_cs_client     = @@character_set_client */;
/*!40101 SET character_set_client = utf8 */;
CREATE TABLE `group_message` (
  `messageID` int(5) NOT NULL AUTO_INCREMENT,
  `groupID` int(5) NOT NULL,
  `studentID` int(5) NOT NULL COMMENT 'student owner ID',
  `message` longtext NOT NULL,
  `post_date` datetime NOT NULL,
  PRIMARY KEY (`messageID`),
  KEY `groupID` (`groupID`),
  KEY `studentID` (`studentID`),
  CONSTRAINT `group_message_ibfk_2` FOREIGN KEY (`studentID`) REFERENCES `students` (`studentID`),
  CONSTRAINT `group_message_ibfk_3` FOREIGN KEY (`groupID`) REFERENCES `groups` (`groupID`) ON DELETE CASCADE ON UPDATE CASCADE
) ENGINE=InnoDB AUTO_INCREMENT=303 DEFAULT CHARSET=utf8;
/*!40101 SET character_set_client = @saved_cs_client */;

--
-- Dumping data for table `group_message`
--

LOCK TABLES `group_message` WRITE;
/*!40000 ALTER TABLE `group_message` DISABLE KEYS */;
INSERT INTO `group_message` VALUES (1,16,63,'hello','2015-05-08 18:44:25'),(2,16,63,'hello','2015-05-08 18:51:34'),(3,16,93,'I dreamed a dream in time gone by!','2015-05-08 18:59:22'),(4,16,63,'chat test','2015-05-08 18:59:58'),(5,16,93,'HI','2015-05-08 19:00:26'),(6,16,93,':D','2015-05-08 19:01:53'),(7,16,63,'@susan','2015-05-08 19:02:17'),(8,16,63,'x','2015-05-08 19:02:32'),(9,16,63,'y','2015-05-08 19:02:33'),(10,16,63,'s','2015-05-08 19:02:34'),(11,18,89,'It\'s my group','2015-05-08 19:23:24'),(12,18,89,'df','2015-05-08 19:23:36'),(13,28,89,'Does this work?','2015-05-08 19:23:50'),(14,28,63,'Loving your description','2015-05-08 20:05:36'),(15,16,63,'hello','2015-05-08 20:06:15'),(16,16,93,'hello','2015-05-08 20:06:47'),(17,16,63,'hello susan','2015-05-08 20:07:00'),(18,16,63,'are you dreaming a dream','2015-05-08 20:07:07'),(19,16,93,'yes','2015-05-08 20:07:18'),(20,16,63,'of times gone by?','2015-05-08 20:07:30'),(21,16,93,'yup','2015-05-08 20:07:40'),(22,16,63,'sweet','2015-05-08 20:07:47'),(23,16,93,'Aye!','2015-05-08 20:07:54'),(24,16,63,'Hi','2015-05-08 21:05:40'),(25,16,63,'..','2015-05-08 21:06:03'),(26,16,63,'你好','2015-05-08 21:29:07'),(27,31,63,'hey guys','2015-05-08 23:07:45'),(28,31,63,':D','2015-05-08 23:08:32'),(29,31,63,'.','2015-05-09 02:05:30'),(30,28,92,'hello','2015-05-09 13:03:53'),(31,28,89,'OH YEAH','2015-05-09 13:04:01'),(32,31,91,'Hey bro','2015-05-09 13:04:09'),(33,31,91,'hey bro','2015-05-09 13:04:35'),(34,31,89,'This is the shiznae','2015-05-09 13:05:48'),(35,31,89,'Twice','2015-05-09 13:05:59'),(36,31,89,'It sends twice if you press enter I think','2015-05-09 13:06:11'),(37,31,91,'hello','2015-05-09 13:07:24'),(38,31,91,'testa','2015-05-09 13:07:28'),(39,32,89,'Cluttering the DB with mu useless commentw','2015-05-09 13:10:05'),(40,32,89,'WHY?!??!?!','2015-05-09 13:10:15'),(41,32,89,'It\'ll work now','2015-05-09 13:10:30'),(42,32,89,'You just need a first value in','2015-05-09 13:10:47'),(43,32,89,'the chat for it to work','2015-05-09 13:10:54'),(44,18,89,'And it\'s now or never','2015-05-09 13:15:36'),(45,18,89,'Speu','2015-05-09 13:15:45'),(46,28,92,'hello','2015-05-09 13:36:58'),(47,28,92,'this is a chat message','2015-05-09 13:37:04'),(48,28,89,'Hello','2015-05-09 13:37:15'),(49,28,89,'Hello','2015-05-09 13:37:21'),(50,28,89,'jdjdjd','2015-05-09 13:37:22'),(51,28,89,'jdjdj','2015-05-09 13:37:23'),(52,28,89,'jdjjd','2015-05-09 13:37:24'),(53,28,89,'soisns','2015-05-09 13:37:25'),(54,31,63,':)','2015-05-09 17:25:38'),(55,16,63,'.','2015-05-09 17:36:11'),(56,16,63,'.','2015-05-09 18:42:16'),(57,16,63,'hello','2015-05-09 18:44:19'),(58,16,63,'hello','2015-05-09 18:44:33'),(59,34,94,'hello world','2015-05-09 20:24:20'),(60,34,94,'hi','2015-05-09 20:24:43'),(61,34,94,'abc','2015-05-09 20:25:03'),(62,31,63,'@','2015-05-09 23:03:59'),(63,26,92,'hey','2015-05-11 20:02:42'),(64,16,63,'var object = {             groupID: 16,             meetingDate:&quot;12-05-2015&quot;,             meetingTime: &quot;15:00&quot;,             duration: &quot;30&quot;,             roomBooking: &quot;true&quot;,             roomID: &quot;29&quot;         }  $.post(     &quot;/scripts/groups/meetings/add&quot;,JSON.stringify(object),     function(data) {        alert(data);     } );','2015-05-12 01:06:25'),(65,25,64,'hahaha','2015-05-12 13:06:49'),(66,25,64,'hahaha','2015-05-12 13:06:58'),(67,34,94,'Hello world','2015-05-12 15:48:26'),(68,34,94,'hi','2015-05-12 15:48:32'),(69,34,94,'ff','2015-05-12 17:49:42'),(70,34,94,'I am Tristan , HaHa ,Sorry Max, I borrow it to test.','2015-05-12 17:50:56'),(71,18,89,'gfgf','2015-05-12 23:08:19'),(72,28,89,'Hello','2015-05-12 23:39:38'),(73,28,89,'Test two','2015-05-12 23:41:01'),(74,26,92,'hey','2015-05-12 23:41:27'),(75,28,89,'Hello','2015-05-12 23:41:59'),(76,28,89,'Test','2015-05-12 23:45:46'),(77,28,89,'wai u no work?','2015-05-12 23:46:22'),(78,28,89,'u get no SLEEEP?','2015-05-12 23:46:29'),(79,28,89,'Comm8itsdsdsds','2015-05-12 23:51:15'),(80,28,89,'Back to normal','2015-05-13 00:03:33'),(81,28,89,'Try again ','2015-05-13 00:04:07'),(82,28,89,'Nae errors plz','2015-05-13 00:05:53'),(83,18,89,'ugu','2015-05-13 00:07:18'),(84,18,89,'oijhi','2015-05-13 00:07:19'),(85,29,92,'hello','2015-05-13 13:12:16'),(86,29,92,'how are you?','2015-05-13 13:12:44'),(87,27,92,'hey','2015-05-13 15:04:43'),(88,27,92,'hello','2015-05-13 15:05:00'),(89,29,92,'hey','2015-05-13 15:05:30'),(90,27,92,'hey','2015-05-13 15:10:28'),(91,27,92,'hello','2015-05-13 15:55:18'),(92,16,63,'hi','2015-05-13 22:27:30'),(93,27,92,'test','2015-05-14 00:20:57'),(94,25,64,'fff','2015-05-14 09:59:47'),(95,25,64,'eee','2015-05-14 09:59:50'),(96,25,64,'fffffffffffffffffffffffffffffff','2015-05-14 09:59:56'),(97,28,89,'Test Message','2015-05-14 12:36:20'),(98,28,89,'Hmm','2015-05-14 12:36:42'),(99,28,92,'hello testing adding to the user_notification','2015-05-14 13:17:50'),(100,28,92,'lets try that again','2015-05-14 13:28:27'),(101,28,92,'hmm','2015-05-14 13:28:40'),(102,34,94,'It\'s okay Tristan!','2015-05-14 15:27:48'),(103,16,63,':)','2015-05-14 15:49:43'),(104,27,92,'hey','2015-05-14 16:30:15'),(105,27,92,'test','2015-05-14 16:32:04'),(106,27,92,'hey','2015-05-14 16:37:49'),(107,27,92,'herro','2015-05-14 16:39:56'),(108,27,92,'tbt','2015-05-14 16:43:25'),(109,27,92,'chgv','2015-05-14 16:44:29'),(110,27,92,'hehg','2015-05-14 16:44:30'),(111,27,92,'hghg','2015-05-14 16:44:32'),(112,16,63,'.','2015-05-14 17:14:59'),(113,34,89,'hello Max','2015-05-14 17:49:53'),(114,34,89,'Active chat no page loads!','2015-05-14 17:50:09'),(115,16,63,'{&quot;groupID&quot;:&quot;16&quot;,&quot;meetingName&quot;:&quot;Meeting&quot;,&quot;agenda&quot;:&quot;qwerty&quot;,&quot;meetingDate&quot;:&quot;05/15/2015&quot;,&quot;meetingTime&quot;:&quot;16:00&quot;,&quot;roomID&quot;:&quot;1&quot;,&quot;roomBooking&quot;:true,&quot;duration&quot;:90}','2015-05-14 20:30:20'),(116,16,63,'var object ={&quot;groupID&quot;:&quot;16&quot;,&quot;meetingName&quot;:&quot;Meeting&quot;,&quot;agenda&quot;:&quot;qwerty&quot;,&quot;meetingDate&quot;:&quot;05/15/2015&quot;,&quot;meetingTime&quot;:&quot;16:00&quot;,&quot;roomID&quot;:&quot;1&quot;,&quot;roomBooking&quot;:true, &quot;duration&quot;:90}  $.post( &quot;/scripts/groups/meetings/add&quot;,JSON.stringify(object), function(data) { alert(data); } );','2015-05-14 20:31:05'),(117,31,89,'123','2015-05-14 22:39:42'),(118,31,92,'test notification','2015-05-14 23:37:25'),(119,31,92,'h','2015-05-15 00:15:29'),(120,31,92,'last try tonight','2015-05-15 00:34:41'),(121,19,63,':)','2015-05-15 00:51:21'),(122,19,63,'hvjhj','2015-05-15 00:51:48'),(123,19,63,'hello','2015-05-15 00:52:25'),(124,31,92,'please no error','2015-05-15 10:18:48'),(125,31,92,'if this doesn\'t work','2015-05-15 10:31:02'),(126,31,92,'knjnhkn','2015-05-15 10:38:18'),(127,31,63,'morning!','2015-05-15 11:13:21'),(128,23,63,'hello','2015-05-15 17:09:20'),(129,34,94,'testing123','2015-05-15 17:54:24'),(130,16,63,'ty','2015-05-16 01:14:48'),(131,31,89,'Oh yeah, I never got a notification from Nick','2015-05-16 14:50:04'),(132,16,63,'hello','2015-05-16 18:37:20'),(133,16,63,'.','2015-05-17 12:56:04'),(134,26,92,'hyrhfre','2015-05-17 14:02:53'),(135,26,92,'cgg','2015-05-17 14:30:28'),(136,31,92,'hello','2015-05-17 15:11:28'),(137,31,92,'hey','2015-05-17 15:11:36'),(138,31,92,'hopefully','2015-05-17 15:40:18'),(139,31,92,'try','2015-05-17 15:41:50'),(140,31,63,'try again','2015-05-17 15:42:00'),(141,34,94,'hi','2015-05-17 15:44:03'),(142,34,94,'g','2015-05-17 15:45:48'),(143,34,94,'hi','2015-05-17 15:52:59'),(144,34,94,'789','2015-05-17 15:53:04'),(145,34,94,'7','2015-05-17 15:53:06'),(146,26,92,'erv','2015-05-17 16:03:17'),(147,31,92,'utcyc','2015-05-17 16:43:56'),(148,31,92,' h vv','2015-05-17 16:46:48'),(149,31,92,'gtg','2015-05-17 16:50:25'),(150,31,92,'ljb','2015-05-17 16:51:36'),(151,31,92,'vtgv','2015-05-17 16:54:10'),(152,31,92,'tggtg','2015-05-17 16:55:37'),(153,31,92,'rcvf','2015-05-17 17:00:01'),(154,31,92,'ttfff','2015-05-17 17:01:41'),(155,31,92,'add notification please','2015-05-17 17:04:11'),(156,31,94,'Hello','2015-05-17 17:06:38'),(157,31,92,'test time stamp','2015-05-17 17:12:22'),(158,31,92,'attempt','2015-05-17 17:13:54'),(159,31,92,'hello','2015-05-17 17:14:08'),(160,31,89,'notifications lads','2015-05-17 17:16:28'),(161,31,92,'heu','2015-05-17 17:16:42'),(162,16,63,'KLM','2015-05-17 19:16:41'),(163,43,91,'&lt;script&gt; alert(“XSS Des”); &lt;/script&gt;','2015-05-17 19:35:38'),(164,43,91,'&lt;script&gt; alert(“XSS Des”); &lt;/script&gt;','2015-05-17 19:35:46'),(165,43,91,'Hello','2015-05-17 19:35:49'),(166,43,91,'Hello','2015-05-17 19:35:53'),(167,43,91,'&lt;script type=&quot;text/javascript&quot;&gt; alert (\'This is an XSS Vulnerability\') &lt;/script&gt;','2015-05-17 19:42:21'),(168,31,94,'notifications xx','2015-05-19 13:36:19'),(169,34,94,'hi','2015-05-25 01:41:31'),(170,16,63,'hi','2015-05-25 01:58:31'),(171,31,92,'hello nick','2015-05-25 02:59:54'),(172,31,63,'hello PAT','2015-05-25 03:00:41'),(173,31,92,'do you want to study?','2015-05-25 03:00:48'),(174,31,63,'YES','2015-05-25 03:00:53'),(175,31,92,'woohooo!!!!','2015-05-25 03:01:01'),(176,31,92,'I love STUDY','2015-05-25 03:01:08'),(177,31,63,'iwilladd啊meetingnow','2015-05-25 03:01:20'),(178,31,92,'I DO NOT UNDERSTAND CHINESE','2015-05-25 03:01:42'),(179,31,89,'LOLOL','2015-05-25 03:05:44'),(180,31,63,'thanks for coming callum','2015-05-25 03:05:45'),(181,31,89,'No problem','2015-05-25 03:05:57'),(182,31,63,':D','2015-05-25 03:06:09'),(183,31,89,'The first message sends twice','2015-05-25 03:06:15'),(184,31,63,'the first timeeee','2015-05-25 03:06:28'),(185,31,63,'r saw','2015-05-25 03:06:31'),(186,31,63,'ur face','2015-05-25 03:06:36'),(187,31,92,'I hope that nick can see this message','2015-05-25 03:07:51'),(188,31,92,'himax','2015-05-25 03:42:49'),(189,31,94,'hi','2015-05-25 04:28:24'),(190,31,92,'notify','2015-05-25 04:48:04'),(191,31,92,'test','2015-05-25 04:58:24'),(192,31,92,'hi max','2015-05-25 05:08:52'),(193,26,92,'lets see','2015-05-25 09:10:00'),(194,25,64,'fgu','2015-05-26 02:08:45'),(195,34,89,'Awright Maxy Boy','2015-05-26 04:34:37'),(196,34,89,'Here is a notification ','2015-05-26 04:34:46'),(197,34,89,'Another','2015-05-26 04:37:20'),(198,34,94,'hello','2015-05-26 04:37:44'),(199,34,89,'Hello','2015-05-26 04:37:49'),(200,40,64,'hbh','2015-05-26 05:43:53'),(201,40,64,'jngg','2015-05-26 05:44:10'),(202,40,64,'ggh','2015-05-26 05:56:14'),(203,68,64,'fffg','2015-05-26 08:03:22'),(204,68,64,'vbbggg','2015-05-26 08:03:29'),(205,68,64,'vvh','2015-05-26 08:05:38'),(206,68,64,'gyyy','2015-05-26 08:34:16'),(207,38,64,'hhhj','2015-05-26 08:45:01'),(208,38,64,'hhhj','2015-05-26 08:45:01'),(209,38,64,'hhhj','2015-05-26 08:45:02'),(210,38,64,'hhhj','2015-05-26 08:45:02'),(211,77,64,'wi','2015-05-26 08:45:26'),(212,77,64,'bbhjj','2015-05-26 08:45:32'),(216,77,64,'hhg','2015-05-26 09:16:16'),(217,77,64,'iiii','2015-05-26 09:16:25'),(219,16,64,'haha','2015-05-26 09:19:48'),(220,77,64,'jhh','2015-05-26 09:20:53'),(221,77,64,'nj','2015-05-26 09:21:15'),(222,77,64,'我是','2015-05-26 09:21:37'),(223,77,64,'你看看','2015-05-26 09:24:12'),(224,77,64,'啊啊啊','2015-05-26 09:29:22'),(225,77,64,'i am   tristan','2015-05-26 09:29:52'),(226,77,64,'i sm','2015-05-26 09:30:24'),(227,77,64,'ooooo','2015-05-26 09:30:35'),(228,77,64,'gg','2015-05-26 09:32:22'),(229,77,64,'ggf','2015-05-26 09:32:35'),(230,77,64,'ggghh','2015-05-26 09:33:07'),(231,77,64,'gghhh','2015-05-26 09:33:13'),(232,77,64,'hjjhh','2015-05-26 09:35:33'),(233,77,64,'jj','2015-05-26 09:35:36'),(234,77,64,'gghyu','2015-05-26 09:36:37'),(235,77,64,' yghyu','2015-05-26 09:36:42'),(236,77,64,'ggg','2015-05-26 09:37:32'),(237,77,64,'my  yyy','2015-05-26 09:38:02'),(238,77,64,'jkjj','2015-05-26 09:45:58'),(239,77,64,'iiiii','2015-05-26 09:46:41'),(240,77,64,'hhhh','2015-05-26 09:47:34'),(241,77,64,'lv','2015-05-26 09:48:53'),(242,77,64,'hello','2015-05-26 09:49:33'),(243,77,64,'WHY  IT DOES NOT WORK','2015-05-26 09:52:12'),(244,77,64,'wwww','2015-05-26 09:52:39'),(245,77,64,'hi calum','2015-05-26 10:03:06'),(246,25,64,'uuuuu','2015-05-26 11:03:38'),(247,25,64,'hahaha','2015-05-26 11:04:01'),(248,35,64,'ttttt','2015-05-26 11:06:53'),(249,35,64,'hello','2015-05-26 11:07:05'),(250,25,64,'df','2015-05-26 11:07:22'),(251,68,64,'hello','2015-05-26 11:07:44'),(252,68,64,'eeeeeeee','2015-05-26 11:07:50'),(253,77,64,'testing','2015-05-26 10:11:04'),(254,77,64,'another.message.','2015-05-26 10:11:52'),(255,77,64,'ggh','2015-05-26 10:15:23'),(256,77,64,'oooo','2015-05-26 10:16:45'),(257,77,64,'ooi','2015-05-26 10:16:54'),(258,77,64,' bbb','2015-05-26 10:17:13'),(259,77,64,'bb','2015-05-26 10:23:10'),(260,77,64,'iiii','2015-05-26 10:31:49'),(261,77,64,'@hhh','2015-05-26 10:32:17'),(262,77,64,'hhh','2015-05-26 10:40:39'),(263,77,64,',,,,,','2015-05-26 10:40:50'),(264,77,64,'iiiiiii','2015-05-26 10:41:28'),(265,18,89,'Message','2015-05-27 01:20:58'),(266,77,64,'bbb','2015-05-27 00:55:58'),(267,77,64,'iiii','2015-05-27 01:14:26'),(268,77,64,'gg','2015-05-27 01:23:43'),(269,77,64,'kk','2015-05-27 01:23:59'),(270,77,64,'iiip','2015-05-27 02:10:47'),(271,77,64,'bbb','2015-05-27 03:02:18'),(272,77,64,'jjj','2015-05-27 03:02:22'),(273,25,64,'eodj','2015-05-27 03:18:52'),(274,34,89,'NOTIFICATION','2015-05-27 05:00:51'),(275,19,89,'Go','2015-05-27 05:01:16'),(276,76,64,'jjj','2015-05-27 11:28:27'),(277,76,64,'kmsnjs','2015-05-27 11:28:33'),(278,114,64,'一起出来学习吧','2015-08-04 22:52:45'),(279,25,76,'Hi','2015-08-06 08:38:52'),(280,25,76,'&lt;b&gt;¥&lt;/b&gt;','2015-08-06 08:47:05'),(281,120,90,'呵呵哒','2015-08-07 06:40:44'),(282,120,90,'反应这么慢啊','2015-08-07 06:41:10'),(283,121,76,':)','2015-08-07 14:56:03'),(284,127,120,'ggg','2015-08-11 02:11:56'),(285,127,120,'jjjj','2015-08-11 02:12:05'),(286,127,120,'jjjjjjjjjjjjjjjj','2015-08-11 02:12:07'),(287,127,120,'5555','2015-08-11 02:12:11'),(288,127,120,'jjjjjjjjjjjjj','2015-08-11 02:12:31'),(289,121,90,'zzzz','2015-08-11 02:21:17'),(290,121,90,'试一试','2015-08-11 02:37:24'),(291,128,90,'hello','2015-08-11 03:22:32'),(292,128,120,'3','2015-08-11 03:22:53'),(293,128,120,'5','2015-08-11 03:23:00'),(294,128,90,'你好','2015-08-11 03:23:03'),(295,128,90,'呵呵呵','2015-08-11 03:23:08'),(296,128,90,'能收到吗','2015-08-11 03:24:15'),(297,122,90,'呵呵','2015-08-12 11:10:35'),(298,127,120,'f','2015-08-21 13:41:01'),(299,133,141,'哈吖','2015-12-25 07:40:34'),(300,133,141,'吖','2015-12-25 07:40:39'),(301,117,64,'.BBC','2016-05-04 13:14:07'),(302,117,64,'.BBC','2016-05-04 13:18:10');
/*!40000 ALTER TABLE `group_message` ENABLE KEYS */;
UNLOCK TABLES;

--
-- Table structure for table `groups`
--

DROP TABLE IF EXISTS `groups`;
/*!40101 SET @saved_cs_client     = @@character_set_client */;
/*!40101 SET character_set_client = utf8 */;
CREATE TABLE `groups` (
  `groupID` int(5) NOT NULL AUTO_INCREMENT,
  `moduleID` int(5) NOT NULL,
  `adminID` int(5) NOT NULL,
  `groupName` varchar(50) NOT NULL,
  `groupDescription` varchar(500) NOT NULL,
  `type` varchar(10) NOT NULL,
  `createdDate` datetime NOT NULL,
  `one_off` varchar(5) NOT NULL,
  `active` tinyint(1) NOT NULL,
  PRIMARY KEY (`groupID`),
  KEY `moduleID` (`moduleID`),
  KEY `adminID` (`adminID`),
  CONSTRAINT `groups_ibfk_1` FOREIGN KEY (`moduleID`) REFERENCES `module` (`moduleID`),
  CONSTRAINT `groups_ibfk_2` FOREIGN KEY (`adminID`) REFERENCES `students` (`studentID`)
) ENGINE=InnoDB AUTO_INCREMENT=134 DEFAULT CHARSET=utf8;
/*!40101 SET character_set_client = @saved_cs_client */;

--
-- Dumping data for table `groups`
--

LOCK TABLES `groups` WRITE;
/*!40000 ALTER TABLE `groups` DISABLE KEYS */;
INSERT INTO `groups` VALUES (16,84,63,'Click Me! 点击这里','','public','2015-05-05 00:41:51','false',0),(17,478,63,'Another group','<p>Some rich html</p><ul><li>bullet points</li><li><strong>Bold stuff</strong></li><li><strong><em>italic bold</em></strong></li><li><em>just italic</em></li></ul><ol><li><em>numbers</em></li><li><em>oh!!</em></li></ol>','public','2015-05-05 01:08:51','false',1),(18,12,89,'It\'s my group','<p>This gorup yo</p>','public','2015-05-05 16:42:05','false',1),(19,12,63,'Penetration Group','<p>HA!</p>','public','2015-05-05 16:42:51','false',1),(20,163,89,'Here my other group','<p><br />Nosndoaishndp</p>','private','2015-05-05 16:44:23','false',1),(21,20,89,'What','<p>dasdasdas</p>','public','2015-05-05 16:44:51','false',1),(22,12,89,'Test whatever','<p>dsfsdfs</p>','public','2015-05-05 16:45:38','false',1),(23,12,63,'test','<p>kfgjlfgjfgj</p>','public','2015-05-05 16:46:32','false',1),(24,12,63,'fdhfh','<p>fdhh</p>','public','2015-05-05 17:33:21','false',0),(25,22,64,'Tristan ','<ul><li><strong>​1</strong></li><li><strong>1</strong></li><li><strong>1</strong></li><li><strong>1</strong></li></ul>','public','2015-05-06 17:04:02','false',1),(26,12,92,'another some group','<p>blarererefeefee</p>','public','2015-05-07 23:35:39','false',1),(27,12,92,'hello','<p>fbclsirbvilhsfbv f</p>','public','2015-05-07 23:35:59','false',1),(28,12,89,'PENETRATION TESTING MATE','<p>HAW HAW HAW PAL. SEX ROBOTS OF THE FUTURE KEN</p>','public','2015-05-07 23:36:04','false',0),(29,103,92,'funads','<p>uihcvsiyvbrvbr</p>','public','2015-05-07 23:36:56','false',1),(30,84,93,'third year group project','<p>fdbgsfhfgb</p>','public','2015-05-08 13:11:57','false',1),(31,12,63,'private group test','<p>Private group cause we are so cool!</p>','private','2015-05-08 22:47:12','false',1),(32,557,92,'test','<p>test for sensors</p>','public','2015-05-09 13:09:21','false',1),(33,557,92,'ryfgerrfvfd','<p>egtgetgteg</p>','public','2015-05-09 13:10:00','false',1),(34,153,94,'JavaScript Group','<p>A group for JS developers</p>','public','2015-05-09 16:11:25','false',1),(35,129,64,'android','<p>study android</p>','public','2015-05-12 13:05:22','true',1),(36,640,66,'s','<p>s</p>','public','2015-05-12 14:51:20','false',1),(37,22,64,'ssssss','<p>ffff</p>','public','2015-05-16 09:36:03','false',1),(38,22,64,'ssssss','<p>ffff</p>','public','2015-05-16 09:38:20','false',1),(39,22,64,'ssssss','<p>ffff</p>','public','2015-05-16 09:38:23','false',1),(40,22,64,'ssssss','<p>ffff</p>','public','2015-05-16 09:38:26','false',1),(41,22,64,'ssssss','\n\n<p>ffff</p>','\npublic','2015-05-16 09:38:59','false',1),(42,38,64,'SHa','<p>ss</p>','public','2015-05-17 09:53:25','false',1),(43,13,91,'','','private','2015-05-17 19:35:13','true',0),(44,13,91,'','','public','2015-05-17 19:47:34','true',0),(59,12,92,'test tags','<p>leststtgds</p>','public','2015-05-18 15:49:12','false',1),(60,12,92,'test tags','<p>leststtgds</p>','public','2015-05-18 15:49:17','false',1),(61,12,92,'test tags','<p>leststtgds</p>','public','2015-05-18 15:49:18','false',1),(62,12,92,'test tags','<p>leststtgds</p>','public','2015-05-18 15:49:18','false',1),(63,12,92,'test tags','<p>leststtgds</p>','public','2015-05-18 15:49:18','false',1),(64,12,92,'test tags','<p>leststtgds</p>','public','2015-05-18 15:49:18','false',1),(65,12,92,'test tags','<p>leststtgds</p>','public','2015-05-18 15:51:47','false',1),(66,12,92,'test group','<p>test</p>','public','2015-05-18 16:26:49','false',1),(67,12,92,'the group','<p>dfg</p>','public','2015-05-19 00:55:36','false',1),(68,12,92,'the group','<p>dfg</p>','public','2015-05-19 00:56:59','false',1),(69,13,92,'patrick','<p>kelly is the king</p>','public','2015-05-19 01:05:16','false',1),(70,12,92,'xcvbn','<p>xcvbnm</p>','public','2015-05-19 01:07:38','false',1),(71,12,92,'  v v  v ','<p>v v v v v</p>','public','2015-05-19 01:34:54','false',1),(72,12,92,'xcvb','<p>kjh</p>','public','2015-05-19 01:39:17','false',1),(73,12,92,'cfvb','<p>ffffcd</p>','public','2015-05-19 01:52:18','false',1),(74,12,92,'rfrf','<p>gbgbg</p>','public','2015-05-19 01:57:07','false',1),(75,98,64,'Johan\'s Group','<p>Join us now</p>','public','2015-05-26 02:12:37','false',1),(76,13,92,'dfghj','<p>ertyui</p>','public','2015-05-26 07:06:01','false',1),(77,12,92,'asdfghjk','<p>dfghjkl</p>','public','2015-05-26 07:08:22','false',1),(78,1,64,'haha','woca','public','2015-05-29 03:47:02',' ',0),(79,1,64,'haha','woca','public','2015-05-29 03:51:09',' ',0),(80,1,64,'haha','woca','public','2015-05-29 03:51:10',' ',0),(81,1,64,'haha','woca','public','2015-05-29 03:51:11',' ',0),(82,1,64,'haha','woca','public','2015-05-29 03:51:12',' ',0),(83,1,64,'haha','woca','public','2015-05-29 03:51:14',' ',0),(84,1,64,'haha','woca','public','2015-05-29 03:51:15',' ',0),(85,1,64,'haha','woca','public','2015-05-29 03:51:17',' ',0),(86,1,64,'haha','woca','public','2015-05-29 03:51:18',' ',0),(87,1,64,'haha','woca','public','2015-05-29 03:51:19',' ',0),(88,1,64,'haha','woca','public','2015-05-29 03:51:20',' ',0),(89,1,64,'haha','woca','public','2015-05-29 03:51:42',' ',0),(90,1,64,'haha','woca','public','2015-05-29 03:51:43',' ',0),(91,1,64,'haha','woca','public','2015-05-29 03:52:48',' ',0),(92,1,64,'haha','woca','public','2015-05-29 03:52:49',' ',0),(93,1,64,'haha','woca','public','2015-05-29 03:52:50',' ',0),(94,1,64,'haha','woca','public','2015-05-29 03:53:06',' ',0),(95,1,64,'haha','woca','public','2015-05-29 03:53:08',' ',0),(96,1,64,'haha','woca','public','2015-05-29 03:53:44',' ',0),(97,1,64,'haha','woca','public','2015-05-29 03:53:45',' ',0),(98,1,64,'haha','woca','public','2015-05-29 03:54:34',' ',0),(99,1,64,'haha','woca','public','2015-05-29 03:54:35',' ',0),(100,1,64,'haha','woca','public','2015-05-29 03:54:36',' ',0),(101,1,64,'haha','woca','public','2015-05-29 03:54:37',' ',0),(102,1,64,'haha','woca','public','2015-05-29 03:55:15',' ',0),(103,1,64,'haha','woca','public','2015-05-29 03:55:16',' ',0),(104,1,64,'haha','woca','public','2015-05-29 03:57:54',' ',0),(105,1,64,'haha','woca','public','2015-05-29 03:58:50',' ',0),(106,1,64,'haha','woca','public','2015-05-29 03:58:51',' ',0),(107,1,64,'haha','woca','public','2015-05-29 03:59:05',' ',0),(108,1,64,'haha','woca','public','2015-05-29 03:59:07',' ',0),(109,1,64,'haha','woca','public','2015-05-29 03:59:08',' ',0),(110,1,64,'haha','woca','public','2015-05-29 03:59:09',' ',0),(111,1,64,'haha','woca','public','2015-05-29 03:59:10',' ',0),(112,1,64,'haha','woca','public','2015-05-29 03:59:11',' ',0),(113,1,64,'haha','woca','public','2015-05-29 03:59:12',' ',0),(114,1,64,'haha','woca','public','2015-05-29 03:59:13',' ',0),(115,1,64,'java小组','一起来学javs吧','public','2015-08-04 23:34:40',' ',0),(116,1,64,'java小组','一起来学javs吧','public','2015-08-04 23:34:44',' ',0),(117,1,64,'java小组','一起来学javs吧','public','2015-08-04 23:34:47',' ',0),(118,1,64,'ggfw','ggfw','public','2015-08-04 23:35:24',' ',0),(119,738,76,'Group Project X','','public','2015-08-06 08:49:11','',1),(120,666,90,'学习小组','<p>我们一起<em><strong>学习</strong></em>吧</p><p>&nbsp;</p>','public','2015-08-07 06:34:39','',0),(121,666,90,'php学习5人小组','<p>呵呵</p>','private','2015-08-07 07:01:56','',1),(122,666,90,'在建一个小组','<p>你好,改一下内容</p>','private','2015-08-07 07:05:16','',0),(123,666,76,'Click Me! 点击这里','','public','2015-08-07 14:30:01','',1),(124,666,76,'lu','','public','2015-08-07 18:50:07','',0),(125,666,76,'12356','','public','2015-08-07 19:50:24','',0),(126,671,90,'Java学习小组','<ul><li>我们一起学习<em><strong>Java</strong></em>吧</li><li>大家可以一起讨论学习心得 ，共同进步</li></ul><p>&nbsp;</p>','public','2015-08-09 04:20:10','',1),(127,666,120,'wwwff','<p>111</p>','public','2015-08-11 02:09:52','',1),(128,737,120,'软件测试','<p>软件测试小组</p>','private','2015-08-11 03:20:38','',0),(129,694,90,'html学习小组','<p>学习html</p>','public','2015-08-14 11:25:53','',1),(130,666,90,'某某小组','<p>某某小组</p>','public','2015-08-14 13:22:10','',1),(131,666,90,'xx','<p>xxxx</p>','public','2015-08-14 13:49:00','',1),(132,666,120,'qqq','<p>qqq</p>','public','2015-08-16 08:05:42','',1),(133,733,141,'IGP','<p>讨论</p>','public','2015-12-25 07:40:13','',1);
/*!40000 ALTER TABLE `groups` ENABLE KEYS */;
UNLOCK TABLES;

--
-- Table structure for table `hash_codes`
--

DROP TABLE IF EXISTS `hash_codes`;
/*!40101 SET @saved_cs_client     = @@character_set_client */;
/*!40101 SET character_set_client = utf8 */;
CREATE TABLE `hash_codes` (
  `hashID` int(5) NOT NULL AUTO_INCREMENT,
  `type` varchar(10) NOT NULL,
  `code` varchar(32) NOT NULL,
  `studentID` int(5) NOT NULL,
  PRIMARY KEY (`hashID`),
  KEY `studentID` (`studentID`),
  CONSTRAINT `hash_codes_ibfk_1` FOREIGN KEY (`studentID`) REFERENCES `students` (`studentID`) ON DELETE CASCADE
) ENGINE=InnoDB AUTO_INCREMENT=148 DEFAULT CHARSET=utf8;
/*!40101 SET character_set_client = @saved_cs_client */;

--
-- Dumping data for table `hash_codes`
--

LOCK TABLES `hash_codes` WRITE;
/*!40000 ALTER TABLE `hash_codes` DISABLE KEYS */;
INSERT INTO `hash_codes` VALUES (13,'activation','8934a210cc20c90081df0e4a5c4758df',49),(21,'activation','f52c8e99f9472cd416c0bb62a6e83112',69),(23,'activation','edf0ef23b92f452c068f3c2946ce8fab',71),(63,'activation','860dc29794fc2bcef31e550e2de9d4ef',96),(64,'activation','68865411abcd0c92f595c7005916b75b',97),(65,'activation','e1a4c83022c7fb77a395124a178b9546',98),(68,'activation','1a3c5b1722ef9b994a10bb7ca9e521f1',114),(69,'activation','1b4d20140614fdb67760f1332805fece',115),(76,'activation','f8a359c080f4f9f2a29bd380f87e66f2',118),(79,'activation','3dc1d1e45fa1f69fe528005a01bc164b',120),(80,'activation','1656626d89801c6f80e26051feae416d',122),(81,'activation','f06a34ceddc1f426189949cc0890064b',123),(82,'activation','ceabdd788bc3b58b3433b39cb16401c7',124),(85,'password','d852dfc2dcc9917655bed984a88c1845',119),(86,'password','e325fbbbe77fd58d15e2fa0e2c9d87fd',119),(87,'password','60edf313d5b6ed7f6b96581772e601f7',119),(88,'password','f690bb6685fbf5e0adabf8b79422e16c',119),(89,'password','1553d8669ca9334b251c6fed87d1b41f',119),(90,'password','d992e73b4a46a0ac9ff7956929ac969c',119),(117,'activation','d1d0b8bac50b5d773a6ec18894953a19',131),(144,'activation','62585bbe0ab763b557dd7fbed851aa1f',138),(145,'activation','a37307f1735fc84e4fd1212ba761b5b0',139),(146,'activation','0676ce6d36eb07569fb1a1afc2b64585',140),(147,'activation','19413390d4126c5b73c9d89920dab9ae',141);
/*!40000 ALTER TABLE `hash_codes` ENABLE KEYS */;
UNLOCK TABLES;

--
-- Table structure for table `meeting_attending`
--

DROP TABLE IF EXISTS `meeting_attending`;
/*!40101 SET @saved_cs_client     = @@character_set_client */;
/*!40101 SET character_set_client = utf8 */;
CREATE TABLE `meeting_attending` (
  `meetingID` int(6) NOT NULL,
  `studentID` int(5) NOT NULL,
  `attended` tinyint(1) NOT NULL,
  PRIMARY KEY (`meetingID`,`studentID`),
  KEY `studentID` (`studentID`),
  KEY `meetingID` (`meetingID`),
  CONSTRAINT `meeting_attending_ibfk_1` FOREIGN KEY (`meetingID`) REFERENCES `meetings` (`meetingID`),
  CONSTRAINT `meeting_attending_ibfk_2` FOREIGN KEY (`studentID`) REFERENCES `students` (`studentID`)
) ENGINE=InnoDB DEFAULT CHARSET=latin1;
/*!40101 SET character_set_client = @saved_cs_client */;

--
-- Dumping data for table `meeting_attending`
--

LOCK TABLES `meeting_attending` WRITE;
/*!40000 ALTER TABLE `meeting_attending` DISABLE KEYS */;
INSERT INTO `meeting_attending` VALUES (5,63,0),(11,63,0),(13,63,0),(16,63,0),(16,89,0),(16,92,0),(16,94,0),(17,63,0),(17,92,0),(17,94,0),(31,63,0),(31,89,0),(31,92,0),(32,89,0),(57,90,0),(58,76,0),(59,90,0),(61,90,0);
/*!40000 ALTER TABLE `meeting_attending` ENABLE KEYS */;
UNLOCK TABLES;

--
-- Table structure for table `meetings`
--

DROP TABLE IF EXISTS `meetings`;
/*!40101 SET @saved_cs_client     = @@character_set_client */;
/*!40101 SET character_set_client = utf8 */;
CREATE TABLE `meetings` (
  `meetingID` int(5) NOT NULL AUTO_INCREMENT,
  `meetingName` varchar(50) CHARACTER SET utf8 NOT NULL,
  `agenda` varchar(500) CHARACTER SET utf8 NOT NULL,
  `groupID` int(5) NOT NULL,
  `facilitatorID` int(5) NOT NULL,
  `time` datetime NOT NULL,
  `duration` int(3) NOT NULL,
  PRIMARY KEY (`meetingID`),
  KEY `groupID` (`groupID`),
  KEY `facilitatorID` (`facilitatorID`),
  CONSTRAINT `meetings_ibfk_3` FOREIGN KEY (`facilitatorID`) REFERENCES `students` (`studentID`),
  CONSTRAINT `meetings_ibfk_4` FOREIGN KEY (`groupID`) REFERENCES `groups` (`groupID`) ON DELETE CASCADE
) ENGINE=InnoDB AUTO_INCREMENT=64 DEFAULT CHARSET=latin1;
/*!40101 SET character_set_client = @saved_cs_client */;

--
-- Dumping data for table `meetings`
--

LOCK TABLES `meetings` WRITE;
/*!40000 ALTER TABLE `meetings` DISABLE KEYS */;
INSERT INTO `meetings` VALUES (5,'','',16,1,'2015-05-11 20:30:00',90),(6,'','',16,63,'2015-05-12 15:00:00',30),(7,'','',16,63,'2015-05-12 15:00:00',30),(8,'Meeting','qwert',16,63,'2015-01-05 00:00:00',120),(9,'Meeting','qwerty',16,63,'2015-05-08 01:00:00',90),(10,'Meeting','qwerty',16,63,'2015-05-08 02:30:00',30),(11,'We go to china!','this is a agenda',16,63,'2015-05-09 10:30:00',150),(12,'Meeting','dgsfdgsfdg',16,63,'2015-05-30 01:00:00',120),(13,'The big test ','the big test with silly f dates',16,63,'2015-07-23 02:00:00',450),(14,'ldff','ffghfjhfhgfjghfh',16,63,'2015-05-21 01:00:00',120),(15,'Meeting','ghjhjgg',16,63,'2015-05-22 00:30:00',120),(16,'Meeting',':D',31,63,'2015-05-23 09:30:00',90),(17,'Meeting','no room',31,63,'2015-05-14 01:00:00',90),(18,'Meeting','This a test meeting :) We will be on a plane to CHINA!',23,63,'2015-05-21 08:00:00',1380),(19,'Meeting','fgdbgf',16,63,'2015-05-16 03:30:00',30),(20,'Meeting','fgbfbfgb',16,63,'2015-05-17 18:00:00',60),(21,'Meeting','rteggb',16,63,'2015-05-17 19:00:00',90),(22,'Meeting','test again',16,63,'2015-05-12 12:00:00',60),(23,'Meeting','hello',16,63,'2015-05-19 01:00:00',150),(28,'test agan 4444444444444','eefef',16,63,'2015-05-26 02:00:00',600),(29,'test :P','sfsg',16,63,'2015-05-26 10:00:00',150),(30,'meeting 123','dggfdgsfdg',16,63,'2015-05-26 01:00:00',120),(31,'Meeting','work tomorrow guys',31,63,'2015-05-26 08:00:00',150),(32,'Meeting','fff',31,63,'2015-05-26 11:00:00',120),(33,'Meeting','xxdvdv',31,63,'2015-05-26 00:30:00',120),(34,'El Meetio','El Agendo',31,63,'2015-05-26 16:00:00',60),(35,'Meeting','dfdfsdf',31,63,'2015-05-01 02:00:00',60),(36,'Meeting','dfdfsdf',31,63,'2015-05-01 02:00:00',60),(37,'Meeting','dfdfsdf',31,63,'2015-05-01 02:00:00',60),(38,'ellow ','hey agendsa',34,94,'2015-05-26 02:00:00',180),(39,'Meeting 2','here is another meeting',34,94,'2015-05-31 15:00:00',120),(40,'Meeting 2','here is another meeting',34,94,'2015-05-31 15:00:00',120),(41,'Meeting10','agnda',25,64,'2015-05-26 09:00:00',120),(42,'Meeting10','agnda',25,64,'2015-05-26 09:00:00',120),(43,'Meeting10','agnda',25,64,'2015-05-26 09:00:00',120),(44,'Meeting10','agnda',25,64,'2015-05-26 09:00:00',120),(45,'Meetinget','wetwet',34,94,'2015-05-19 01:00:00',150),(46,'guten tag','bababa',34,94,'2015-05-22 01:30:00',60),(47,'Hello Calum','Agenda goes here',34,94,'2015-05-31 02:00:00',60),(48,'fffef','refe',34,94,'2015-06-26 02:00:00',60),(49,'111','333',74,110,'2015-06-21 16:15:04',130),(50,'111','333',74,110,'2015-06-21 16:15:04',130),(51,'111','333',74,110,'2015-06-21 16:15:04',130),(52,'111','333',74,110,'2015-06-21 16:15:04',130),(53,'111','333',74,110,'2015-06-21 16:15:04',130),(54,'111','333',74,110,'2015-06-21 16:15:04',130),(55,'111','333',74,110,'2015-06-21 16:15:04',130),(56,'111','333',74,110,'2015-06-21 16:15:04',130),(57,'会元','大学生',120,90,'2015-08-08 01:00:00',60),(58,'Conference','conference contect',119,76,'2015-08-27 01:30:00',150),(59,'php','php',121,90,'2015-08-09 23:00:00',30),(60,'好好学习','好好学习',121,90,'2015-08-10 12:30:00',60),(61,'添加个会议吧','添加个会议吧',121,90,'2015-08-12 00:00:00',60),(62,'fffffffffffff','fffffffffffffffffff',127,120,'2015-08-11 17:30:00',60),(63,'f','f',127,120,'2015-08-11 11:30:00',60);
/*!40000 ALTER TABLE `meetings` ENABLE KEYS */;
UNLOCK TABLES;

--
-- Table structure for table `module`
--

DROP TABLE IF EXISTS `module`;
/*!40101 SET @saved_cs_client     = @@character_set_client */;
/*!40101 SET character_set_client = utf8 */;
CREATE TABLE `module` (
  `moduleID` int(5) NOT NULL AUTO_INCREMENT,
  `universityID` int(4) NOT NULL,
  `module_code` varchar(50) NOT NULL,
  `module_name` varchar(100) NOT NULL,
  `school` varchar(100) NOT NULL,
  `schoolID` int(5) NOT NULL,
  PRIMARY KEY (`moduleID`),
  KEY `universityID` (`universityID`),
  KEY `schoolID` (`schoolID`),
  CONSTRAINT `module_ibfk_1` FOREIGN KEY (`universityID`) REFERENCES `university` (`universityID`),
  CONSTRAINT `module_ibfk_2` FOREIGN KEY (`schoolID`) REFERENCES `school` (`schoolID`)
) ENGINE=InnoDB AUTO_INCREMENT=739 DEFAULT CHARSET=utf8;
/*!40101 SET character_set_client = @saved_cs_client */;

--
-- Dumping data for table `module`
--

LOCK TABLES `module` WRITE;
/*!40000 ALTER TABLE `module` DISABLE KEYS */;
INSERT INTO `module` VALUES (1,1,'PSY10102','Educational Psychology','Life, Sport & Social Sciences',5),(2,1,'LMD07112','Film Narrative 2','Arts & Creative Industries',2),(3,1,'FIN10107','Regulatory Risk Management','Accounting, Financial Services & Law',1),(4,1,'CTR07100','CTR07100','Engineering & Built Environment',4),(5,1,'NMS08100','Ethical legal and professional issues in healthcare - Generic','Nursing, Midwifery & Social Care',8),(6,1,'MID07110','Fundamentals of Labour and Birth','Nursing, Midwifery & Social Care',8),(7,1,'DES09128','Design for Public Spaces','Arts & Creative Industries',2),(8,1,'BSV08103','BSV08103','Engineering & Built Environment',4),(9,1,'TSM09117','Management of MICE Events','Marketing, Tourism & Languages',7),(10,1,'LNG08109','German 4','Marketing, Tourism & Languages',7),(11,1,'MUS08122','Popular Music Ensemble Performance 2','Arts & Creative Industries',2),(12,1,'CSN11127','Computer Penetration Testing','Computing',3),(13,1,'CSN08104','Applied Cisco Networking (Security/Wireless)','Computing',3),(14,1,'MID11102','Preparation and Practice of Supervisors of Midwives (Theory','Nursing, Midwifery & Social Care',8),(15,1,'MEC11502','Design Analysis','Engineering & Built Environment',4),(16,1,'MKT10103','Marketing Management in Practice','Marketing, Tourism & Languages',7),(17,1,'TSM07106','The Global Tourism Industry','Marketing, Tourism & Languages',7),(18,1,'BSV09114','BSV09114','Engineering & Built Environment',4),(19,1,'ACC08107','Reporting Corporate Performance','Accounting, Financial Services & Law',1),(20,1,'SET11116','Software Engineering Teamwork','Computing',3),(21,1,'LNG07103','Spanish 1','Marketing, Tourism & Languages',7),(22,1,'SOE09105','Strategic Appraisal - WBL Students','Management',6),(23,1,'CTR11102/11502','Structural Dynamics and Earthquake Design','Engineering & Built Environment',4),(24,1,'CPT10102','Promoting Mental Health; Complementary,  Alternative & Conventional Approaches','Life, Sport & Social Sciences',5),(25,1,'SET10106','Distributed Services & Applications','Computing',3),(26,1,'MKT11105','Direct & Digital Marketing','Marketing, Tourism & Languages',7),(27,1,'ELE09113','Signal Processing','Engineering & Built Environment',4),(28,1,'PSY08101','Cognitive Psychology 1','Life, Sport & Social Sciences',5),(29,1,'MID08112','Midwifery Praictice 3','Nursing, Midwifery & Social Care',8),(30,1,'CLP10100','The Gothic Tradition','Arts & Creative Industries',2),(31,1,'BSV08100','Building Engineering 2','Engineering & Built Environment',4),(32,1,'DES08104','Graphic Design Studio 2','Arts & Creative Industries',2),(33,1,'BSV11121','Health and Safety Law','Engineering & Built Environment',4),(34,1,'LNG11105','Advertising as Cultural Discourse','Marketing, Tourism & Languages',7),(35,1,'MEC10115','MEC10115','Engineering & Built Environment',4),(36,1,'MKT09107','Retail Marketing','Marketing, Tourism & Languages',7),(37,1,'MEC08104','Design & Development','Engineering & Built Environment',4),(38,1,'HRM11119','Leadership Strategy & Innovation','Management',6),(39,1,'ADN07107','Approaches to health in adulthood','Nursing, Midwifery & Social Care',8),(40,1,'SOC10101/SOC10102','Honours Project','Computing',3),(41,1,'LAW10107','Contemporary Issues in Criminal Law','Accounting, Financial Services & Law',1),(42,1,'PSY07100','Individual Differences 1','Life, Sport & Social Sciences',5),(43,1,'BSV10109','Valuation 3','Engineering & Built Environment',4),(44,1,'ENT09101','Starting a New Business','Management',6),(45,1,'MKT07101','Marketing 1','Marketing, Tourism & Languages',7),(46,1,'CSN08111','Digital Forensics','Computing',3),(47,1,'BSV08106','BSV08106','Engineering & Built Environment',4),(48,1,'MUS07121','Principal Study 1.2','Arts & Creative Industries',2),(49,1,'MHN09110','Embedding recovery and self management','Nursing, Midwifery & Social Care',8),(50,1,'LMD08123','Sequences and Seriality','Arts & Creative Industries',2),(51,1,'SOC11108','Project and Programme Management: Work Based Learning - Please go to room D40,  Merchiston','Computing',3),(52,1,'SES09107','Performance & Practice in SES','Life, Sport & Social Sciences',5),(53,1,'LNG09120','Preparation for Study Abroad','Marketing, Tourism & Languages',7),(54,1,'LMD10102','Professional Development','Arts & Creative Industries',2),(55,1,'ADN09128','Complexities of Adult Nursing','Nursing, Midwifery & Social Care',8),(56,1,'CLP10101','Cities Real and Imagined','Arts & Creative Industries',2),(57,1,'ADN08111','Nursing Practice Experience 3 (Adult Field) Surgical Acute	','Nursing, Midwifery & Social Care',8),(58,1,'MEC11117','Research Skills & Project Management','Engineering & Built Environment',4),(59,1,'JAC11122','Production Dissertation','Arts & Creative Industries',2),(60,1,'ENV08105','Valuing the Earth','Life, Sport & Social Sciences',5),(61,1,'BSV11109','Property Asset Management','Engineering & Built Environment',4),(62,1,'IMD09129','3D Character Animation','Computing',3),(63,1,'FIN08104','Personal Investment and Portfolio Planning','Accounting, Financial Services & Law',1),(64,1,'MKT07102','Consumer Behaviour','Marketing, Tourism & Languages',7),(65,1,'CTR09130','Geotechnics 2 in Practice','Engineering & Built Environment',4),(66,1,'BMS07100','Molecules & Cells - Tutorial Grp B','Life, Sport & Social Sciences',5),(67,1,'IMD07106','Producing Digital','Computing',3),(68,1,'DES07122','Foundation Interior and Spatial Design 2','Arts & Creative Industries',2),(69,1,'LAW07111','Constitutional and Administrative Law','Accounting, Financial Services & Law',1),(70,1,'CTR11103/11503','Traffic Management','Engineering & Built Environment',4),(71,1,'SOE10103','Business Strategy and Sustainability','Management',6),(72,1,'CLP08110','Creative Writing 1','Arts & Creative Industries',2),(73,1,'ACC11104','Contemporary Issues in Financial Reporting','Accounting, Financial Services & Law',1),(74,1,'SET11105','Programming for the Web','Computing',3),(75,1,'JAC11131','Journalism,  Information and Society','Arts & Creative Industries',2),(76,1,'CLP11103','Publishing Placement & Professional Development','Arts & Creative Industries',2),(77,1,'MKT08101','Marketing Communication Tools','Marketing, Tourism & Languages',7),(78,1,'LAW11101','Employment Law','Accounting, Financial Services & Law',1),(79,1,'DES09100','DES09100 WK 1 Intro Lecture','Arts & Creative Industries',2),(80,1,'MID08113','Complex Care in Childbearing','Nursing, Midwifery & Social Care',8),(81,1,'BSV11104','Procurement Strategy','Engineering & Built Environment',4),(82,1,'LNG10118','Spanish 8b','Marketing, Tourism & Languages',7),(83,1,'NMS09134/NMS11160','Clinical Research - Practice','Nursing, Midwifery & Social Care',8),(84,1,'SOC09109','Third Year Group Project/Third Year Group Project (IS)','Computing',3),(85,1,'LNG07101','French 1','Marketing, Tourism & Languages',7),(86,1,'ACC10108','International Accounting','Accounting, Financial Services & Law',1),(87,1,'DES08121','Design for Commercial Spaces','Arts & Creative Industries',2),(88,1,'LNG11108','Teaching English as a Foreign Language','Marketing, Tourism & Languages',7),(89,1,'CSN11107','Routing Technology','Computing',3),(90,1,'MIC11107','Research Skills Molecular Analysis','Life, Sport & Social Sciences',5),(91,1,'NMS11162','Leadership and Finance for Effective Service Delivery','Nursing, Midwifery & Social Care',8),(92,1,'LAW07105','Legal System and Skills','Accounting, Financial Services & Law',1),(93,1,'CTR09114','CTR09114','Engineering & Built Environment',4),(94,1,'VET08100','Aplication of Small AnimalNursing Care','Nursing, Midwifery & Social Care',8),(95,1,'LAW08118','Property Law','Accounting, Financial Services & Law',1),(96,1,'CTR10112','CTR10112/10113','Engineering & Built Environment',4),(97,1,'BSV11112','Facilities Management 1','Engineering & Built Environment',4),(98,1,'SOE08103','World Economy','Management',6),(99,1,'JAC11106','Dissertation','Arts & Creative Industries',2),(100,1,'BSV11108','Property Investment Analysis','Engineering & Built Environment',4),(101,1,'ADN08109','A Holistic approach to long term conditions','Nursing, Midwifery & Social Care',8),(102,1,'ELE09108','Individual Project','Engineering & Built Environment',4),(103,1,'SET09109','Fundamentals of Parallel Systems','Computing',3),(104,1,'ENT09103','Entrepreneurial Consultancy Project','Management',6),(105,1,'NMS09138','Advancing Practice through Research','Nursing, Midwifery & Social Care',8),(106,1,'DES09124','Prototyping Interactive Experiences','Arts & Creative Industries',2),(107,1,'MEC07106','Mechanical Principles','Engineering & Built Environment',4),(108,1,'TSM07103','The Business of Festivals & Events','Marketing, Tourism & Languages',7),(109,1,'ENV11108','Field & Laboratory Skills','Life, Sport & Social Sciences',5),(110,1,'ADN09129','Nursing Practice Experience 5 (Adult Field) Community','Nursing, Midwifery & Social Care',8),(111,1,'HSS07102','The Community Context of Youth Work','Life, Sport & Social Sciences',5),(112,1,'HRB07103','Plant Science','Life, Sport & Social Sciences',5),(113,1,'BSV10110','Architectural Technology 4','Engineering & Built Environment',4),(114,1,'BSV09118','Planning and Development 3','Engineering & Built Environment',4),(115,1,'HRM11117','Management & Organisational Change','Management',6),(116,1,'JACInt Jour Res wk','JACInt Jour Res week L1','Arts & Creative Industries',2),(117,1,'SCA11128','Project Preparation','Arts & Creative Industries',2),(118,1,'FIN08103','Planning Personal Finance','Accounting, Financial Services & Law',1),(119,1,'ACC09114','Public Finance and Taxation Studies','Accounting, Financial Services & Law',1),(120,1,'MEC11104/11504','Mechanical Computer Aided Engineering','Engineering & Built Environment',4),(121,1,'CLP11114','Magazine Publishing','Arts & Creative Industries',2),(122,1,'CTR08102','CTR08102','Engineering & Built Environment',4),(123,1,'SES09104','Growth Maturation & Exercise','Life, Sport & Social Sciences',5),(124,1,'PSY09114','Brain & Cognition','Life, Sport & Social Sciences',5),(125,1,'NUR09116','Achieving Professionalism','Nursing, Midwifery & Social Care',8),(126,1,'ELE11113','Distributed Generation Systems','Engineering & Built Environment',4),(127,1,'MHN07103','Mental Health: Everyone\'s Buisness','Nursing, Midwifery & Social Care',8),(128,1,'SES11104','Contemporary Issues in SES','Life, Sport & Social Sciences',5),(129,1,'HRM11106','Learning & Development - Full Time','Management',6),(130,1,'NMS09100','Principles of Research & Evidence Based Practice','Nursing, Midwifery & Social Care',8),(131,1,'LMD07114','Film History - extended booking for certain weeks','Arts & Creative Industries',2),(132,1,'MKT09106','Direct & Digital Marketing','Marketing, Tourism & Languages',7),(133,1,'MUS10104','Music Analysis','Arts & Creative Industries',2),(134,1,'ELE10105/11104','Programmable Logic Design','Engineering & Built Environment',4),(135,1,'MEC11504','Mechanical Computer Aided Engineering','Engineering & Built Environment',4),(136,1,'SSC07102','Understanding Social Change','Life, Sport & Social Sciences',5),(137,1,'LNG11119','Managing Cultural Diversity in the Workplace','Marketing, Tourism & Languages',7),(138,1,'LAW10110','International Trade Law','Accounting, Financial Services & Law',1),(139,1,'PSY07101','Social Psychology 1 Lecture','Life, Sport & Social Sciences',5),(140,1,'HRM09104.FL','Managing the Employment Relationship (FL)','Management',6),(141,1,'ACC11106','Strategic Financial Management','Accounting, Financial Services & Law',1),(142,1,'SET07106','Mathematics for Software Engineering','Computing',3),(143,1,'SET07105','Introduction to programming in C++','Computing',3),(144,1,'LMD09139','TV Studio Presentation','Arts & Creative Industries',2),(145,1,'LAW09115','Intellectual Property','Accounting, Financial Services & Law',1),(146,1,'CLP11111','Writing Genre Fiction','Arts & Creative Industries',2),(147,1,'NMS00000','Supplementary Prescribing to Independent Prescribing Conversion Course for Physiotherapists and Podi','Nursing, Midwifery & Social Care',8),(148,1,'BSV09109','BSV09109','Engineering & Built Environment',4),(149,1,'LMD07115','Histories 1: Photography','Arts & Creative Industries',2),(150,1,'DES09120','Design & Digital Arts Studio 2','Arts & Creative Industries',2),(151,1,'CPT10103','Ethnomedicine','Life, Sport & Social Sciences',5),(152,1,'ACC09109','Auditing','Accounting, Financial Services & Law',1),(153,1,'SET08101','Web Technologies','Computing',3),(154,1,'BSV07107','Introduction to Contemporary Architecture','Engineering & Built Environment',4),(155,1,'CHN09114','Diverse Settings','Nursing, Midwifery & Social Care',8),(156,1,'VET08101','Veterinary Theatre Nursing and Anasthesia','Nursing, Midwifery & Social Care',8),(157,1,'MIC09103','Food Microbiology & Biotechnology - Practical','Life, Sport & Social Sciences',5),(158,1,'HRM10103','Contemporary Issues in HRM','Management',6),(159,1,'MUS09119','Performance Studies Composition 5','Arts & Creative Industries',2),(160,1,'JAC08110','Broadcast Journalism 1','Arts & Creative Industries',2),(161,1,'SOE11105','Contemporary Issues in Strategic Management','Management',6),(162,1,'FIN11108','Global Finance','Accounting, Financial Services & Law',1),(163,1,'INF10101','Information - Society and Security','Computing',3),(164,1,'DES10111','Design Professional Practice','Arts & Creative Industries',2),(165,1,'MUS08126','Music in the Community 2','Arts & Creative Industries',2),(166,1,'LMD08115','Film Genre','Arts & Creative Industries',2),(167,1,'MUS-AMS.Comp','Applied Music Skills - Keyboard','Arts & Creative Industries',2),(168,1,'SET10107','Computational Intelligence','Computing',3),(169,1,'SSC09112','History of Crime,  Correction & Reform','Life, Sport & Social Sciences',5),(170,1,'MID07111','Midwifery Care of Newborn and Family','Nursing, Midwifery & Social Care',8),(171,1,'BSV11120','Dissertation','Engineering & Built Environment',4),(172,1,'CTR07103','Principles of Civil Engineering','Engineering & Built Environment',4),(173,1,'MEC11506','Group Design Project','Engineering & Built Environment',4),(174,1,'MEC11101/11501','Control Engineering','Engineering & Built Environment',4),(175,1,'MUS10109','Advanced Musical Performance - Instrument','Arts & Creative Industries',2),(176,1,'BSV10108','Building Economics 4','Engineering & Built Environment',4),(177,1,'LAW09123','Laws of Succession and Trusts','Accounting, Financial Services & Law',1),(178,1,'CLP08117','American Outlaws:  Modern American Writing','Arts & Creative Industries',2),(179,1,'CSN08113','Physical Computing','Computing',3),(180,1,'CTR08106','Geotechnics 1 and Engineering Geology','Engineering & Built Environment',4),(181,1,'INF09104','ICT-Enabled Organisations','Computing',3),(182,1,'SSC09102','Social and Cultural Landscapes','Life, Sport & Social Sciences',5),(183,1,'LNG07104','Italian 1','Marketing, Tourism & Languages',7),(184,1,'NMS11167','Advanced Positive Behavioural Support','Nursing, Midwifery & Social Care',8),(185,1,'ADN09126','Adult Nursing Practice 7b: Community','Nursing, Midwifery & Social Care',8),(186,1,'ELE08103','Intermediate Mathematics A','Engineering & Built Environment',4),(187,1,'LAW10111','Law and the Media','Accounting, Financial Services & Law',1),(188,1,'BSV07101','Architectural Technology 1','Engineering & Built Environment',4),(189,1,'ELE08104','Further Intermediate Mathematics','Engineering & Built Environment',4),(190,1,'LAW07112','Family Law','Accounting, Financial Services & Law',1),(191,1,'SSC09110','Researching the Social Sciences','Life, Sport & Social Sciences',5),(192,1,'TSM08106','Visitor Attraction Management','Marketing, Tourism & Languages',7),(193,1,'BSV11118','Timber Form and Construction','Engineering & Built Environment',4),(194,1,'TSM11110','International Festival and Event Management','Marketing, Tourism & Languages',7),(195,1,'LMD10103','Final Year Project','Arts & Creative Industries',2),(196,1,'JAC10110','Linguistics','Arts & Creative Industries',2),(197,1,'SOE11131','Research Methods Lecture - Management,  Accounting,  Financial Services & Law','Management',6),(198,1,'NUR09115','Elective Nursing Practice','Nursing, Midwifery & Social Care',8),(199,1,'Law Networking Event','ENBS - Law Networking Event','Accounting, Financial Services & Law',1),(200,1,'LNG07102','German 1','Marketing, Tourism & Languages',7),(201,1,'CSN07101','Computer Systems 1','Computing',3),(202,1,'MHN08110','Nursing Practice 3','Nursing, Midwifery & Social Care',8),(203,1,'CTR11509/BSV11105','Project Risk Management','Engineering & Built Environment',4),(204,1,'MUS08106','Keyboard Skills & Improvisation 1','Arts & Creative Industries',2),(205,1,'MEC09118','Management for Engineers 2','Engineering & Built Environment',4),(206,1,'LNG10117','German 8b','Marketing, Tourism & Languages',7),(207,1,'MUS09103','Language and Structures of Music 3.2: Lecture','Arts & Creative Industries',2),(208,1,'LAW09125','Corporate Governance','Accounting, Financial Services & Law',1),(209,1,'MIC09102','Environmental Microbiology - Tutorial','Life, Sport & Social Sciences',5),(210,1,'MUS10107','Jazz Improvisation 3','Arts & Creative Industries',2),(211,1,'CLP07104','19th Century Literature & Culture 1','Arts & Creative Industries',2),(212,1,'CLP08116','Performance Workshop 1 (Shakespeare)','Arts & Creative Industries',2),(213,1,'TSM10105','Business Tourism','Marketing, Tourism & Languages',7),(214,1,'MUS10106','Instrumental/Vocal Teaching 2','Arts & Creative Industries',2),(215,1,'JAC07109','Social Media','Arts & Creative Industries',2),(216,1,'LNG08120','Exploring Culture','Marketing, Tourism & Languages',7),(217,1,'LDN07105','The wider experience of nursing in diverse settings','Nursing, Midwifery & Social Care',8),(218,1,'MID09118','Midwifery Practice 6','Nursing, Midwifery & Social Care',8),(219,1,'DES10013','Major Project','Arts & Creative Industries',2),(220,1,'IMD08114','Playful Interaction','Computing',3),(221,1,'SSC08103','Sociological Theory','Life, Sport & Social Sciences',5),(222,1,'NMS09154/NMS11168','Allied Health Professionals (AHP) supplementary - independent prescribing Conver','Nursing, Midwifery & Social Care',8),(223,1,'LMD10109','Media Professional Development','Arts & Creative Industries',2),(224,1,'MUS10105','Major Music Project','Arts & Creative Industries',2),(225,1,'ACC09110','Contemporary Corporate Finance','Accounting, Financial Services & Law',1),(226,1,'DES09130','Design for Exhibition & Display','Arts & Creative Industries',2),(227,1,'TSM10101','International Hospitality','Marketing, Tourism & Languages',7),(228,1,'CLP08111','Shakespeare and the Renaissance','Arts & Creative Industries',2),(229,1,'MUS09120','The Business of Music 2','Arts & Creative Industries',2),(230,1,'HRM07101','Behavioural Studies','Management',6),(231,1,'DES11128','Creative Research Portfolio','Arts & Creative Industries',2),(232,1,'NMS09141','Promoting Inclusion: Enabling Access to Health Care for Children,  Adults and Older People with Lear','Nursing, Midwifery & Social Care',8),(233,1,'ADN09113','High Dependency Nursing: Theory','Nursing, Midwifery & Social Care',8),(234,1,'ADN08112','Nursing Practice Experience 4 (Adult Field) Medicine Elderly	','Nursing, Midwifery & Social Care',8),(235,1,'CTR08102/BSV11117','Timber Materials Applications','Engineering & Built Environment',4),(236,1,'LAW09117','Human Rights','Accounting, Financial Services & Law',1),(237,1,'LAW09112','Taxation Law','Accounting, Financial Services & Law',1),(238,1,'MID09117','Midwifery Care in Challenging Circumstances','Nursing, Midwifery & Social Care',8),(239,1,'MEC09130','Engineering Design','Engineering & Built Environment',4),(240,1,'ENV11110','Evolution & Taxonomy - Lecture','Life, Sport & Social Sciences',5),(241,1,'BSV10105','BSV10105','Engineering & Built Environment',4),(242,1,'MUS07114','Performance Studies Composition 2','Arts & Creative Industries',2),(243,1,'BSV10112','Architectural Practice and Management','Engineering & Built Environment',4),(244,1,'FIN09104','Corporate Risk Management','Accounting, Financial Services & Law',1),(245,1,'SES08106','Intro to Exercise Physiology - Practical/Tutorial','Life, Sport & Social Sciences',5),(246,1,'BSV11124','Waste Management','Engineering & Built Environment',4),(247,1,'SET11109','Enterprise Computing','Computing',3),(248,1,'LDN09108','Professional Practice in Community Teams','Nursing, Midwifery & Social Care',8),(249,1,'INF11103','Management of Software Projects','Computing',3),(250,1,'CLP09119','Leadership in the Creative Industries','Arts & Creative Industries',2),(251,1,'ACC07103','Accounting Information Systems','Accounting, Financial Services & Law',1),(252,1,'CLP10113','Advanced Performance (Stage/Screen) & Festival Production','Arts & Creative Industries',2),(253,1,'ENV08100','Animal Behaviour - Lecture','Life, Sport & Social Sciences',5),(254,1,'CSN09104','Wireless Local Area Networks','Computing',3),(255,1,'LNG07106','French 2','Marketing, Tourism & Languages',7),(256,1,'CTR10128','Railway Planning and Operations','Engineering & Built Environment',4),(257,1,'JAC11127','Digital Creative','Arts & Creative Industries',2),(258,1,'SCA11123','Critical Film Studies - Lecture','Arts & Creative Industries',2),(259,1,'MEC11101','Control Engineering','Engineering & Built Environment',4),(260,1,'VET09101','Animals in Society','Nursing, Midwifery & Social Care',8),(261,1,'MEC11501','Control Engineering','Engineering & Built Environment',4),(262,1,'FIN11127','Strategic Management in Global Banking','Accounting, Financial Services & Law',1),(263,1,'PSY10105','Psychology of Lifespan Development','Life, Sport & Social Sciences',5),(264,1,'INF09107','Web Enabled Business','Computing',3),(265,1,'LAW07110','Obligations 1','Accounting, Financial Services & Law',1),(266,1,'ENT08101','Creativity,  Innovation & Enterprise','Management',6),(267,1,'SSC07105','The psycho-social perspectives of science: Health, Illness and the Body','Life, Sport & Social Sciences',5),(268,1,'MUS08130','Prinicpal Study 2.2 - Piano','Arts & Creative Industries',2),(269,1,'JAC08105','Sub-Editing and Design','Arts & Creative Industries',2),(270,1,'BSV11134','Building Performance 3','Engineering & Built Environment',4),(271,1,'LNG08122','English for Professional Purposes 4','Marketing, Tourism & Languages',7),(272,1,'LAW10103','Current Issues in Business Law','Accounting, Financial Services & Law',1),(273,1,'MUS10108','Music Psychology','Arts & Creative Industries',2),(274,1,'DES08100','Design and Business','Arts & Creative Industries',2),(275,1,'ENV09105','Environmental Toxicology - Lecture','Life, Sport & Social Sciences',5),(276,1,'CLP11102','Publishing in Practice:  Creation to Consumer','Arts & Creative Industries',2),(277,1,'SOE11127','Professional Selling & Sales Strategies','Management',6),(278,1,'CSN10102','Advanced Security and Digital Forensics','Computing',3),(279,1,'BSV09106','Surveying 4','Engineering & Built Environment',4),(280,1,'SET08114','Mobile Applications Development','Computing',3),(281,1,'BMS09102','Forensic Analysis - Lecture','Life, Sport & Social Sciences',5),(282,1,'CTR09118','CTR09118','Engineering & Built Environment',4),(283,1,'DES08124','Computer Aided Design (Visualisation)','Arts & Creative Industries',2),(284,1,'DES08116','Introduction to Storyboarding','Arts & Creative Industries',2),(285,1,'BSV11119','Analysis of Timber Design 2','Engineering & Built Environment',4),(286,1,'INF11108','Enterprise Information Systems with SAP','Computing',3),(287,1,'JAC08112','Public Affairs for Journalists','Arts & Creative Industries',2),(288,1,'JAC09.TBC','Documentary Practice','Arts & Creative Industries',2),(289,1,'ELEE+','Engineering Plus','Engineering & Built Environment',4),(290,1,'MEC11102','Design Analysis','Engineering & Built Environment',4),(291,1,'MEC10114','Building Services Engineering B','Engineering & Built Environment',4),(292,1,'LAW08101','Business Law for Managers','Accounting, Financial Services & Law',1),(293,1,'DES08111','Product Design Studio 2','Arts & Creative Industries',2),(294,1,'PSY09105','Health Psychology','Life, Sport & Social Sciences',5),(295,1,'CLP11114/CLP11102','Magazine Publishing/Publishing in Practice 2','Arts & Creative Industries',2),(296,1,'CTR09111','CTR09111','Engineering & Built Environment',4),(297,1,'ELEM+','Maths Plus - session 2','Engineering & Built Environment',4),(298,1,'MKT08103','Market Research & Communications','Marketing, Tourism & Languages',7),(299,1,'MUS08114','Performance Studies Composition 2','Arts & Creative Industries',2),(300,1,'LDN09110','Managing Professional Practice (Consolidation)','Nursing, Midwifery & Social Care',8),(301,1,'LAW09114','Media Law','Accounting, Financial Services & Law',1),(302,1,'TSM10102','International Destination Management','Marketing, Tourism & Languages',7),(303,1,'TSM08108','Conference Management','Marketing, Tourism & Languages',7),(304,1,'SOE09115','Economics of Emerging Markets','Management',6),(305,1,'MID07109','Midwifery Practice 1','Nursing, Midwifery & Social Care',8),(306,1,'FIN09106','Behavioural Issues in Finance','Accounting, Financial Services & Law',1),(307,1,'IMD09102','Sound Production','Computing',3),(308,1,'BSV08113','Personal Development Planning for Architectural Technology','Engineering & Built Environment',4),(309,1,'CLP11118','Narrative Practice - Vocational Skillset','Arts & Creative Industries',2),(310,1,'SSC10111','Sociology of Development','Life, Sport & Social Sciences',5),(311,1,'SOE10106','International Political Economy','Management',6),(312,1,'NMS09102','Evaluating Professional Practice','Nursing, Midwifery & Social Care',8),(313,1,'INF11101','Web-Enabled Business','Computing',3),(314,1,'CTR10120/11116/11516','Transport Economics and Appraisal','Engineering & Built Environment',4),(315,1,'ENT10102','Growing a Business','Management',6),(316,1,'MID08111','Care of Mothers and Babies with Complex Needs','Nursing, Midwifery & Social Care',8),(317,1,'SES11103','Scientific Support in Sport','Life, Sport & Social Sciences',5),(318,1,'CTR10109','Environmental Hydraulics','Engineering & Built Environment',4),(319,1,'ELE07109','Electronic & Electrical Principles','Engineering & Built Environment',4),(320,1,'JAC09105','Online Communication','Arts & Creative Industries',2),(321,1,'BSV07106','Introduction to Modern Architecture','Engineering & Built Environment',4),(322,1,'MUS07115','Recording Studio Theory & Practice 1','Arts & Creative Industries',2),(323,1,'IMD07109','Visual Media for the Web','Computing',3),(324,1,'BSV09115','Building Economics 3','Engineering & Built Environment',4),(325,1,'SSC08106','Criminological Theory','Life, Sport & Social Sciences',5),(326,1,'CTR10100/10114/10115/10122','Honours Project','Engineering & Built Environment',4),(327,1,'CTR09109','CTR09109','Engineering & Built Environment',4),(328,1,'ELE11104','VHDL and FPGA Design','Engineering & Built Environment',4),(329,1,'MEC10118','Advanced Processes & Digital Manufacture','Engineering & Built Environment',4),(330,1,'SOE08102','Strategic Appraisal','Management',6),(331,1,'ELE10105','Programmable Logic Design','Engineering & Built Environment',4),(332,1,'ADN09109','Recognising Acute Illness and Deterioration','Nursing, Midwifery & Social Care',8),(333,1,'CHN08109','Child and Family Centered Care during Enduring Illness/Conceptual Issues in child health nursing','Nursing, Midwifery & Social Care',8),(334,1,'CLP08108','Contemporary Hollywood Cinema','Arts & Creative Industries',2),(335,1,'BSV09113','BSV09113','Engineering & Built Environment',4),(336,1,'TSM08116','Music Event Management','Marketing, Tourism & Languages',7),(337,1,'SET11112','Web Design & Development','Computing',3),(338,1,'HSS09106','Assessing work-based learning','Life, Sport & Social Sciences',5),(339,1,'SCA11129','Creative Practice for Cinema','Arts & Creative Industries',2),(340,1,'SET08113','Games Engineering','Computing',3),(341,1,'IMD11108/IMD11508','Digital Markets','Computing',3),(342,1,'NMS11163','Health Administration Project','Nursing, Midwifery & Social Care',8),(343,1,'NMS09107','Work Based Learning (FPP)','Nursing, Midwifery & Social Care',8),(344,1,'ADN09110','The Reflective Practitioner','Nursing, Midwifery & Social Care',8),(345,1,'PSY09113','Forensic Psychology 1','Life, Sport & Social Sciences',5),(346,1,'HLT08103','Health Promotion youth Work','Life, Sport & Social Sciences',5),(347,1,'FIN11105','Principles of Financial Regulation','Accounting, Financial Services & Law',1),(348,1,'SET07104','Introduction to the Web','Computing',3),(349,1,'CTR11119','Advanced Structural Steel','Engineering & Built Environment',4),(350,1,'LMD09103','Film Practice 2','Arts & Creative Industries',2),(351,1,'INF11109','Security Audit & Compliance','Computing',3),(352,1,'MUS08108','Jazz Improvisation 1','Arts & Creative Industries',2),(353,1,'CRG11106','Career Development Thoery','Life, Sport & Social Sciences',5),(354,1,'IMD08105','2D Computer Animation','Computing',3),(355,1,'TSM09116','International Wines and Spirits Management','Marketing, Tourism & Languages',7),(356,1,'MUS07116','Popular Music Ensemble Performance 1','Arts & Creative Industries',2),(357,1,'ACC08105','Financial Management','Accounting, Financial Services & Law',1),(358,1,'LMD09137','TV Studies','Arts & Creative Industries',2),(359,1,'ADN07108','Nursing Practice Experience 1  (Adult Field) Medical Acute','Nursing, Midwifery & Social Care',8),(360,1,'DES07113','Foundation Product Design 2','Arts & Creative Industries',2),(361,1,'MUS09117.Drms','BAPM Performance  5 : individual lessons','Arts & Creative Industries',2),(362,1,'TSM07104','Wine Studies','Marketing, Tourism & Languages',7),(363,1,'JAC10117','Major Journalism Project','Arts & Creative Industries',2),(364,1,'MUS07108','Music in the Community 1','Arts & Creative Industries',2),(365,1,'ENV11100','Biodiversity & Conservation - Computing Practical','Life, Sport & Social Sciences',5),(366,1,'LMD09110','Film Practice 4','Arts & Creative Industries',2),(367,1,'SOE11126','Skills for Managers','Management',6),(368,1,'BSV11131','Advanced Digital Media','Engineering & Built Environment',4),(369,1,'CRG11102','Professional Practice 2','Life, Sport & Social Sciences',5),(370,1,'TSM11114','Experience Design and Management for Tourism,  Hospitality and Events','Marketing, Tourism & Languages',7),(371,1,'IMD10110','Professional Identity through Portfolio Development','Computing',3),(372,1,'DES07120','Foundation Digital Media 2','Arts & Creative Industries',2),(373,1,'DES08113','Illustration,  Text & Image','Arts & Creative Industries',2),(374,1,'MEC10116','Manufacturing Systems Engineering','Engineering & Built Environment',4),(375,1,'MEC08105','Management for Engineers 1','Engineering & Built Environment',4),(376,1,'ELE10111','Embedded Systems','Engineering & Built Environment',4),(377,1,'CLP11109','Writing for Graphic Fiction','Arts & Creative Industries',2),(378,1,'DES07112 PDE','Foundation Product Design 1 (PDE)','Arts & Creative Industries',2),(379,1,'SSC10114','Race and Ethnicity','Life, Sport & Social Sciences',5),(380,1,'CLP10114','Performance Skills for Professional Practice','Arts & Creative Industries',2),(381,1,'LNG07108','Spanish 2','Marketing, Tourism & Languages',7),(382,1,'CHN08110','Conceptual Issues in Child Health Nursing','Nursing, Midwifery & Social Care',8),(383,1,'ENT11101','New Venture Planning','Management',6),(384,1,'CLP09121','Directing 2','Arts & Creative Industries',2),(385,1,'SOE09112','Economics of the Public Sector','Management',6),(386,1,'ELE09100','ELE09100','Engineering & Built Environment',4),(387,1,'MUS08120','Composition','Arts & Creative Industries',2),(388,1,'DES10105','Professional Practice: Media Production','Arts & Creative Industries',2),(389,1,'LMD09104','Photo Practice 2','Arts & Creative Industries',2),(390,1,'ACC10105','Strategic Management Accounting','Accounting, Financial Services & Law',1),(391,1,'BMS09107','Law,  Statistics & Reporting in Forensic Science','Life, Sport & Social Sciences',5),(392,1,'SCA11117','Interactive Media','Arts & Creative Industries',2),(393,1,'LNG09109','Spanish 6','Marketing, Tourism & Languages',7),(394,1,'INF09102','Enterprise Systems','Computing',3),(395,1,'LNG07111','Intercultural Organisational Management','Marketing, Tourism & Languages',7),(396,1,'INF11110','Programme and Project Systems,  Risk & Control - Please go to room D40,  Merchiston','Computing',3),(397,1,'CHN07105/CHN07107','Optimal Achievement of Health for Infants,  Children and Young People,  Maternal and Newborn Health','Nursing, Midwifery & Social Care',8),(398,1,'ADN09130','Nursing Practice Experience 6  (Adult Field) Consolidating Practice','Nursing, Midwifery & Social Care',8),(399,1,'ENV08101','Physiology & The Environment - Lecture','Life, Sport & Social Sciences',5),(400,1,'LNGSupport','English Support - Merchiston','Marketing, Tourism & Languages',7),(401,1,'IMD07108','Experiencing the Digital City','Computing',3),(402,1,'MHN08108','Service User and Carer Participation','Nursing, Midwifery & Social Care',8),(403,1,'Law Recruitment Workshop (Year 4)','ENBS - Law Recruitment Workshop','Accounting, Financial Services & Law',1),(404,1,'LMD09105','Advanced Topics in Photography and Film 2','Arts & Creative Industries',2),(405,1,'SES09103','Practical Coaching','Life, Sport & Social Sciences',5),(406,1,'CTR09110','CTR09110','Engineering & Built Environment',4),(407,1,'TSM10103','International Festival & Events Environments','Marketing, Tourism & Languages',7),(408,1,'ACC07104','Accounting for Business','Accounting, Financial Services & Law',1),(409,1,'DES09106','Graphic Design Studio 4','Arts & Creative Industries',2),(410,1,'MUS09109','Introduction to Music Therapy','Arts & Creative Industries',2),(411,1,'MIC08100','Microbes & Man - Lecture','Life, Sport & Social Sciences',5),(412,1,'LNG08108','French 4','Marketing, Tourism & Languages',7),(413,1,'LDN07103','Profound Learning and Multiple Disabilities','Nursing, Midwifery & Social Care',8),(414,1,'BSV11117','Timber Materials Applications','Engineering & Built Environment',4),(415,1,'CLP07101','Case Studies in Cultural Studies','Arts & Creative Industries',2),(416,1,'BSV08102','Valuation 1','Engineering & Built Environment',4),(417,1,'ELE10104','Power Systems','Engineering & Built Environment',4),(418,1,'JAC09107','Magazine Production','Arts & Creative Industries',2),(419,1,'DES10115','Professional Project in Public Relations Management','Arts & Creative Industries',2),(420,1,'LDN08113','Working with Children and Families','Nursing, Midwifery & Social Care',8),(421,1,'MUS-Open Jazz','Open Jazz Orchestra','Arts & Creative Industries',2),(422,1,'HRM09102','Human Resource Development','Management',6),(423,1,'CTR11101/11501','Foundation Design to Eurocode 7','Engineering & Built Environment',4),(424,1,'IMD08118','Fundamentals of 3D Illustration','Computing',3),(425,1,'BMS08100','Biology of Disease - Practical','Life, Sport & Social Sciences',5),(426,1,'LNG08107','Scottish Culture & Society','Marketing, Tourism & Languages',7),(427,1,'BMS10xxx','Project Module - Year 4 Forensic Students','Life, Sport & Social Sciences',5),(429,1,'MEC09107','Engineering Applications (M)','Engineering & Built Environment',4),(430,1,'HRM11103','Labour Relations','Management',6),(431,1,'MUS-Bosendorfer','BMUS Concerts','Arts & Creative Industries',2),(432,1,'DES09131','Branding','Arts & Creative Industries',2),(433,1,'CSN11102','e-Security','Computing',3),(434,1,'CSN07102','Practical Networks 1','Computing',3),(435,1,'TSM09113','Global Airline Industry','Marketing, Tourism & Languages',7),(436,1,'LNG09107','French 6','Marketing, Tourism & Languages',7),(437,1,'BMS11105','Drug Design & Chemotherapy','Life, Sport & Social Sciences',5),(438,1,'MUS-Creative Practice','Lunchtime Concerts','Arts & Creative Industries',2),(439,1,'CLP08107','The Modern Novel','Arts & Creative Industries',2),(440,1,'ACC11113','Investment,  Corporate Finance & Portfolios','Accounting, Financial Services & Law',1),(441,1,'MIC11100','Molecular Pathogenesis of Microbial Infection','Life, Sport & Social Sciences',5),(442,1,'CTR07104','Engineering Communication','Engineering & Built Environment',4),(443,1,'NMS10104','Honours Project','Nursing, Midwifery & Social Care',8),(444,1,'ELE08102','ELE08102/03','Engineering & Built Environment',4),(445,1,'MUS10124','Dissertation','Arts & Creative Industries',2),(446,1,'CLP10112','Advanced Performance (Stage/Screen)','Arts & Creative Industries',2),(447,1,'MEC10111','Future Technologies & Design','Engineering & Built Environment',4),(448,1,'CTR11106','Transport Research Methods','Engineering & Built Environment',4),(449,1,'MEC10109','Polymer Process Simulation - Class test','Engineering & Built Environment',4),(450,1,'TSM08105','The Study of Food & Wine','Marketing, Tourism & Languages',7),(451,1,'MUS09122','Music Software Applications','Arts & Creative Industries',2),(452,1,'MUS07113','BAPM Performance Voice : Invididual Lessons','Arts & Creative Industries',2),(453,1,'NMS09142','Palliative Care Theory for Practice','Nursing, Midwifery & Social Care',8),(454,1,'LMD08111','Theory for Photo Practice','Arts & Creative Industries',2),(455,1,'LNG10125','English for Professional Purposes 8b','Marketing, Tourism & Languages',7),(456,1,'MEC07107','MEC07107','Engineering & Built Environment',4),(457,1,'BMS09101','Pharmacology & Pathophysiology - Lecture','Life, Sport & Social Sciences',5),(458,1,'SES07106','Skill Aquisition','Life, Sport & Social Sciences',5),(459,1,'SES09109','Intermediate Biomechanics - Tutorial Specialist Accom Telford','Life, Sport & Social Sciences',5),(460,1,'SSC08105','Youth,  Crime and Deviance','Life, Sport & Social Sciences',5),(461,1,'ENT10101','Fast Track Entrepreneurship','Management',6),(462,1,'FIN10103','Management of Financial Institutions','Accounting, Financial Services & Law',1),(463,1,'MEC11102/11502','Design Analysis','Engineering & Built Environment',4),(464,1,'JAC09120','Digital Platforms','Arts & Creative Industries',2),(465,1,'PSY09100','Researching Psychology','Life, Sport & Social Sciences',5),(466,1,'MUS07112','Performance Studies - Instrument 2 Individual Lessons','Arts & Creative Industries',2),(467,1,'MUS-Pro Tools','BAPM - Music Software','Arts & Creative Industries',2),(468,1,'ELE11106','Industrial Drive Systems','Engineering & Built Environment',4),(469,1,'TSM08111','Airport Management','Marketing, Tourism & Languages',7),(470,1,'HRM11120','Leading Strategic Decision Making','Management',6),(471,1,'CPT10101','Complementary Healthcare Honours Project','Life, Sport & Social Sciences',5),(472,1,'DES08128','Materials for Inspirational Design 2','Arts & Creative Industries',2),(473,1,'SSC07104','Introduction to Criminology','Life, Sport & Social Sciences',5),(474,1,'MUS08118','Performance Studies - Instrument 4 (Guitar)','Arts & Creative Industries',2),(475,1,'MHN07104','Nursing Practice 1 (Mental Health)','Nursing, Midwifery & Social Care',8),(476,1,'ELE10108','Honours Project','Engineering & Built Environment',4),(477,1,'CLP11121/ CLP11122','Innovation and Authorship / Creative Editorial Development','Arts & Creative Industries',2),(478,1,'SET09107','Advanced Database Systems','Computing',3),(479,1,'MUS10102','Dissertation','Arts & Creative Industries',2),(480,1,'SES09111','Scientific Communication - Dissertation & Statistics','Life, Sport & Social Sciences',5),(481,1,'CLP09110','Creative Writing 2:  Genre Writing','Arts & Creative Industries',2),(482,1,'ADN09100','Management of Stroke (Theory)','Nursing, Midwifery & Social Care',8),(483,1,'BSV08101','Quantity Surveying 1','Engineering & Built Environment',4),(484,1,'HRM11102','Employee Resourcing','Management',6),(485,1,'MEC09114','Project Management (FL)','Engineering & Built Environment',4),(486,1,'BSV08109','Surveying 2','Engineering & Built Environment',4),(487,1,'LAW08119','Obligations 2','Accounting, Financial Services & Law',1),(488,1,'MUS10100','Public Recital','Arts & Creative Industries',2),(489,1,'MIC11111','Environmental Sustainability Management','Life, Sport & Social Sciences',5),(490,1,'LNG07109','Italian 2','Marketing, Tourism & Languages',7),(491,1,'IMD09119','Responsive Environments','Computing',3),(492,1,'LNG08110','Spanish 4','Marketing, Tourism & Languages',7),(493,1,'CHN08113','Active Participation in hospital based care for infants,  children,  yp & families','Nursing, Midwifery & Social Care',8),(494,1,'MEC11114','Mechatronic Systems','Engineering & Built Environment',4),(495,1,'TSM11109','Tourism,  Society and Visual Culture','Marketing, Tourism & Languages',7),(496,1,'LMD09107','Photo Practice 3','Arts & Creative Industries',2),(497,1,'MEC11112','Forensic Materials Engineering','Engineering & Built Environment',4),(498,1,'SES11105','Independent Study (40 credit)','Life, Sport & Social Sciences',5),(499,1,'HRM11107','Research Skills & Professional Development','Management',6),(500,1,'MEC11118','Smart Materials & Surfaces','Engineering & Built Environment',4),(501,1,'NUR11102','Leadership and Finance for Effective Service Delivery','Nursing, Midwifery & Social Care',8),(502,1,'CTR10114/10115','Integrated Project Work','Engineering & Built Environment',4),(503,1,'BSV08110','BSV08110','Engineering & Built Environment',4),(504,1,'BSV11125','Sustainable Urban Property Development','Engineering & Built Environment',4),(505,1,'JAC07110','Multimedia Reporting','Arts & Creative Industries',2),(506,1,'JAC09108','Public Relations Theory & Practice','Arts & Creative Industries',2),(507,1,'MEC11104','Mechanical Computer Aided Engineering','Engineering & Built Environment',4),(508,1,'VET07103','Veterinary Nursing Practice 1','Nursing, Midwifery & Social Care',8),(509,1,'SES09106','Assessment & Conditioning for Performance - Practical','Life, Sport & Social Sciences',5),(510,1,'ELE10106','Electronic Drives','Engineering & Built Environment',4),(511,1,'BMS07104','Concepts in Forensic Biology - Workshop','Life, Sport & Social Sciences',5),(512,1,'SOE07103','Principles of Economics','Management',6),(513,1,'MUS-ContempEnsemble','Contemporary Ensemble','Arts & Creative Industries',2),(514,1,'SCA11122','Collaborative Techniques in Film 2','Arts & Creative Industries',2),(515,1,'CTR11104','Transport & Traffic Models','Engineering & Built Environment',4),(516,1,'CTR10111','CTR10111','Engineering & Built Environment',4),(517,1,'SOE10133','ENBS Dissertation - Research Methods Workshop (Economics/Entrepreneurship/HRM/Strategy & Operations)','Management',6),(518,1,'JAC11133','TV and Multimedia News','Arts & Creative Industries',2),(519,1,'TSM07102','Hospitality Operations','Marketing, Tourism & Languages',7),(520,1,'LAW08120','EU Law','Accounting, Financial Services & Law',1),(521,1,'MUS07104','Language and Structures of Music 1.2: Aural','Arts & Creative Industries',2),(522,1,'CTR11522','Engineering Futures','Engineering & Built Environment',4),(523,1,'ENV09104','Marine Biology - Lecture','Life, Sport & Social Sciences',5),(524,1,'SES07101','Foundations of SES - Lecture','Life, Sport & Social Sciences',5),(525,1,'CRG11105','Labour Market Studies','Life, Sport & Social Sciences',5),(526,1,'ADN09107','Adult Nursing 3','Nursing, Midwifery & Social Care',8),(527,1,'SSC10106','Honours Project','Life, Sport & Social Sciences',5),(528,1,'SOE08101','Business & Management Challenges','Management',6),(529,1,'BMS09105','Clinical Biochemistry - Lecture','Life, Sport & Social Sciences',5),(530,1,'MIC11110','Biotechnology for Sustainable Remediation','Life, Sport & Social Sciences',5),(531,1,'JACShorthand','Shorthand UG & PG','Arts & Creative Industries',2),(532,1,'BSV10111','Dissertation','Engineering & Built Environment',4),(533,1,'CLP07105','Literature and Adaptation','Arts & Creative Industries',2),(534,1,'CLP09109','Rise of the Novel: The 18th Century','Arts & Creative Industries',2),(535,1,'MUS08104','Language and Structures of Music 2.2: Lecture','Arts & Creative Industries',2),(536,1,'CHN07104','Holistic Perspectiives of the Development of Infants','Nursing, Midwifery & Social Care',8),(537,1,'DES09127','Art Direction 2','Arts & Creative Industries',2),(538,1,'ADN08108','Acute Adult Nursing','Nursing, Midwifery & Social Care',8),(539,1,'LMD07113','Applied Camera Techniques','Arts & Creative Industries',2),(540,1,'MEC11110','Energy Materials','Engineering & Built Environment',4),(541,1,'CSN11106','Switching Technology','Computing',3),(542,1,'MIC11108','Biotechnology & Drug Discovery','Life, Sport & Social Sciences',5),(543,1,'JAC11111','Campaign Creation','Arts & Creative Industries',2),(544,1,'SSC10112','Surveillance & Society','Life, Sport & Social Sciences',5),(545,1,'MUS09129','Creative Practice','Arts & Creative Industries',2),(546,1,'CSN09102','CCNP Routing','Computing',3),(547,1,'TSM11107','Contemporary Issues in Hospitality Management','Marketing, Tourism & Languages',7),(548,1,'TSM08113','Customer Service and Care','Marketing, Tourism & Languages',7),(549,1,'BMS09100','Immunology - Practical','Life, Sport & Social Sciences',5),(550,1,'SCA11104','From Script to Screen','Arts & Creative Industries',2),(551,1,'NMS09126','Mentorship in Practice (NMC Requirements)','Nursing, Midwifery & Social Care',8),(552,1,'NMS09143/NMS11165','Non-Medical Prescribing','Nursing, Midwifery & Social Care',8),(553,1,'SOE10104','Logistics and Supply Chain Management','Management',6),(554,1,'MUS08121','Recording Studio Theory & Practice 2','Arts & Creative Industries',2),(555,1,'ENV11112','Management of Aquatic Protected Areas','Life, Sport & Social Sciences',5),(556,1,'SSC09105','Sexuality and Gender','Life, Sport & Social Sciences',5),(557,1,'SET09118','Sensing Systems for Mobile Applications','Computing',3),(558,1,'BSV11123','Integrated Management Systems','Engineering & Built Environment',4),(559,1,'ELE11105','Digital Communication','Engineering & Built Environment',4),(560,1,'BSV11126','Sustainable Water Resources Management (FL)','Engineering & Built Environment',4),(561,1,'IMD09133','Visual Effects (VFX)','Computing',3),(562,1,'JAC10122','Power,  Information & Opinion','Arts & Creative Industries',2),(563,1,'DES07114','Foundation Graphic Design 2','Arts & Creative Industries',2),(564,1,'ADN08110','Professional Ethical and Legal Issues in Contemporary Health Care Practice','Nursing, Midwifery & Social Care',8),(565,1,'BMS08102','Search & Recovery - Practical','Life, Sport & Social Sciences',5),(566,1,'CTR07101','CTR07101','Engineering & Built Environment',4),(567,1,'HRM11111','HRM in International Context','Management',6),(568,1,'MHN09112','Nursing Practice 6','Nursing, Midwifery & Social Care',8),(569,1,'FIN09103','Marketing Financial Services','Accounting, Financial Services & Law',1),(570,1,'BMS11102','Research Project - Confident Futures','Life, Sport & Social Sciences',5),(571,1,'JAC11134','Journalism Production Dissertation','Arts & Creative Industries',2),(572,1,'SET11103','Software Development 2','Computing',3),(573,1,'CTR11504','Transport & Traffic Models','Engineering & Built Environment',4),(574,1,'JAC10100','Dissertation','Arts & Creative Industries',2),(575,1,'HSS08100','Volunteering and Employability','Life, Sport & Social Sciences',5),(576,1,'BSV09116','BSV09116','Engineering & Built Environment',4),(577,1,'BSV07104','BSV07104','Engineering & Built Environment',4),(578,1,'DES07123','Debating Design 1','Arts & Creative Industries',2),(579,1,'ACC09106','Management Accounting Applications','Accounting, Financial Services & Law',1),(580,1,'ACC09105','Advanced Corporate Reporting','Accounting, Financial Services & Law',1),(581,1,'MUS08119','Performance 4 Vox Individual Lessons','Arts & Creative Industries',2),(582,1,'LNG08111','Italian 4','Marketing, Tourism & Languages',7),(583,1,'BSV08111','Planning and Development 1','Engineering & Built Environment',4),(584,1,'HLT11103','HLT11103 Exploring Evidence to Improve Practice','Life, Sport & Social Sciences',5),(585,1,'IMD09134','Cyberpsychology','Computing',3),(586,1,'LDN08112','Mental Health and Learning Disabilities','Nursing, Midwifery & Social Care',8),(587,1,'LMD08120','Documentary Film','Arts & Creative Industries',2),(588,1,'CLP07112','Acting Fundamentals 2','Arts & Creative Industries',2),(589,1,'SET08109','Web Development for Information Management','Computing',3),(590,1,'DES09116','Visual Communication 1','Arts & Creative Industries',2),(591,1,'LNG09128','English for Professional Purposes 6','Marketing, Tourism & Languages',7),(592,1,'SCA11105','Script Workshop 2','Arts & Creative Industries',2),(593,1,'SET08103','Software Engineering Methods','Computing',3),(594,1,'CLP09108','Science Fiction:  Text and Film','Arts & Creative Industries',2),(595,1,'BSV09112','BSV09112','Engineering & Built Environment',4),(596,1,'SOC09108','Professional Practice','Computing',3),(597,1,'ACC11102','Management Accounting Research Issues','Accounting, Financial Services & Law',1),(598,1,'MEC08100','Materials & Manufacture','Engineering & Built Environment',4),(599,1,'FIN10102','Global Financial Markets','Accounting, Financial Services & Law',1),(600,1,'FIN09105','IT & Financial Services','Accounting, Financial Services & Law',1),(601,1,'LMD08108','Photo: Constructed','Arts & Creative Industries',2),(602,1,'LMD09141','LMD09141','Arts & Creative Industries',2),(603,1,'MKT08106','Online Marketing','Marketing, Tourism & Languages',7),(604,1,'CTR09128','Transport Development Management','Engineering & Built Environment',4),(605,1,'IMD09131','Creative Team Project','Computing',3),(606,1,'MKT11103','Strategic Brand Management','Marketing, Tourism & Languages',7),(607,1,'ENT07101','Exploring Entrepreneurship','Management',6),(608,1,'TSM08104','Facilities Planning for Hospitality,  Tourism & Events','Marketing, Tourism & Languages',7),(609,1,'MKT11104','Global Marketing','Marketing, Tourism & Languages',7),(610,1,'ELE08100','Electronic Devices & Circuits','Engineering & Built Environment',4),(611,1,'TSM11105','Case Studies in International Tourism','Marketing, Tourism & Languages',7),(612,1,'HRM11118','Organisational Change & Management','Management',6),(613,1,'SOC11103','Group Project','Computing',3),(614,1,'DES09115','Product Design Studio 4','Arts & Creative Industries',2),(615,1,'MEC10107','Dynamics','Engineering & Built Environment',4),(616,1,'PSY10107','Abnormal Psychology','Life, Sport & Social Sciences',5),(617,1,'BMS07103','Practical Module 2','Life, Sport & Social Sciences',5),(618,1,'ELE07106','Optional Module in Mathematical Applications','Engineering & Built Environment',4),(619,1,'ACC10106','Current Issues in Finance','Accounting, Financial Services & Law',1),(620,1,'BSV09111','Contract Administration and Practice','Engineering & Built Environment',4),(621,1,'SSC08100','Society Space & Place','Life, Sport & Social Sciences',5),(622,1,'CTR08107','Project Management','Engineering & Built Environment',4),(623,1,'FIN11107','International Banking & Insurance','Accounting, Financial Services & Law',1),(624,1,'NMS08101','Healthy Lives','Nursing, Midwifery & Social Care',8),(625,1,'JAC10120','Music Journalism','Arts & Creative Industries',2),(626,1,'CTR09127','Introduction to Transport Psychology','Engineering & Built Environment',4),(627,1,'MEC11111','Flow Analysis & CAE','Engineering & Built Environment',4),(628,1,'CLP10108','Crime in Text and Film','Arts & Creative Industries',2),(629,1,'MEC09131/10102','Polymer Engineering','Engineering & Built Environment',4),(630,1,'LMD10108','Television Final Project','Arts & Creative Industries',2),(631,1,'CTR10110','Structural Timber Design 2','Engineering & Built Environment',4),(632,1,'FIN07102','Introduction to the Financial Services Sector','Accounting, Financial Services & Law',1),(633,1,'CLP09115','Performance Skills II','Arts & Creative Industries',2),(634,1,'SSC09104','Environment,  Politics and Society','Life, Sport & Social Sciences',5),(635,1,'CSN11123','Advanced Cloud and Network Forensics','Computing',3),(636,1,'SET07108','Programming for Media and Design','Computing',3),(637,1,'INF07102','Modelling for Business & Statistics','Computing',3),(638,1,'MHN09111','Nursing Practice 5','Nursing, Midwifery & Social Care',8),(639,1,'HSS09101','Launching your Graduate Career','Life, Sport & Social Sciences',5),(640,1,'SES08107','Intro to Sport Psychology - Practical','Life, Sport & Social Sciences',5),(641,1,'LNG10116','French 8b','Marketing, Tourism & Languages',7),(642,1,'CTR11104/11504','Transport & Traffic Models','Engineering & Built Environment',4),(643,1,'CLP07113','Fundamentals of Interpreting Text','Arts & Creative Industries',2),(644,1,'ELE08101','ELE08101','Engineering & Built Environment',4),(645,1,'TSM07107','Special Interest Tourism','Marketing, Tourism & Languages',7),(646,1,'MEC10105','MEC10105','Engineering & Built Environment',4),(647,1,'TSM10108','Airline Managemrnt','Marketing, Tourism & Languages',7),(648,1,'TSM09107','Live Project (Hosp/Tour/Fest/Ev)','Marketing, Tourism & Languages',7),(649,1,'MKT09101','International Marketing','Marketing, Tourism & Languages',7),(650,1,'BSV11103','Production Management','Engineering & Built Environment',4),(651,1,'LNG09108','German 6','Marketing, Tourism & Languages',7),(652,1,'CSN08102','Practical Networks 2','Computing',3),(653,1,'BSV11105','Project Risk Management','Engineering & Built Environment',4),(654,1,'JAC11112','Advertising Agency Placement','Arts & Creative Industries',2),(655,1,'HRM08101.FL','Introduction to HRM (FL)','Management',6),(656,1,'CLP09101','CLP09101adhoc for A Schwan','Arts & Creative Industries',2),(657,1,'LAW11117','Ethics & Corporate Governance','Accounting, Financial Services & Law',1),(658,1,'BSV11113','Facilities Management 2','Engineering & Built Environment',4),(659,1,'ELE09114','Integrated Engineering Design','Engineering & Built Environment',4),(660,1,'MUS09118.Vox','BAPM Performance 5 Vocals','Arts & Creative Industries',2),(661,1,'MKT10102','Marketing Ethics','Marketing, Tourism & Languages',7),(662,1,'CLP09118','Performance Technique II - Screen','Arts & Creative Industries',2),(663,1,'ENV09101','Applied  Terrestrial Ecology','Life, Sport & Social Sciences',5),(664,1,'MEC09122','Energy Systems Design','Engineering & Built Environment',4),(665,1,'ENV09100','Life of Mammals - Lecture/Tutorial','Life, Sport & Social Sciences',5),(666,2,'000009','逻辑与批判性思维（网络）','',9),(667,2,'000011','文化地理（网络）','',9),(668,2,'000012','世界建筑史（网络）','',9),(669,2,'000013','礼仪与社交（网络）','',9),(670,2,'00S5210','ppt与微视频设计制作','',9),(671,2,'01S5219','网页设计入门','',9),(672,2,'01S5228','文学赏析','',9),(673,2,'02S5202','办公软件一点通','',9),(674,2,'02S5206','房地产开发与资产评估','',9),(675,2,'02S5212','西方影视与西方文化','',9),(676,2,'02S5214','影视编辑Premiere','',9),(677,2,'02S5217','古代建筑结构力学与美学','',9),(678,2,'02S5226','中国人文景观','',9),(679,2,'02S5227','现代兵器与先进材料','',9),(680,2,'02S5231','计算机三维建模与绘图（Pro/E）','',9),(681,2,'02S5232','计算机三维建模与绘图Solid Works','',9),(682,2,'03S5201','大学生创业','',9),(683,2,'03S5204','人物形象设计','',9),(684,2,'03S5219','经典影视动画制作解密与赏析','',9),(685,2,'03S5224','电影服饰赏析','',9),(686,2,'03S5238','影视动画','',9),(687,2,'05S5212','食品安全与市场准入','',9),(688,2,'05S5215','食品营养与健康','',9),(689,2,'05S5222','饮食与健康','',9),(690,2,'05S5227','红酒与健康','',9),(691,2,'06S5209','建筑环境学','',9),(692,2,'06S5217','环境与可持续发展','',9),(693,2,'06S5219','AutoCAD计算机绘图','',9),(694,2,'07S5205','人力资源管理','',9),(695,2,'07S5208','世界旅游地理','',9),(696,2,'07S5214','生活中的经济学','',9),(697,2,'07S5216','现代项目管理','',9),(698,2,'07S5217','金融市场与运作','',9),(699,2,'08S5205','韩语','',9),(700,2,'08S5212','英语电影欣赏','',9),(701,2,'08S5216','诗词欣赏','',9),(702,2,'08S5219','英国历史文化','',9),(703,2,'08S5221','韩国影视作品鉴赏','',9),(704,2,'08S5223','韩国文化概论','',9),(705,2,'08S5224','口译基础与入门','',9),(706,2,'10S5203','教育学','',9),(707,2,'10S5204','数学建模','',9),(708,2,'10S5216','游戏中的数学','',9),(709,2,'120587','古希腊罗马神话赏析','',9),(710,2,'12S5208','历史人物评介','',9),(711,2,'12S5211','大学生情商法则','',9),(712,2,'12S5212','德国文化及德国口语','',9),(713,2,'14S5202','桥牌精确叫牌法','',9),(714,2,'14S5203','桥牌坐庄基本技术','',9),(715,2,'14S5206','营养与美食','',9),(716,2,'14S5207','中国武术文化赏析','',9),(717,2,'14S5211','电影中的文化欣赏','',9),(718,2,'14S5212','《女生20+》大学女生身、心、灵成长导论','',9),(719,2,'14S5216','国际体育品牌产品鉴赏','',9),(720,2,'150006','国画欣赏','',9),(721,2,'150067','民族民间艺术','',9),(722,2,'150100','体育舞蹈','',9),(723,2,'15S5201','创业基础','',9),(724,2,'16S5201','播音与主持','',9),(725,2,'16S5202','弟子规与中国智慧','',9),(726,2,'16S5203','电影之人文精神','',9),(727,2,'16S5215','交响乐赏析','',9),(728,2,'16S5222','民族民间音乐赏析','',9),(729,2,'16S5228','摄影技术基础','',9),(730,2,'16S5229','摄影艺术鉴赏','',9),(731,2,'16S5237','文学欣赏','',9),(732,2,'16S5242','舞蹈鉴赏','',9),(733,2,'16S5246','艺术概论','',9),(734,2,'16S5247','油画鉴赏','',9),(735,2,'16S5254','中国古诗词赏析','',9),(736,2,'21S5201','大学生行为与职业素质培养','',9),(737,2,'21S5202','瑜伽','',9),(738,2,'GJ.ENC4','大学英语B4','国际教育学院（IEC）',9);
/*!40000 ALTER TABLE `module` ENABLE KEYS */;
UNLOCK TABLES;

--
-- Table structure for table `notifications`
--

DROP TABLE IF EXISTS `notifications`;
/*!40101 SET @saved_cs_client     = @@character_set_client */;
/*!40101 SET character_set_client = utf8 */;
CREATE TABLE `notifications` (
  `notificationID` mediumint(9) NOT NULL AUTO_INCREMENT,
  `notificationDate` datetime NOT NULL,
  `groupID` int(11) NOT NULL,
  `meetingID` int(11) DEFAULT NULL,
  `notificationType` varchar(20) NOT NULL,
  `notifyingStudent` int(11) NOT NULL,
  PRIMARY KEY (`notificationID`),
  KEY `groupID` (`groupID`),
  KEY `meetingID` (`meetingID`),
  KEY `notifyingStudent` (`notifyingStudent`),
  CONSTRAINT `notifications_ibfk_2` FOREIGN KEY (`meetingID`) REFERENCES `meetings` (`meetingID`),
  CONSTRAINT `notifications_ibfk_3` FOREIGN KEY (`notifyingStudent`) REFERENCES `students` (`studentID`),
  CONSTRAINT `notifications_ibfk_4` FOREIGN KEY (`groupID`) REFERENCES `groups` (`groupID`) ON DELETE CASCADE
) ENGINE=InnoDB AUTO_INCREMENT=769 DEFAULT CHARSET=latin1;
/*!40101 SET character_set_client = @saved_cs_client */;

--
-- Dumping data for table `notifications`
--

LOCK TABLES `notifications` WRITE;
/*!40000 ALTER TABLE `notifications` DISABLE KEYS */;
INSERT INTO `notifications` VALUES (676,'2015-05-26 02:26:37',31,16,'New Meeting',94),(677,'2015-05-26 02:38:26',34,46,'New Meeting',94),(678,'2015-05-26 03:34:21',34,NULL,'New Message',89),(679,'2015-05-26 03:34:30',34,NULL,'New Message',89),(680,'2015-05-26 03:37:04',34,NULL,'New Message',89),(681,'2015-05-26 03:37:27',34,NULL,'New Message',94),(682,'2015-05-26 03:37:33',34,NULL,'New Message',89),(683,'2015-05-26 03:38:16',34,47,'New Meeting',94),(684,'2015-05-26 04:03:59',34,48,'New Meeting',94),(685,'2015-05-26 06:06:01',76,NULL,'Invitation',92),(686,'2015-05-26 06:08:22',77,NULL,'Invitation',92),(687,'2015-05-26 10:03:39',25,NULL,'New Message',64),(688,'2015-05-26 10:04:02',25,NULL,'New Message',64),(689,'2015-05-26 10:06:54',35,NULL,'New Message',64),(690,'2015-05-26 10:07:06',35,NULL,'New Message',64),(691,'2015-05-26 10:07:23',25,NULL,'New Message',64),(692,'2015-05-26 10:07:45',68,NULL,'New Message',64),(693,'2015-05-26 10:07:50',68,NULL,'New Message',64),(694,'2015-05-27 00:21:03',18,NULL,'New Message',89),(695,'2015-05-27 04:00:57',34,NULL,'New Message',89),(696,'2015-05-27 04:01:24',19,NULL,'New Message',89),(697,'2015-08-06 15:38:53',25,NULL,'New Message',76),(698,'2015-08-06 15:47:05',25,NULL,'New Message',76),(699,'2015-08-06 15:49:11',119,NULL,'Invitation',76),(700,'2015-08-07 13:34:39',120,NULL,'Invitation',90),(701,'2015-08-07 13:40:44',120,NULL,'New Message',90),(702,'2015-08-07 13:41:10',120,NULL,'New Message',90),(703,'2015-08-07 13:44:31',120,57,'New Meeting',90),(704,'2015-08-07 13:47:02',120,NULL,'Group Defunct',90),(705,'2015-08-07 13:49:13',120,NULL,'Group Reactivated',90),(706,'2015-08-07 14:01:56',121,NULL,'Invitation',90),(707,'2015-08-07 14:05:16',122,NULL,'Invitation',90),(708,'2015-08-07 14:06:01',120,NULL,'Group Defunct',90),(709,'2015-08-07 21:30:01',123,NULL,'Invitation',76),(710,'2015-08-07 21:56:03',121,NULL,'New Message',76),(711,'2015-08-07 23:36:05',119,NULL,'Group Defunct',76),(712,'2015-08-07 23:37:58',119,NULL,'Group Reactivated',76),(713,'2015-08-07 23:43:44',119,58,'New Meeting',76),(714,'2015-08-08 01:50:07',124,NULL,'Invitation',76),(715,'2015-08-08 01:57:15',124,NULL,'Group Defunct',76),(716,'2015-08-08 01:57:43',124,NULL,'Group Reactivated',76),(717,'2015-08-08 02:00:01',124,NULL,'Group Defunct',76),(718,'2015-08-08 02:00:10',44,NULL,'Group Defunct',76),(719,'2015-08-08 02:02:04',43,NULL,'Group Defunct',91),(720,'2015-08-08 02:24:33',124,NULL,'Group Reactivated',76),(721,'2015-08-08 02:50:24',125,NULL,'Invitation',76),(722,'2015-08-08 13:05:07',121,NULL,'Group Defunct',90),(723,'2015-08-08 13:05:21',121,NULL,'Group Reactivated',90),(724,'2015-08-08 15:10:02',123,NULL,'Group Reactivated',76),(725,'2015-08-09 11:07:29',122,NULL,'Group Defunct',90),(726,'2015-08-09 11:20:10',126,NULL,'Invitation',90),(727,'2015-08-09 11:20:37',121,NULL,'Group Defunct',90),(728,'2015-08-09 19:38:37',121,NULL,'Group Reactivated',90),(729,'2015-08-09 19:39:40',121,59,'New Meeting',90),(730,'2015-08-09 19:42:12',121,60,'New Meeting',90),(731,'2015-08-09 19:46:59',121,NULL,'Group Defunct',90),(732,'2015-08-09 19:47:14',121,NULL,'Group Reactivated',90),(733,'2015-08-09 19:49:18',121,NULL,'Group Defunct',90),(734,'2015-08-09 22:03:26',121,NULL,'Group Reactivated',90),(735,'2015-08-09 23:03:40',121,NULL,'New Members',90),(736,'2015-08-11 09:09:52',127,NULL,'Invitation',120),(737,'2015-08-11 09:11:56',127,NULL,'New Message',120),(738,'2015-08-11 09:12:05',127,NULL,'New Message',120),(739,'2015-08-11 09:12:07',127,NULL,'New Message',120),(740,'2015-08-11 09:12:11',127,NULL,'New Message',120),(741,'2015-08-11 09:12:31',127,NULL,'New Message',120),(742,'2015-08-11 09:21:17',121,NULL,'New Message',90),(743,'2015-08-11 09:33:36',121,61,'New Meeting',90),(744,'2015-08-11 09:36:01',121,NULL,'New Members',90),(745,'2015-08-11 09:36:44',121,NULL,'New Members',90),(746,'2015-08-11 09:37:04',121,NULL,'New Members',90),(747,'2015-08-11 09:37:24',121,NULL,'New Message',90),(748,'2015-08-11 09:38:18',121,NULL,'Group Defunct',90),(749,'2015-08-11 09:39:07',121,NULL,'Group Reactivated',90),(750,'2015-08-11 10:20:38',128,NULL,'Invitation',120),(751,'2015-08-11 10:21:19',128,NULL,'New Members',120),(752,'2015-08-11 10:22:32',128,NULL,'New Message',90),(753,'2015-08-11 10:22:54',128,NULL,'New Message',120),(754,'2015-08-11 10:23:00',128,NULL,'New Message',120),(755,'2015-08-11 10:23:03',128,NULL,'New Message',90),(756,'2015-08-11 10:23:08',128,NULL,'New Message',90),(757,'2015-08-11 10:23:35',128,NULL,'Group Defunct',120),(758,'2015-08-11 10:24:15',128,NULL,'New Message',90),(759,'2015-08-11 10:30:44',127,62,'New Meeting',120),(760,'2015-08-11 10:32:46',127,63,'New Meeting',120),(761,'2015-08-14 18:25:53',129,NULL,'Invitation',90),(762,'2015-08-14 20:22:10',130,NULL,'Invitation',90),(763,'2015-08-14 20:49:00',131,NULL,'Invitation',90),(764,'2015-08-16 15:05:42',132,NULL,'Invitation',120),(765,'2015-08-21 20:41:01',127,NULL,'New Message',120),(766,'2015-12-25 15:40:13',133,NULL,'Invitation',141),(767,'2015-12-25 15:40:34',133,NULL,'New Message',141),(768,'2015-12-25 15:40:39',133,NULL,'New Message',141);
/*!40000 ALTER TABLE `notifications` ENABLE KEYS */;
UNLOCK TABLES;

--
-- Table structure for table `room_booking`
--

DROP TABLE IF EXISTS `room_booking`;
/*!40101 SET @saved_cs_client     = @@character_set_client */;
/*!40101 SET character_set_client = utf8 */;
CREATE TABLE `room_booking` (
  `bookingID` int(5) NOT NULL AUTO_INCREMENT,
  `meetingID` int(5) NOT NULL,
  `roomID` int(5) NOT NULL,
  `numberOfSeats` int(4) NOT NULL,
  PRIMARY KEY (`bookingID`),
  UNIQUE KEY `meetingID_2` (`meetingID`),
  KEY `meetingID` (`meetingID`),
  KEY `roomID` (`roomID`),
  CONSTRAINT `room_booking_ibfk_1` FOREIGN KEY (`meetingID`) REFERENCES `meetings` (`meetingID`),
  CONSTRAINT `room_booking_ibfk_2` FOREIGN KEY (`roomID`) REFERENCES `rooms` (`roomID`)
) ENGINE=InnoDB AUTO_INCREMENT=49 DEFAULT CHARSET=latin1;
/*!40101 SET character_set_client = @saved_cs_client */;

--
-- Dumping data for table `room_booking`
--

LOCK TABLES `room_booking` WRITE;
/*!40000 ALTER TABLE `room_booking` DISABLE KEYS */;
INSERT INTO `room_booking` VALUES (2,7,29,0),(3,8,8,0),(4,9,2,0),(5,10,2,0),(6,11,1,0),(7,13,15,0),(8,14,8,0),(9,15,8,0),(10,18,1,0),(11,19,1,0),(12,20,1,0),(20,28,64,0),(21,31,145,0),(22,32,145,0),(23,34,75,0),(24,37,75,0),(25,38,78,0),(26,39,68,0),(27,40,126,0),(28,41,67,0),(29,42,105,0),(30,43,152,0),(31,44,178,0),(32,45,48,0),(33,46,64,0),(34,47,27,0),(35,48,73,0),(38,49,196,0),(39,50,196,0),(40,51,197,0),(41,52,198,0),(42,57,198,0),(43,58,198,0),(44,59,205,0),(45,60,198,0),(46,61,199,0),(47,62,199,0),(48,63,199,0);
/*!40000 ALTER TABLE `room_booking` ENABLE KEYS */;
UNLOCK TABLES;

--
-- Table structure for table `rooms`
--

DROP TABLE IF EXISTS `rooms`;
/*!40101 SET @saved_cs_client     = @@character_set_client */;
/*!40101 SET character_set_client = utf8 */;
CREATE TABLE `rooms` (
  `roomID` int(5) NOT NULL AUTO_INCREMENT,
  `campusID` int(5) NOT NULL,
  `room_number` varchar(50) NOT NULL,
  `description` varchar(50) NOT NULL,
  `seat_capacity` int(4) NOT NULL,
  PRIMARY KEY (`roomID`),
  KEY `campusID` (`campusID`),
  CONSTRAINT `rooms_ibfk_1` FOREIGN KEY (`campusID`) REFERENCES `campus` (`campusID`)
) ENGINE=InnoDB AUTO_INCREMENT=207 DEFAULT CHARSET=utf8;
/*!40101 SET character_set_client = @saved_cs_client */;

--
-- Dumping data for table `rooms`
--

LOCK TABLES `rooms` WRITE;
/*!40000 ALTER TABLE `rooms` DISABLE KEYS */;
INSERT INTO `rooms` VALUES (1,1,'C.Lockhart.0/11','Language Lab',20),(2,1,'C.Lockhart.0/12','Language Lab',20),(3,1,'C.Lockhart.1/06','Teaching Room  Flat Class Room',58),(4,1,'C.Lockhart.1/07','Teaching Room  Flat Class Room',28),(5,1,'C.Lockhart.1/08','Teaching Room  Flat Class Room',28),(6,1,'C.Lockhart.1/09','Teaching Room  Flat Class Room',28),(7,1,'C.Lockhart.1/10','Teaching Room  Flat Class Room',100),(8,1,'C.Lockhart.1/17','Raked Lecture Theatre  Riady',400),(9,1,'C.Lockhart.2/05','Teaching Room  Flat Class Room',58),(10,1,'C.Lockhart.2/06','Teaching Room  Flat Class Room',28),(11,1,'C.Lockhart.2/07','Teaching Room  Flat Class Room',28),(12,1,'C.Lockhart.2/08','Small P.C Lab',18),(13,1,'C.Lockhart.2/09','Teaching Room  Flat Class Room',28),(14,1,'C.Lockhart.2/10','Teaching Room  Flat Class Room',100),(15,1,'C.Lockhart.2/16A','Split P.C LabA',24),(16,1,'C.Lockhart.2/16B','Split P.C LabB',24),(17,1,'C.Lockhart.2/17','Raked Lecture Theatre  The Egg/Lindsey Stewart',200),(18,1,'C.Lockhart.3/03','Teaching Room  Flat Class Room',58),(19,1,'C.Lockhart.3/04','Teaching Room  Flat Class Room',28),(20,1,'C.Lockhart.3/05','Teaching Room  Flat Class Room',28),(21,1,'C.Lockhart.3/06','Teaching Room  Flat Class Room',28),(22,1,'C.Lockhart.3/07','Teaching Room  Flat Class Room',28),(23,1,'C.Lockhart.3/08','Teaching Room  Flat Class Room',28),(24,1,'C.Lockhart.3/09','Teaching Room  Flat Class Room',28),(25,1,'C.Lockhart.3/10','Teaching Room  Flat Class Room',28),(26,1,'C.Lockhart.3/11','Teaching Room  Flat Class Room',56),(27,1,'C.Lockhart.3/11A','Teaching Room  Flat Class Room',28),(28,1,'C.Lockhart.3/11B','Teaching Room  Flat Class Room',28),(29,2,'M.Kilby.01','Computer Pods',25),(30,2,'M.Kilby.02','Computer Pods',25),(31,2,'M.Kilby.03','Computer Pods',25),(32,2,'M.Kilby.04','Computer Pods',25),(33,2,'M.Kilby.05','Computer Pods',25),(34,2,'M.Kilby.06','Computer Pods',25),(35,2,'M.Kilby.07','Computer Pods',25),(36,2,'M.Kilby.08','Computer Pods',23),(37,2,'M.Kilby.09','Computer Pods',25),(38,2,'M.Kilby.10','Computer Pods',25),(39,2,'M.Kilby.11','Computer Pods',25),(40,2,'M.Kilby.12','Computer Pods',25),(41,2,'M.Kilby.13','Computer Pods',25),(42,2,'M.Kilby.14','Computer Pods',25),(43,2,'M.Kilby.15','Computer Pods',24),(44,2,'M.Kilby.16','Computer Pods',24),(45,2,'M.Kilby.17','Computer Pods',24),(46,2,'M.Kilby.18','Computer Pods',24),(47,2,'Merch.A16.se','Fluids Lab',25),(48,2,'Merch.A17','Raked Lecture Theatre',200),(49,2,'Merch.A18.se','Materials Lab',20),(50,2,'Merch.A19.be','Lab',40),(51,2,'Merch.A19m.be','Light Structures Lab',20),(52,2,'Merch.A23.se','Workshop',20),(53,2,'Merch.A24.se','Workshop',20),(54,2,'Merch.A25.be','Heavy Structures Lab',25),(55,2,'Merch.A33 Mac.dm','DaMA MAC Computer Lab',20),(56,2,'Merch.A33PC.dm','DaMA PC Computer Lab',30),(57,2,'Merch.A42.ci','TV Newsroom',20),(58,2,'Merch.A44.ci','Radio Newsroom',25),(59,2,'Merch.A5.ci','Mac Lab',20),(60,2,'Merch.A53.ci','TV studio',20),(61,2,'Merch.A55','Teaching Room Flat Classroom',96),(62,2,'Merch.A56.MU','BMUS Ensemble acoustic only',10),(63,2,'Merch.A57.MU','BMUS Practice Room',3),(64,2,'Merch.A58.MU','BMUS Practice Room',3),(65,2,'Merch.A6.ci','Mac Lab',20),(66,2,'Merch.A60.MU','BMUS Practice Room',3),(67,2,'Merch.A61.MU','BMUS Practice Room',3),(68,2,'Merch.A62.MU','BMUS Practice Room',3),(69,2,'Merch.A63.MU','BMUS Practice Room',3),(70,2,'Merch.A64.MU','Teaching Classroom',31),(71,2,'Merch.A65.MU','BAPM Practice Room guitar teaching',10),(72,2,'Merch.A66.MU','BA Control Room 1 Music Lab',15),(73,2,'Merch.A67.MU','BA Control Booth 1',1),(74,2,'Merch.A70.MU','Masters Control Room 2',10),(75,2,'Merch.A71a.MU','Masters Booth',1),(76,2,'Merch.A71b.MU','Masters Control Room',20),(77,2,'Merch.A72.MU','MA Live Room',10),(78,2,'Merch.A74.MU','BAPM Control Room 2',3),(79,2,'Merch.A75.MU','BAPM Practice Room',30),(80,2,'Merch.A76.MU','BAPM Practice Room Bass',6),(81,2,'Merch.A77.MU','BAPM Practice Room B',6),(82,2,'Merch.A78.MU','Recital Room',31),(83,2,'Merch.B15.se','Polymer Lab',16),(84,2,'Merch.B2','Raked Lecture Theatre',64),(85,2,'Merch.B20a.dm','Back Section of IA Studio',80),(86,2,'Merch.B20b.dm','Front Section of IA Studio',80),(87,2,'Merch.B22.dm','Combined Year 1 Studio',46),(88,2,'Merch.B23.dm','DF Studio Year 2,3',30),(89,2,'Merch.B24.dm','MDes Studio',36),(90,2,'Merch.B25.dm','DF Studio Year 4',34),(91,2,'Merch.B31.dm','Design &amp; Digital Arts Studio',30),(92,2,'Merch.B32','Teaching Room Flat Classroom',60),(93,2,'Merch.B41.MU','Midi Lab',15),(94,2,'Merch.B55','A.se CAD/PC Lab',27),(95,2,'Merch.B55','B Computer Labs',26),(96,2,'Merch.B56.co','Computing Games Lab',24),(97,2,'Merch.B60.se','Power Lab',42),(98,2,'Merch.B62.se','Robotics Lab',20),(99,2,'Merch.B64.be','Hydraulics Lab',10),(100,2,'Merch.B65.be','Timber Research Lab',10),(101,2,'Merch.B68','1.se Control Lab PCs',20),(102,2,'Merch.B68','2.se Control Lab Non PCs',20),(103,2,'Merch.B69.se','Contol Room',16),(104,2,'Merch.C104.be','Jorge Kubies Office',0),(105,2,'Merch.C105.be','Sam Wamuziris Office',5),(106,2,'Merch.C107.be','Brian Sloans office',10),(107,2,'Merch.C11.ci','Publishing Mac Lab',20),(108,2,'Merch.C16.se','GP Electronics Lab',28),(109,2,'Merch.C18','Teaching Room Flat Class Room',24),(110,2,'Merch.C19','Teaching Room Flat Class Room',25),(111,2,'Merch.C27.co','Computing Networking Lab',50),(112,2,'Merch.C28.co','Computing Networking Lab',24),(113,2,'Merch.C30.se','DSP lab',24),(114,2,'Merch.C6.co','Computing Embedded Systems Lab',20),(115,2,'Merch.C84.dm','Graphic Design Studio',50),(116,2,'Merch.D14.dm','Photography Studio 1',20),(117,2,'Merch.D16.dm','Photography Studio 2',20),(118,2,'Merch.D17.dm','Photography Studio 3',20),(119,2,'Merch.D18.dm','Photography Studio 4',20),(120,2,'Merch.D19.dm','Photography Studio 5',25),(121,2,'Merch.D20.dm','Photography Studio 6',25),(122,2,'Merch.D35.co','Computing Media Lab',24),(123,2,'Merch.D36.co','Computing Media Lab',24),(124,2,'Merch.D53.be',' Office',5),(125,2,'Merch.D54.be','Grant Sinclairs Office',5),(126,2,'Merch.D55a.be','John Woods Office',5),(127,2,'Merch.D55b.be','Robert Masons Office',5),(128,2,'Merch.D56.be','Mark Deakins Office',5),(129,2,'Merch.D56a.be','Alison Andrews Office',5),(130,2,'Merch.D57.be','Maurice Van Rietveldes Office',5),(131,2,'Merch.D59a.be','John Curries Office',10),(132,2,'Merch.D60a.be','Mike Thomsons Office',5),(133,2,'Merch.D60b.be','William Goodalls Office',5),(134,2,'Merch.E27.be','Architectural Technology Lab',61),(135,2,'Merch.E28.se','Product Design Engineering',20),(136,2,'Merch.E32.be','Built Environment Computing Lab',32),(137,2,'Merch.E42.be','Mark Taylors office',10),(138,2,'Merch.E44.be','Charlie Fairfields Office',5),(139,2,'Merch.E49.be','Abdy Kermanis  Office',5),(140,2,'Merch.E50.be','Martin Askeys Office',0),(141,2,'Merch.E54.be','Office',5),(142,2,'Merch.F10','Raked Lecture Theatre',60),(143,2,'Merch.F11','Teaching Room Flat Class Room',40),(144,2,'Merch.F12','Raked Lecture Theatre',70),(145,2,'Merch.F15.dm','Design Studio',30),(146,2,'Merch.F5','Teaching Room Flat Class Room',21),(147,2,'Merch.F6','Teaching Room Flat Class Room',25),(148,2,'Merch.F8.dm','MA/MDes Design Studio',30),(149,2,'Merch.F9.dm','Creative Advertising PG Room',0),(150,2,'Merch.G19','Teaching Room Flat Class Room',25),(151,2,'Merch.G2','Teaching Room Flat Class Room',50),(152,2,'Merch.G20','Teaching Room Flat Class Room',25),(153,2,'Merch.G21','Teaching Room Flat Class Room',25),(154,2,'Merch.G23','Teaching Room Flat Class Room',21),(155,2,'Merch.G24','Raked Lecture Theatre',70),(156,2,'Merch.G4','Teaching Room Flat Class Room',16),(157,2,'Merch.H10','Raked Lecture Theatre',50),(158,2,'Merch.H11','Teaching Room Flat Class Room',30),(159,2,'Merch.H14','Teaching Room Flat Class Room',24),(160,2,'Merch.H15','Teaching Room Flat Class Room',28),(161,2,'Merch.H17','Teaching Room Flat Class Room',24),(162,2,'Merch.H18','Teaching Room Flat Class Room',50),(163,2,'Merch.H5','Raked Lecture Theatre',121),(164,2,'Merch.H7','Teaching Room Flat Class Room',34),(165,2,'Merch.H9','Teaching Room Flat Class Room',70),(166,3,'Merch.SA Studio1.dm','Studio 1 Merchiston Avenue',60),(167,3,'Merch.SA Studio2.dm','Studio 2 Merchiston Avenue',80),(168,4,'M.Church.Main Hall','Main Hall',308),(169,4,'M.Church.MC2','Teaching Room Flat Class Room',40),(170,4,'M.Church.MC3','Teaching Room Flat Class Room',32),(171,4,'M.Church.MC4','Teaching Room Flat Class Room',40),(172,5,'Sight.1.D.02','Large Raked Lecture Theatre',350),(173,5,'Sight.1.D.04','Medium Raked Lecture Theatre',170),(174,5,'Sight.1.D.05','Medium Raked Lecture Theatre',170),(175,5,'Sight.2.D.03','Teaching Room Flat Classroom',51),(176,5,'Sight.2.D.04','Teaching Room Flat Classroom',88),(177,5,'Sight.2.D.05','Teaching Room Flat Classroom',88),(178,5,'Sight.2.D.07','Teaching Room Flat Classroom',88),(179,5,'Sight.2.D.08','Teaching Room Flat Classroom',51),(180,5,'Sight.2.D.11','P.C. Lab',73),(181,5,'Sight.2.D.12','P.C. Lab',24),(182,5,'Sight.2.D.13','Teaching Room Flat Classroom',37),(183,5,'Sight.2.D.14','Teaching Room Flat Classroom',37),(184,5,'Sight.2.D.15','Teaching Room Flat Classroom',24),(185,5,'Sight.3.D.03','Teaching Room Flat Classroom',36),(186,5,'Sight.3.D.04','Teaching Room Flat Classroom',88),(187,5,'Sight.3.D.05','Teaching Room Flat Classroom',88),(188,5,'Sight.3.D.07','Teaching Room Flat Classroom',88),(189,5,'Sight.3.D.08','Teaching Room Flat Classroom',33),(190,5,'Sight.3.D.10','Teaching Room Flat Classroom',36),(191,5,'Sight.3.D.11','Teaching Room Flat Classroom',33),(192,5,'Sight.3.D.12','Teaching Room Flat Classroom',24),(193,5,'Sight.3.D.13','Teaching Room Flat Classroom',24),(194,5,'Sight.3.D.14','Teaching Room Flat Classroom',24),(195,5,'Sight.3.D.15','Teaching Room Flat Classroom',24),(196,6,'J3.100','教三楼100',200),(197,6,'J3.101','教三楼101',200),(198,6,'J3.102','教三楼102',200),(199,6,'J3.103','教三楼103',200),(200,6,'J3.104','教三楼104',200),(201,5,'J3.105','教三楼105',200),(202,6,'J3.106','教三楼106',200),(203,6,'J3.106','教三楼106',200),(204,6,'J3.107','教三楼107',200),(205,6,'J3.108','教三楼108',200),(206,6,'J3.109','教三楼109',200);
/*!40000 ALTER TABLE `rooms` ENABLE KEYS */;
UNLOCK TABLES;

--
-- Table structure for table `school`
--

DROP TABLE IF EXISTS `school`;
/*!40101 SET @saved_cs_client     = @@character_set_client */;
/*!40101 SET character_set_client = utf8 */;
CREATE TABLE `school` (
  `schoolID` int(4) NOT NULL AUTO_INCREMENT,
  `name` varchar(50) NOT NULL,
  `universityID` int(4) NOT NULL,
  PRIMARY KEY (`schoolID`),
  KEY `universityID` (`universityID`),
  KEY `universityID_2` (`universityID`),
  KEY `universityID_3` (`universityID`),
  CONSTRAINT `school_ibfk_1` FOREIGN KEY (`universityID`) REFERENCES `university` (`universityID`)
) ENGINE=InnoDB AUTO_INCREMENT=28 DEFAULT CHARSET=utf8;
/*!40101 SET character_set_client = @saved_cs_client */;

--
-- Dumping data for table `school`
--

LOCK TABLES `school` WRITE;
/*!40000 ALTER TABLE `school` DISABLE KEYS */;
INSERT INTO `school` VALUES (1,'Accounting, Financial services & law',1),(2,'Arts & Creative Industries',1),(3,'Computing',1),(4,'Engineering & Built Environment',1),(5,'Life, Sport & Social Sciences',1),(6,'Management',1),(7,'Marketing, Tourism & Languages',1),(8,'Nursing, Midwifery & Social Care',1),(9,'计算机与通信工程 (Computer and Communication Engineering)',2),(17,'临床',41),(18,'食品工程',42),(22,'艺术设计学院',2),(23,'机电工程学院',2),(25,'计算机学院',49),(26,'计算机学院',51),(27,'计算机学院',52);
/*!40000 ALTER TABLE `school` ENABLE KEYS */;
UNLOCK TABLES;

--
-- Table structure for table `skill`
--

DROP TABLE IF EXISTS `skill`;
/*!40101 SET @saved_cs_client     = @@character_set_client */;
/*!40101 SET character_set_client = utf8 */;
CREATE TABLE `skill` (
  `skillID` int(5) NOT NULL AUTO_INCREMENT,
  `skillName` varchar(50) NOT NULL,
  PRIMARY KEY (`skillID`)
) ENGINE=InnoDB DEFAULT CHARSET=utf8;
/*!40101 SET character_set_client = @saved_cs_client */;

--
-- Dumping data for table `skill`
--

LOCK TABLES `skill` WRITE;
/*!40000 ALTER TABLE `skill` DISABLE KEYS */;
/*!40000 ALTER TABLE `skill` ENABLE KEYS */;
UNLOCK TABLES;

--
-- Table structure for table `students`
--

DROP TABLE IF EXISTS `students`;
/*!40101 SET @saved_cs_client     = @@character_set_client */;
/*!40101 SET character_set_client = utf8 */;
CREATE TABLE `students` (
  `studentID` int(5) NOT NULL AUTO_INCREMENT,
  `universityID` int(4) NOT NULL,
  `schoolID` int(5) NOT NULL,
  `first_name` varchar(50) NOT NULL,
  `last_name` varchar(50) NOT NULL,
  `DOB` datetime NOT NULL,
  `email` varchar(50) NOT NULL,
  `username` varchar(50) NOT NULL,
  `password` varchar(60) NOT NULL,
  `salt` varchar(60) NOT NULL,
  `secure_password` varchar(64) NOT NULL,
  `bio` mediumtext NOT NULL,
  `type` varchar(10) NOT NULL,
  `active` tinyint(1) NOT NULL,
  `dateJoined` date DEFAULT NULL,
  `profile_url` varchar(20) NOT NULL DEFAULT 'no',
  PRIMARY KEY (`studentID`),
  UNIQUE KEY `username` (`username`),
  UNIQUE KEY `email` (`email`),
  KEY `universityID` (`universityID`),
  KEY `schoolID` (`schoolID`),
  CONSTRAINT `students_ibfk_1` FOREIGN KEY (`universityID`) REFERENCES `university` (`universityID`),
  CONSTRAINT `students_ibfk_2` FOREIGN KEY (`schoolID`) REFERENCES `school` (`schoolID`)
) ENGINE=InnoDB AUTO_INCREMENT=142 DEFAULT CHARSET=utf8;
/*!40101 SET character_set_client = @saved_cs_client */;

--
-- Dumping data for table `students`
--

LOCK TABLES `students` WRITE;
/*!40000 ALTER TABLE `students` DISABLE KEYS */;
INSERT INTO `students` VALUES (1,1,3,'Nick 张艳萍','Hunt','1988-01-04 00:00:00','40092121@live.napier.ac.uk','nick048812','password1','e7b63db21573cb91c5bda5b768b57f82712631245944bf4a','bf010c339e5cd400f3a023ad5d417f92b200784c72b2dba9f2ee1a2c577df552','<p><strong>A nice bit about me</strong></p>','EN',1,'2015-04-10','no'),(47,1,3,'Kim','Reid','2005-11-04 00:00:00','kimreid16@googlemail.com','KimR95','fudge1340','d550b918b6dd62aba1ff61d98ead8eeeacc1e2bfd095da0d','cca617bc0951c3fde023b017adec13c7d5f12a57a3e1f22b0092af1a3db46cae','','EN',1,'2015-03-28','no'),(49,1,3,'Robert','Ludwiniak','1995-02-15 00:00:00','r.ludwiniak@napier.ac.uk','polish_bob','p0raszka=','9aacb0899a8a6828a0fff9e1a760acf765563537127ae01b','ed648b6b85e147072a19a986817bca364c96268dfa4c332a0efb8629f3f12645','','EN',0,'2015-03-20','no'),(54,1,8,'Stephen','Swan','1988-01-04 00:00:00','nh_2005@hotmail.co.uk','sswan','Password1','82de68a5300279f436911ff9ff20a5159775433d79bde7ca','8f95a626487145484bb5f17fcd05b179f7993e7c792a1359a4277ecbfc024e5e','','EN',0,'2015-03-16','no'),(56,1,3,'James','Becks','1989-08-05 00:00:00','james@me.com','james','james1234','3b8f824e5fac127b8d0666bff72bdb9eb1ccbace75410933','3120b799de189f7eb76521eaba406aa2bbb8429c6647420c79f42a9b0d7b4d0d','','EN',0,'2015-03-21','no'),(57,1,3,'James','Becks','1989-04-03 00:00:00','james2@me.com','Calzone2','11111111','b73fc9a6b938f8ffd040fd66ccd10e2f1dc3a86c4ffbbed7','3895d9f5af11a0ca0e88bf37be06bcd83cd688e058d0a98943e45df84ffc50c5','','EN',0,'2015-04-30','no'),(58,1,1,'Nick','Hunt','2003-04-01 00:00:00','nh_2005@hotmail.com','zizzi','password1','ebcb3e339219d131ced00224d657f3f9f9834cc35131c071','a00fd02ec292fff96974d21fc84923fe98a1eaf51a67ed5f55210a93c0949889','','EN',0,'2015-05-02','no'),(60,1,8,'Stephen','Swan','1988-01-23 00:00:00','stephen_swan7@hotmail.co.uk','stephen','password1','0ff3c3bef0f1cc0ada7de663881702f5fd49ec9015159787','de147491803d42bec731367386cad0b44303667eb9cfc50e3ec4b8172bc27a6b','','EN',1,'2015-04-13','no'),(63,1,1,'Nicky','hunt','1935-05-30 00:00:00','nick@strive.me.uk','nick_0488','password2','464b13f4e5ed094ff6d48e83fa5ae0e200c54ea377be3577','5f7e4f2857c81c9b3bba1b00f704d187343063dd84c7f8f3990a4f6b176b41f8','<p>:) 0 hello</p><p><strong><em>cvbvcbcv</em></strong></p><ul><li>vbhn</li></ul>','EN',1,'2015-04-02','no'),(64,2,6,'Johan','HAHA','2003-04-15 00:00:00','johan007@126.com','Johan007','w19930812','529a5590c7b994df133baee83149ddbcfe576901be412957','77f80cbce5e5ca5219fed97b6b09ff5cf9e2f5c082a5d9b2e89b28ac22693520','','EN',1,'2015-04-05','1438699575.png'),(66,1,5,'Trust','me','2003-04-02 00:00:00','89942437@qq.com','yyysssa','sengege','5bffb065484cacfdcb6b8513d5523e41538aefaa9cd1d09f','b0299b872eda05a113f589c65eae0157364fe14555a8a8af31084c624a27acc4','','EN',1,'2015-05-18','no'),(69,1,3,'缺口','狩猎','1988-01-04 00:00:00','nick@china.com','nic0488','password1','bdea7abb26c31126c3b3735a82cdf7a3731ab588ca5c1cd5','569430b6d3e2ebf3eef7862be83fd6d861b3ae65dc1d0ee04be2741bb69c31e3','','EN',0,'2015-03-20','no'),(70,2,9,'helen','hunt','1987-04-01 00:00:00','nh_2005@hotmail.co.uk678','helenhunt','password1','4bca2d0b1b7c167dba24f21ceb245ab17fa39195f341b20d','0ba9fb0e71beae2f0b04b3ddef7b9294e2add47ab67d237f874d5586e6d44ee9','','EN',1,'2015-04-13','no'),(71,1,1,'nick','hut','2003-04-03 00:00:00','NH_2005@HOTMAIL.CO.UK3','nick04885','password1','3d51c5729d907740386b0a2004e311e788bfbfc139511569','4c01884d54cfe9a617c0d786c7879d26f0248f54f7a3fc0738dafef80042543b','','EN',0,'2015-05-12','no'),(73,2,9,'尼克追捕','','1988-01-04 00:00:00','nick@vdel.co.uk','nickchina','password1','e13f3631386780b828086e0415348de7d62cdd2cc2f0e734','3841163d62d89f28e61d6038248ce9fbaaee8efd0868ffc6b1aaab6afda688ad','','CN',1,'2015-04-22','no'),(76,2,9,'Nick hunt','','2015-04-02 00:00:00','Nh@hormail.com','nick0488','password1','c4003d0fedac38e289b6874e845b51e6e5ccc1c5d6dbe332','b22b19425531cd3a873f3a613558c23fce20959be8157bb5fa20037a76dc45c0','','CN',1,'2015-04-15','no'),(89,1,4,'Calum','Beck','1989-08-05 00:00:00','40099589@live.napier.ac.uk','Calzone','calzone','991d2be01bb6f39fe079b11f396c09e28959da08e803dc65','1da8ff87cd3d2dab3f5fd54db92210da75f91b1a5ae2abd57db0d872eeb23ba2','<p>Third year Software Engineering Student living in Edinburgh.</p><p>Moved about a lot when I was younger. Before getting into computers I used to play Basketball down at the local park. Used to be in the local youth team and was scouted for the under 18&#39;s basketball team back in the day.</p><p>But unfortunately we had to move due to a rambunctious family moving in down the street and my new house did not have basketball fascilities nearby. You see I was just having fun, chilling, you know, relaxin&#39; all cool, shootin some b-ball outside of the school.<br />When a couple of guys who were up to no good, started making trouble in my neighborhood.I got in one little fight and my mom got scared;</p><p><br />She said &#39;You&#39;re movin&#39; with your auntie and uncle in Bel Air&#39;.</p>','EN',1,'2015-05-14','no'),(90,2,9,'Sen','ge','1992-05-07 00:00:00','749412452@qq.com','sen12345','senge123','cfa3e9759474621dd6c86bae7ebe5c85c16b94976b47c555','d8f30e472629a291e53f4adcbcbf31f1e09278d29927eea07855005bed41aa43','<p>我是一个爱学习的人！</p><p><em><strong>呵呵</strong></em></p>','EN',1,'2015-04-26','no'),(91,1,3,'Antoine','Noel','1994-05-05 00:00:00','noel.antoine05@gmail.com','noela5','1234567890','9bbd89fa61db9a3ba66c8e6072b818c24d0dfac8a9051ef9','c24754824d470611219446caf79bb38fbd56e83100e0c597c3f2d74ad314fbeb','','EN',1,'2015-04-29','no'),(92,1,3,'Patrick','Kelly','1992-10-08 00:00:00','patrickglasgow1992@googlemail.com','pgk1992','glasgow1992','c895b1470160ff657d5b60deecf4fc55c83a49c7c038166a','bbfd34d3a25a246f87f4867b1c9a0763488cf394a344327b5fed7907432903ae','','EN',1,'2015-04-11','no'),(93,1,3,'Susan','Boyle','2003-05-08 00:00:00','heyeverybody@hotmail.com','dr_nick','password1','8149097f0d111c6d6a899bb97ee2e4d68fec402c0ad28dd2','3d600d18112f12541a7c51b2a7a6cd14205a1efe23f27ee498df098108a9babd','','EN',1,'2015-04-01','no'),(94,1,3,'Max','Atkinson','1995-02-25 00:00:00','maxatkinson@live.com','maxwell','brandnew','42da3eeb79a9fc13a04d0a6c94b1fb179a2b8469f5bb11fc','032b81a66d3bd532976e77356b99a3f9749cc39f4ce4313fdc33b869ce982be7','<p>Hello world</p>','EN',1,'2015-04-06','no'),(96,1,1,'John','Smith','2003-04-03 00:00:00','johnd@live.com','john15','n1c3pa$$w0rd','de1e7f204ca2e4df86434c898aa15550f8103d0900fb39ed','f0f1fbe7bd736a10cf61fdf54bcd9edbfffa1d3c1eecee37d01420fe32568c1c','','EN',0,'2015-05-27','no'),(97,1,1,'John','Smith','2003-04-03 00:00:00','john@live.com','joh15','n1c3pa$$w0rd','3d4e51cd2e7e11ecb66fb9172923318fd049e5d528c669ec','2c7d968e8de39b851a761af1a4771f66f180dfe837fa12550debcd9e1ecf134d','','EN',0,'2015-04-30','no'),(98,1,1,'John','Smith','2003-04-03 00:00:00','johnl@live.com','joh1ff5','n1c3pa$$w0rd','b317e85072648339eb680c86d3c2e64f927340ec9cada924','91f4789a7decca19203202415723261d7146d78c7e9950e9168a0849f08995e7','','EN',0,'2015-04-10','no'),(99,1,1,'Johan008','Wei','2003-04-03 00:00:00','johan008@126.com','Johan008','w19930812','260ca89181ba9c7aedd0d962163fcbaea2373caec123df8d','7f361ae7d78ce88e878ca8ba002a6748fe5cbb317280e716b7aefe8a5f50d578','','EN',0,'2015-03-26','no'),(100,1,1,'hhgg','hgdfgf','2003-04-03 00:00:00','hhhhgf@126.com','hhgg','uuuuu','086e95060c6a60bd5aa44278201f0bccc3c501a013d59be5','6a7dcbde79d2362ba211043d27365f0f8ab085cae285df380e061e31c5b6d8e0','','EN',0,'2015-03-10','no'),(101,1,1,'hhgghhhhgf','hgdfgfhgf','2003-04-03 00:00:00','hhhhgjhjjf@126.com','hhgghhhhgf','uuuuu','cdb35ca9311e1793de7312bf692a477b576248564285288b','90037b38d392fc8395429ce722c7afef1eb963f74b6144c39ede5dccebaf0ec2','','EN',0,'2015-04-29','no'),(102,1,1,'pppppp','ppppp','2003-04-03 00:00:00','hfdgjh@126.com','pppppp','jjjjj','f6d4877d77bf9b45004e6d6389031ebed3fe204def010dc2','28aa49dd72c1ab7e27554aba338fd9849f97746f6f5d9ea49bb0ddf4e08503a1','','EN',0,'2015-03-05','no'),(103,1,1,'Johan001','Wei','2003-04-03 00:00:00','johan001@126.com','Johan001','w19930812','877ed8740afc59e565dc1ef1576f5844116a9a05190577e8','f1bbf69db6a5ce6e90fd31240424b62ef366416d9ea263e54609f1b8ef399d26','','EN',0,'2015-03-24','no'),(104,1,1,'Johan002','Wei','2003-04-03 00:00:00','johan002@126.com','Johan002','w19930812','4682bb0067f0d5e6074c35800f67bc5534bc8f1b91576bfe','6082c7236e40022e8a2ff3014e159521cdbf91b87c1020873d266671a0753d30','','EN',0,'2015-03-16','no'),(105,1,1,'Johan003','Wei','2003-04-03 00:00:00','johan003@126.com','Johan003','w19930812','8a3aea6a436cc09f7b4361201f8b36d432f3b226ca040de3','628958452e037738138f4a576b4de8d1b10991bb4133c685fa2ddf23635014ea','','EN',0,'2015-03-11','no'),(106,1,1,'Johan004','Wei','2003-04-03 00:00:00','johan004@126.com','Johan004','w19930812','987c77cc1765faa85c2acc841e33e52ba1b4e938c6d6d7a2','81f1bd864f1a86ff42948513fada9b2ab6c23054818360f546f9070d82d87645','','EN',0,'2015-03-06','no'),(107,1,1,'Johan00f4','Wei','2003-04-03 00:00:00','johan00f4@126.com','Johan00f4','w19930812','7e05b3b07cf2caaaacbdf58c6648fe5edf6cd573bb66915f','edc0de5efdcfb9fa80d28850cf77fc979b5e532d12b3b81136c18390ce361e23','','EN',0,'2015-02-28','no'),(108,1,4,'Kirsty','Beck','1992-02-26 00:00:00','kirsty.j.beck@gmail.com','KJBeck','bonjour1234','43ac8000de6fa1e03de3b838c8027542ef4c8c089889c3a8','7aa7b558933b40b4e49b3a0b4cff0c2f274d9c0c4dd32a0ba1ab53d8f4f08d7f','','EN',1,'2015-05-14','no'),(109,1,1,'Johan1','Wei','2003-04-03 00:00:00','johan1@126.com','Johan1','w19930812','273be6ce43adc1dd2b363d8424940e5cb868598fe8e25b18','f506a269791844d4ee318f2dcc550cc75cd480c7de59b146a2aeee6b0ef326c8','','EN',0,'2015-03-15','no'),(110,1,1,'Johan2','Wei','2003-04-03 00:00:00','johan2@126.com','Johan2','w19930812','1ceb6ecbafc7cc8ef23111fa48c02f516f9bd7fe256a1951','f26ef6a696d8f55f469e10f5f2f1b883891329fada4c8eed7065321c9d72f9b2','','EN',0,'2015-03-31','no'),(111,1,1,'Johan3','Wei','2003-04-03 00:00:00','johan3@126.com','Johan3','w19930812','f47318466a283caf0fed2795da73e9ee942a4c7678dfe27b','df6c88a4bd110443d39e8c0e585c28e6dc231112861e17d5f697434d98739efe','','EN',0,'2015-03-22','no'),(112,1,1,'Johan4','Wei','2003-04-03 00:00:00','johan4@126.com','Johan4','w19930812','5c8adf681afa8094dea7b16b98001c13b65c1eff8e5d4e0f','6b3c4de1b07e65e2ffad5978ccc3c216500390b20f41ab1a9fb0860e5d6e1af3','','EN',0,'2015-03-20','no'),(114,1,3,'James','Lu','1998-05-08 00:00:00','40100046@live.napier.ac.uk','jlu2015','password1','138410650371f61c974f5b2053900d100c789b1ae7525fb8','d54dbdcec89ab735442ff34c0842b2afd061eaf4bad82d11e039127e63866abb','','EN',0,'2015-04-03','no'),(115,2,9,'Haha','Tristan','2003-05-24 00:00:00','914919558@qq.com','Tristan','123456sen','dcfc510e52584551b76653e41e7021a4fdce9637ded08807','d02eb53c30c4c8ead80f556d0687cad807ea982d91c81d690e824a45d867c5c2','','EN',0,'2015-03-23','no'),(118,2,9,'f','f','2003-05-23 00:00:00','sigsauer@hotmail.fr','sigsauer','1234567890','e4277ab0b8d6cbfa13184eb45ff905bedbc9452134cdfdff','c4549ee57f92e5434cc348173f91b9fd37783ea761ce35cafe01733afb99e62c','','EN',0,'2015-03-15','no'),(119,2,9,'聆','枫','1991-09-30 00:00:00','2440228082@qq.com','ant221','csshl221','3831d5dd0223b999e376267f1f71963cf8b7f1d88998e520','159b917f9731c6f4b5934ee9c547c00a265d780007ea292eceb5f961510ccf4b','','EN',1,'2015-05-27','no'),(120,2,9,'ahavvv','♪(^∇^*)','1970-01-15 00:00:00','woca@qq.com','typhoon','typhoon123','096c0f9bc96978b67e9ac8d06624b9f9f50ed397640a4e32','82f0793e6786e2b8233db6c4619a95e87b91038efa9edc1a4224e456300a0bf4','<p>fffffffffffffffffffffffffff</p>','EN',1,'2015-05-27','no'),(122,2,9,'aha','wa','1970-01-01 00:00:00','wocafff@qq.com','lalala','typhoon','59803de97b466697b36236a374fa81892a7a29fe985107ae','648eb6e6edef99fe1592153a9121880a2934b5d78ec505489b2076ec97e639d1','','EN',0,'2015-05-27','no'),(123,2,9,'aha','wa','1999-12-01 00:00:00','wocafffw@qq.com','lalafla','typhoon','42358eb0a346223539de59290ac7c341e80dfd8179c09cb5','8aa1437ef37259aba5696a6c175a91de288f1f677438eaf85e55c55bf15dcaee','','EN',0,'2015-05-27','no'),(124,2,9,'aha','wa','1999-12-01 00:00:00','wocafffwe@qq.com','lalafdla','typhoon','8f0b320da9b4ffe809c6ba457d97df66940106070ea31d2f','fb9ae0b2b7d83991ef9709d5c0b2e0a27ff50b2bf925fa6a76d77ef0ceeb91ad','','EN',0,'2015-05-27','no'),(131,1,3,'SSS','','2015-08-26 00:00:00','137510917@qq.com','sssss','ssssss','d3491888f7d238495f38d74dbe65616438e7dfa313d83ca1','757525aa8b896624c5dcbedd644cb89201faeee9fb7fad047a13fc99ae836ba5','','CN',0,'2015-08-06','no'),(138,2,9,'Glen','','2015-08-01 00:00:00','1505047177@qq.com','zht123','ZHT123','550f0f997d115c09201c5c8125f52297288c82430fa992a1','1e4e0f3474a70ff954d1d90e32efb972e608ea1e51ddbbba50177851d704acd3','','CN',0,'2015-08-09','no'),(139,2,9,'赵','宏涛','1999-12-01 00:00:00','812434092@qq.com','541212010331','zht123','6df7d36b3db30aa39689719286ddaa1aa62692fa8bd927eb','fe4dfb76e9089594ea925887f6f929e3b1a1763ff590878fceaeb90413a88e56','','EN',0,'2015-08-12','no'),(140,1,1,'祝','外套','1999-12-01 00:00:00','13303859657@189.cn','541212010321','zht123','56892724ae4493a4df99fae9e11bf5b619cede5a1eb701c8','7755597f50a433e4b947de54bf01ba04abef9686bbee36c99c415b274310997e','','EN',0,'2015-08-30','no'),(141,2,9,'caidi','','1996-06-15 00:00:00','349614547@qq.com','cd1996','123456','72aca398a7d60bd9cd370e186122fda27e373101a1539a53','f537501a6901b76e30c045169c4b16609d8dde12438c2d619fc83138a31391e9','','CN',1,'2015-12-25','no');
/*!40000 ALTER TABLE `students` ENABLE KEYS */;
UNLOCK TABLES;

--
-- Table structure for table `studying`
--

DROP TABLE IF EXISTS `studying`;
/*!40101 SET @saved_cs_client     = @@character_set_client */;
/*!40101 SET character_set_client = utf8 */;
CREATE TABLE `studying` (
  `studyingID` int(6) NOT NULL AUTO_INCREMENT,
  `studentID` int(5) NOT NULL,
  `moduleID` int(5) NOT NULL,
  PRIMARY KEY (`studyingID`),
  KEY `studentID` (`studentID`),
  KEY `moduleID` (`moduleID`),
  CONSTRAINT `studying_ibfk_3` FOREIGN KEY (`studentID`) REFERENCES `students` (`studentID`) ON DELETE CASCADE,
  CONSTRAINT `studying_ibfk_4` FOREIGN KEY (`moduleID`) REFERENCES `module` (`moduleID`) ON DELETE CASCADE
) ENGINE=InnoDB AUTO_INCREMENT=520 DEFAULT CHARSET=latin1;
/*!40101 SET character_set_client = @saved_cs_client */;

--
-- Dumping data for table `studying`
--

LOCK TABLES `studying` WRITE;
/*!40000 ALTER TABLE `studying` DISABLE KEYS */;
INSERT INTO `studying` VALUES (1,1,84),(2,1,264),(3,1,585),(137,47,20),(138,47,103),(139,47,478),(143,49,46),(144,49,546),(145,49,652),(159,54,5),(160,54,6),(161,54,14),(165,56,84),(166,56,103),(167,56,341),(168,57,25),(169,57,84),(170,57,103),(171,58,19),(172,58,41),(173,58,69),(177,60,6),(178,60,39),(179,60,55),(189,64,71),(190,64,98),(191,64,115),(198,69,12),(199,69,13),(200,69,20),(201,70,666),(202,70,667),(203,70,668),(204,71,19),(205,71,41),(206,71,63),(210,73,666),(211,73,667),(212,73,668),(219,76,666),(220,76,667),(221,76,670),(222,76,671),(223,76,674),(224,76,675),(225,76,677),(226,76,679),(269,91,220),(270,91,280),(271,91,340),(272,91,371),(273,92,103),(274,92,478),(275,92,613),(276,93,25),(277,93,51),(278,93,84),(285,96,19),(286,96,41),(287,96,63),(288,97,19),(289,97,41),(290,108,15),(291,108,135),(292,108,629),(310,94,12),(311,94,13),(312,94,20),(313,94,25),(314,94,40),(315,94,46),(316,94,51),(317,94,62),(318,94,67),(319,94,74),(349,114,20),(350,114,168),(351,114,613),(352,115,668),(353,115,669),(354,115,680),(379,118,667),(380,118,668),(381,118,672),(394,89,23),(395,89,27),(396,89,33),(397,119,666),(398,119,671),(399,119,680),(418,131,13),(419,131,25),(420,131,40),(439,138,667),(440,138,668),(441,138,669),(511,90,666),(512,90,668),(513,90,669),(514,120,666),(515,120,668),(516,120,669),(517,141,669),(518,141,737),(519,141,738);
/*!40000 ALTER TABLE `studying` ENABLE KEYS */;
UNLOCK TABLES;

--
-- Table structure for table `tag`
--

DROP TABLE IF EXISTS `tag`;
/*!40101 SET @saved_cs_client     = @@character_set_client */;
/*!40101 SET character_set_client = utf8 */;
CREATE TABLE `tag` (
  `tagID` int(11) NOT NULL AUTO_INCREMENT,
  `tag_categoryID` int(11) NOT NULL,
  `name_CN` varchar(30) CHARACTER SET utf8 NOT NULL,
  `name_EN` varchar(30) CHARACTER SET utf8 NOT NULL,
  PRIMARY KEY (`tagID`,`tag_categoryID`),
  KEY `subject_categoryID` (`tag_categoryID`),
  CONSTRAINT `Tag_ibfk_1` FOREIGN KEY (`Tag_categoryID`) REFERENCES `tag_category` (`Tag_categoryID`)
) ENGINE=InnoDB DEFAULT CHARSET=latin1;
/*!40101 SET character_set_client = @saved_cs_client */;

--
-- Dumping data for table `tag`
--

LOCK TABLES `tag` WRITE;
/*!40000 ALTER TABLE `tag` DISABLE KEYS */;
INSERT INTO `tag` VALUES (3,2,'云计算&大数据','云计算&大数据'),(4,2,'机器学习','机器学习'),(5,2,'Java入门','Java入门'),(6,1,'PS入门','PS入门'),(7,2,'文学欣赏','文学欣赏'),(8,2,'K线分析','K线分析');
/*!40000 ALTER TABLE `tag` ENABLE KEYS */;
UNLOCK TABLES;

--
-- Table structure for table `tag_category`
--

DROP TABLE IF EXISTS `tag_category`;
/*!40101 SET @saved_cs_client     = @@character_set_client */;
/*!40101 SET character_set_client = utf8 */;
CREATE TABLE `tag_category` (
  `tag_categoryID` int(11) NOT NULL AUTO_INCREMENT,
  `name_CN` varchar(30) CHARACTER SET utf8 NOT NULL,
  `name_EN` varchar(30) CHARACTER SET utf8 NOT NULL,
  PRIMARY KEY (`tag_categoryID`)
) ENGINE=InnoDB DEFAULT CHARSET=latin1;
/*!40101 SET character_set_client = @saved_cs_client */;

--
-- Dumping data for table `tag_category`
--

LOCK TABLES `tag_category` WRITE;
/*!40000 ALTER TABLE `tag_category` DISABLE KEYS */;
INSERT INTO `tag_category` VALUES (1,'数学','Math'),(2,'计算机','Computer');
/*!40000 ALTER TABLE `tag_category` ENABLE KEYS */;
UNLOCK TABLES;

--
-- Table structure for table `tag_group`
--

DROP TABLE IF EXISTS `tag_group`;
/*!40101 SET @saved_cs_client     = @@character_set_client */;
/*!40101 SET character_set_client = utf8 */;
CREATE TABLE `tag_group` (
  `tagID` int(11) NOT NULL,
  `groupID` int(11) NOT NULL
) ENGINE=InnoDB DEFAULT CHARSET=latin1;
/*!40101 SET character_set_client = @saved_cs_client */;

--
-- Dumping data for table `tag_group`
--

LOCK TABLES `tag_group` WRITE;
/*!40000 ALTER TABLE `tag_group` DISABLE KEYS */;
INSERT INTO `tag_group` VALUES (3,74),(4,74),(5,74),(98,98),(99,98),(100,98),(101,99),(102,99),(103,99),(104,100),(105,100),(106,100),(107,101),(108,101),(109,101),(110,102),(111,102),(112,102),(113,103),(114,103),(115,103),(116,104),(117,104),(118,104),(22,107),(23,107),(34,107),(22,108),(23,108),(34,108),(22,109),(23,109),(34,109),(22,110),(23,110),(34,110),(22,111),(23,111),(34,111),(22,112),(23,112),(34,112),(22,113),(23,113),(34,113),(22,114),(23,114),(34,114);
/*!40000 ALTER TABLE `tag_group` ENABLE KEYS */;
UNLOCK TABLES;

--
-- Table structure for table `university`
--

DROP TABLE IF EXISTS `university`;
/*!40101 SET @saved_cs_client     = @@character_set_client */;
/*!40101 SET character_set_client = utf8 */;
CREATE TABLE `university` (
  `universityID` int(4) NOT NULL AUTO_INCREMENT,
  `name` varchar(100) NOT NULL,
  `location` varchar(20) NOT NULL,
  PRIMARY KEY (`universityID`)
) ENGINE=InnoDB AUTO_INCREMENT=54 DEFAULT CHARSET=utf8;
/*!40101 SET character_set_client = @saved_cs_client */;

--
-- Dumping data for table `university`
--

LOCK TABLES `university` WRITE;
/*!40000 ALTER TABLE `university` DISABLE KEYS */;
INSERT INTO `university` VALUES (1,'Edinburgh Napier University','Edinburgh'),(2,'郑州轻工业学院','Zhengzhou'),(41,'河南中医','郑州东区'),(42,'河南农大','郑州'),(47,'河南财经政法大学','郑州'),(48,'河南师范','郑州'),(49,'河南大学','郑州'),(51,'河南工业大学','河南省'),(52,'华北水利水电学院','河南省'),(53,'洛阳理工学院','河南省');
/*!40000 ALTER TABLE `university` ENABLE KEYS */;
UNLOCK TABLES;

--
-- Table structure for table `universitys_info`
--

DROP TABLE IF EXISTS `universitys_info`;
/*!40101 SET @saved_cs_client     = @@character_set_client */;
/*!40101 SET character_set_client = utf8 */;
CREATE TABLE `universitys_info` (
  `university_ID` int(11) NOT NULL AUTO_INCREMENT,
  `name` varchar(20) CHARACTER SET utf8 NOT NULL,
  `location` varchar(10) CHARACTER SET utf8 NOT NULL,
  PRIMARY KEY (`university_ID`)
) ENGINE=InnoDB AUTO_INCREMENT=2176 DEFAULT CHARSET=latin1;
/*!40101 SET character_set_client = @saved_cs_client */;

--
-- Dumping data for table `universitys_info`
--

LOCK TABLES `universitys_info` WRITE;
/*!40000 ALTER TABLE `universitys_info` DISABLE KEYS */;
INSERT INTO `universitys_info` VALUES (1,'清华大学','北京'),(2,'北京大学','北京'),(3,'中国人民大学','北京'),(4,'北京航空航天大学','北京'),(5,'北京邮电大学','北京'),(6,'北京师范大学','北京'),(7,'中国传媒大学','北京'),(8,'北京语言大学','北京'),(9,'北京科技大学','北京'),(10,'中国农业大学','北京'),(11,'北京理工大学','北京'),(12,'北京林业大学','北京'),(13,'北京交通大学','北京'),(14,'中国矿业大学（北京）','北京'),(15,'北京信息科技大学','北京'),(16,'北京工业大学','北京'),(17,'北京化工大学','北京'),(18,'中国政法大学','北京'),(19,'对外经贸大学','北京'),(20,'中央民族大学','北京'),(21,'中国地质大学（北京）','北京'),(22,'中科院','北京'),(23,'北京中医药大学','北京'),(24,'首都经济贸易大学','北京'),(25,'中央财经大学','北京'),(26,'北方工业大学','北京'),(27,'中国石油大学（北京）','北京'),(28,'外交学院','北京'),(29,'首都师范大学','北京'),(30,'中央戏剧学院','北京'),(31,'中国青年政治学院','北京'),(32,'北京外国语大学','北京'),(33,'华北电力大学（北京）','北京'),(34,'中国人民公安大学','北京'),(35,'北京协和医学院','北京'),(36,'北京体育大学','北京'),(37,'北京工商大学','北京'),(38,'北京联合大学','北京'),(39,'首都医科大学','北京'),(40,'国际关系学院','北京'),(41,'中央美术学院','北京'),(42,'北京电子科技学院','北京'),(43,'中国劳动关系学院','北京'),(44,'中华女子学院','北京'),(45,'北京建筑工程学院','北京'),(46,'北京印刷学院','北京'),(47,'北京石油化工学院','北京'),(48,'首钢工学院','北京'),(49,'北京农学院','北京'),(50,'首都体育学院','北京'),(51,'北京第二外国语学院','北京'),(52,'北京物资学院','北京'),(53,'北京警察学院','北京'),(54,'中央音乐学院','北京'),(55,'中国戏曲学院','北京'),(56,'北京舞蹈学院','北京'),(57,'北京城市学院','北京'),(58,'北京电影学院','北京'),(59,'北京服装学院','北京'),(60,'北京工商大学嘉华学院','北京'),(61,'首都师范大学科德学院','北京'),(62,'北京工业大学耿丹学院','北京'),(63,'北京化工大学北方学院','北京'),(64,'北京联合大学广告学院','北京'),(65,'北京邮电大学世纪学院','北京'),(66,'北京大学医学部','北京'),(67,'北京政法职业学院','北京'),(68,'北京信息职业技术学院','北京'),(69,'北京现代职业技术学院','北京'),(70,'北京现代音乐研修学院','北京'),(71,'北京戏曲艺术职业学院','北京'),(72,'北京锡华国际经贸职业学院','北京'),(73,'北京盛基艺术学校','北京'),(74,'北京培黎职业学院','北京'),(75,'北京农业职业学院','北京'),(76,'北京科技职业学院','北京'),(77,'北京科技经营管理学院','北京'),(78,'北京经贸职业学院','北京'),(79,'北京经济技术职业学院','北京'),(80,'北京京北职业技术学院','北京'),(81,'北京交通职业技术学院','北京'),(82,'北京吉利大学','北京'),(83,'北京汇佳职业学院','北京'),(84,'北京工业职业技术学院','北京'),(85,'北京工商管理专修学院','北京'),(86,'北京电子科技职业学院','北京'),(87,'北京财贸职业学院','北京'),(88,'北京北大方正软件技术学院','北京'),(89,'北大资源美术学院','北京'),(90,'北京人文大学','北京'),(91,'北京高等秘书学院','北京'),(92,'北京应用技术大学','北京'),(93,'中国防卫科技学院','北京'),(94,'中国音乐学院','北京'),(95,'中国信息大学','北京'),(96,'北京青年政治学院','北京'),(97,'北京财经专修学院','北京'),(98,'北京经济管理职业学院','北京'),(99,'北京美国英语语言学院','北京'),(100,'中国管理软件学院','北京'),(101,'财政部财政科学研究所','北京'),(102,'北大资源学院','北京'),(103,'现代管理大学','北京'),(104,'北京民族大学','北京'),(105,'北京市劳动保障职业学院','北京'),(106,'北京市建设职工大学','北京'),(107,'北京市房地产职工大学','北京'),(108,'北京市汽车工业总公司职工大学','北京'),(109,'北京市西城经济科学大学','北京'),(110,'北京市丰台区职工大学','北京'),(111,'北京广播电视大学','北京'),(112,'北京教育学院','北京'),(113,'北京市东城区职工业余大学','北京'),(114,'北京市总工会职工大学','北京'),(115,'北京市海淀区职工大学','北京'),(116,'北京市崇文区职工大学','北京'),(117,'北京宣武红旗业余大学','北京'),(118,'北京市石景山区业余大学','北京'),(119,'北京市朝阳区职工大学','北京'),(120,'北京市机械工业局职工大学','北京'),(121,'北京医药集团职工大学','北京'),(122,'北京劳动保障职业学院','北京'),(123,'北京社会管理职业学院','北京'),(124,'北京演艺专修学院','北京'),(125,'北京兴华大学','北京'),(126,'北京新园明职业学院','北京'),(127,'中央党校研究生院','北京'),(128,'中国社科院','北京'),(129,'北京旅游专修学院','北京'),(130,'东方文化艺术学院','北京'),(131,'首都联合职工大学','北京'),(132,'中国农业科学院','北京'),(133,'北京影视研修学院','北京'),(134,'国家法官学院','北京'),(135,'北京建设大学','北京'),(136,'北京金融学院','北京'),(137,'北京黄埔大学','北京'),(138,'中瑞酒店管理学院','北京'),(139,'中国建筑设计研究院','北京'),(140,'北京文理研修学院','北京'),(141,'北京当代艺术学院','北京'),(142,'北京大学国际法学院','北京'),(143,'北京交通运输职业学院','北京'),(144,'中国艺术研究院','北京'),(145,'北京工业大学通州分校','北京'),(146,'北京八维研修学院','北京'),(147,'网络销售大学','北京'),(148,'朝阳二外','北京'),(149,'中北国际演艺学校','北京'),(150,'清华大学','北京'),(151,'中国石油大学','北京'),(152,'华北电力大学','北京'),(153,'对外经济贸易大学','北京'),(154,'北京北大方正软件职业技术学院','北京'),(155,'北京体育职业学院','北京'),(156,'北京新圆明职业学院','北京'),(157,'南开大学','天津市'),(158,'天津大学','天津市'),(159,'中国民航大学','天津市'),(160,'天津工业大学','天津市'),(161,'天津科技大学','天津市'),(162,'天津理工大学','天津市'),(163,'天津医科大学','天津市'),(164,'天津中医药大学','天津市'),(165,'天津师范大学','天津市'),(166,'天津职业技术师范大学','天津市'),(167,'天津外国语大学','天津市'),(168,'天津财经大学','天津市'),(169,'天津商业大学','天津市'),(170,'天津天狮学院','天津市'),(171,'天津城市建设学院','天津市'),(172,'天津农学院','天津市'),(173,'天津体育学院','天津市'),(174,'天津美术学院','天津市'),(175,'天津音乐学院','天津市'),(176,'天津医学高等专科学校','天津市'),(177,'天津渤海职业技术学院','天津市'),(178,'天津公安警官职业学院','天津市'),(179,'天津轻工职业技术学院','天津市'),(180,'天津滨海职业学院','天津市'),(181,'天津职业大学','天津市'),(182,'天津机电职业技术学院','天津市'),(183,'天津工程职业技术学院','天津市'),(184,'天津电子信息职业技术学院','天津市'),(185,'天津现代职业技术学院','天津市'),(186,'天津中德职业技术学院','天津市'),(187,'天津生物工程职业技术学院','天津市'),(188,'天津冶金职业技术学院','天津市'),(189,'天津城市职业学院','天津市'),(190,'天津海运职业学院','天津市'),(191,'天津城市建设管理职业技术学院','天津市'),(192,'天津铁道职业技术学院','天津市'),(193,'天津石油职业技术学院','天津市'),(194,'天津交通职业学院','天津市'),(195,'天津青年职业学院','天津市'),(196,'天津工艺美术职业学院','天津市'),(197,'天津开发区职业技术学院','天津市'),(198,'天津艺术职业学院','天津市'),(199,'天津广播影视职业学院','天津市'),(200,'天津商务职业学院','天津市'),(201,'天津国土资源和房屋职业学院','天津市'),(202,'河北大学','河北省'),(203,'河北工业大学','河北省'),(204,'燕山大学','河北省'),(205,'河北联合大学','河北省'),(206,'河北科技大学','河北省'),(207,'石家庄铁道大学','河北省'),(208,'河北工程大学','河北省'),(209,'河北农业大学','河北省'),(210,'河北医科大学','河北省'),(211,'河北师范大学','河北省'),(212,'河北经贸大学','河北省'),(213,'中国人民武装警察部队学院','河北省'),(214,'中央司法警官学院','河北省'),(215,'防灾科技学院','河北省'),(216,'华北科技学院','河北省'),(217,'石家庄经济学院','河北省'),(218,'河北建筑工程学院','河北省'),(219,'北华航天工业学院','河北省'),(220,'河北科技学院','河北省'),(221,'承德医学院','河北省'),(222,'唐山师范学院','河北省'),(223,'廊坊师范学院','河北省'),(224,'邢台学院','河北省'),(225,'沧州师范学院','河北省'),(226,'河北科技师范学院','河北省'),(227,'河北民族师范学院','河北省'),(228,'河北金融学院','河北省'),(229,'河北体育学院','河北省'),(230,'河北传媒学院','河北省'),(231,'河北美术学院','河北省'),(232,'唐山学院','河北省'),(233,'石家庄学院','河北省'),(234,'衡水学院','河北省'),(235,'邯郸学院','河北省'),(236,'保定学院','河北省'),(237,'河北北方学院','河北省'),(238,'沧州医学高等专科学校','河北省'),(239,'承德石油高等专科学校','河北省'),(240,'河北工程技术高等专科学校','河北省'),(241,'石家庄人民医学高等专科学校','河北省'),(242,'石家庄医学高等专科学校','河北省'),(243,'邢台医学高等专科学校','河北省'),(244,'石家庄幼儿师范高等专科学校','河北省'),(245,'承德护理职业学院','河北省'),(246,'河北化工医药职业技术学院','河北省'),(247,'邢台职业技术学院','河北省'),(248,'沧州职业技术学院','河北省'),(249,'石家庄铁路职业技术学院','河北省'),(250,'张家口职业技术学院','河北省'),(251,'邯郸职业技术学院','河北省'),(252,'河北工业职业技术学院','河北省'),(253,'河北能源职业技术学院','河北省'),(254,'石家庄职业技术学院','河北省'),(255,'保定职业技术学院','河北省'),(256,'河北司法警官职业学院','河北省'),(257,'衡水职业技术学院','河北省'),(258,'河北外国语职业学院','河北省'),(259,'秦皇岛职业技术学院','河北省'),(260,'石家庄外国语职业学院','河北省'),(261,'石家庄信息工程职业学院','河北省'),(262,'石家庄财经职业学院','河北省'),(263,'冀中职业学院','河北省'),(264,'河北劳动关系职业学院','河北省'),(265,'河北交通职业技术学院','河北省'),(266,'石家庄科技职业学院','河北省'),(267,'石家庄外事职业学院','河北省'),(268,'石家庄邮电职业技术学院','河北省'),(269,'河北政法职业学院','河北省'),(270,'石家庄理工职业学院','河北省'),(271,'石家庄城市职业学院','河北省'),(272,'唐山工业职业技术学院','河北省'),(273,'唐山职业技术学院','河北省'),(274,'河北旅游职业学院','河北省'),(275,'河北女子职业技术学院','河北省'),(276,'廊坊东方职业技术学院','河北省'),(277,'泊头职业学院','河北省'),(278,'宣化科技职业学院','河北省'),(279,'廊坊职业技术学院','河北省'),(280,'保定电力职业技术学院','河北省'),(281,'河北机电职业技术学院','河北省'),(282,'唐山科技职业技术学院','河北省'),(283,'渤海石油职业学院','河北省'),(284,'河北公安警察职业学院','河北省'),(285,'石家庄科技信息职业学院','河北省'),(286,'河北石油职业技术学院','河北省'),(287,'河北省艺术职业学院','河北省'),(288,'河北软件职业技术学院','河北省'),(289,'石家庄科技工程职业学院','河北省'),(290,'石家庄外语翻译职业学院','河北省'),(291,'河北建材职业技术学院','河北省'),(292,'石家庄计算机职业学院','河北省'),(293,'廊坊卫生职业学院','河北省'),(294,'石家庄工商职业学院','河北省'),(295,'廊坊燕京职业技术学院','河北省'),(296,'山西大学','山西省'),(297,'太原理工大学','山西省'),(298,'中北大学','山西省'),(299,'太原科技大学','山西省'),(300,'山西农业大学','山西省'),(301,'山西医科大学','山西省'),(302,'山西师范大学','山西省'),(303,'山西大同大学','山西省'),(304,'山西财经大学','山西省'),(305,'太原工业学院','山西省'),(306,'山西中医学院','山西省'),(307,'长治医学院','山西省'),(308,'长治学院','山西省'),(309,'运城学院','山西省'),(310,'晋中学院','山西省'),(311,'忻州师范学院','山西省'),(312,'吕梁学院','山西省'),(313,'太原师范学院','山西省'),(314,'山西工商学院','山西省'),(315,'太原电力高等专科学校','山西省'),(316,'晋中师范高等专科学校','山西省'),(317,'阳泉师范高等专科学校','山西省'),(318,'运城幼儿师范高等专科学校','山西省'),(319,'山西省财政税务专科学校','山西省'),(320,'山西警官高等专科学校','山西省'),(321,'太原大学','山西省'),(322,'大同煤炭职业技术学院','山西省'),(323,'山西职业技术学院','山西省'),(324,'山西青年职业学院','山西省'),(325,'山西林业职业技术学院','山西省'),(326,'山西水利职业技术学院','山西省'),(327,'阳泉职业技术学院','山西省'),(328,'山西兴华职业学院','山西省'),(329,'山西建筑职业技术学院','山西省'),(330,'晋城职业技术学院','山西省'),(331,'长治职业技术学院','山西省'),(332,'山西生物应用职业技术学院','山西省'),(333,'山西交通职业技术学院','山西省'),(334,'山西金融职业学院','山西省'),(335,'山西艺术职业学院','山西省'),(336,'山西工程职业技术学院','山西省'),(337,'太原旅游职业学院','山西省'),(338,'忻州职业技术学院','山西省'),(339,'山西体育职业学院','山西省'),(340,'山西警官职业学院','山西省'),(341,'山西国际商务职业学院','山西省'),(342,'山西电力职业技术学院','山西省'),(343,'运城职业技术学院','山西省'),(344,'山西财贸职业技术学院','山西省'),(345,'山西老区职业技术学院','山西省'),(346,'太原城市职业技术学院','山西省'),(347,'潞安职业技术学院','山西省'),(348,'山西旅游职业学院','山西省'),(349,'山西管理职业学院','山西省'),(350,'山西经贸职业学院','山西省'),(351,'山西轻工职业技术学院','山西省'),(352,'山西煤炭职业技术学院','山西省'),(353,'山西信息职业技术学院','山西省'),(354,'山西华澳商贸职业学院','山西省'),(355,'山西戏剧职业学院','山西省'),(356,'晋中职业技术学院','山西省'),(357,'山西运城农业职业技术学院','山西省'),(358,'朔州职业技术学院','山西省'),(359,'临汾职业技术学院','山西省'),(360,'山西同文职业技术学院','山西省'),(361,'山西机电职业技术学院','山西省'),(362,'内蒙古大学','内蒙古自治区'),(363,'内蒙古科技大学','内蒙古自治区'),(364,'内蒙古民族大学','内蒙古自治区'),(365,'内蒙古工业大学','内蒙古自治区'),(366,'内蒙古农业大学','内蒙古自治区'),(367,'内蒙古师范大学','内蒙古自治区'),(368,'内蒙古医学院','内蒙古自治区'),(369,'赤峰学院','内蒙古自治区'),(370,'呼和浩特民族学院','内蒙古自治区'),(371,'集宁师范学院','内蒙古自治区'),(372,'呼伦贝尔学院','内蒙古自治区'),(373,'内蒙古财经学院','内蒙古自治区'),(374,'乌兰察布医学高等专科学校','内蒙古自治区'),(375,'满洲里俄语职业学院','内蒙古自治区'),(376,'包头职业技术学院','内蒙古自治区'),(377,'内蒙古建筑职业技术学院','内蒙古自治区'),(378,'河套大学','内蒙古自治区'),(379,'内蒙古能源职业学院','内蒙古自治区'),(380,'通辽职业学院','内蒙古自治区'),(381,'阿拉善职业技术学院','内蒙古自治区'),(382,'内蒙古化工职业学院','内蒙古自治区'),(383,'乌海职业技术学院','内蒙古自治区'),(384,'内蒙古交通职业技术学院','内蒙古自治区'),(385,'赤峰职业技术学院','内蒙古自治区'),(386,'内蒙古机电职业技术学院','内蒙古自治区'),(387,'内蒙古科技职业学院','内蒙古自治区'),(388,'内蒙古商贸职业学院','内蒙古自治区'),(389,'包头轻工职业技术学院','内蒙古自治区'),(390,'包头铁道职业技术学院','内蒙古自治区'),(391,'乌兰察布职业学院','内蒙古自治区'),(392,'鄂尔多斯职业学院','内蒙古自治区'),(393,'科尔沁艺术职业学院','内蒙古自治区'),(394,'内蒙古北方职业技术学院','内蒙古自治区'),(395,'兴安职业技术学院','内蒙古自治区'),(396,'包头钢铁职业技术学院','内蒙古自治区'),(397,'内蒙古体育职业学院','内蒙古自治区'),(398,'内蒙古警察职业学院','内蒙古自治区'),(399,'内蒙古经贸外语职业学院','内蒙古自治区'),(400,'呼和浩特职业学院','内蒙古自治区'),(401,'锡林郭勒职业学院','内蒙古自治区'),(402,'赤峰工业职业技术学院','内蒙古自治区'),(403,'内蒙古电子信息职业技术学院','内蒙古自治区'),(404,'内蒙古丰州职业学院','内蒙古自治区'),(405,'内蒙古轩元职业学院','内蒙古自治区'),(406,'呼伦贝尔职业技术学院','内蒙古自治区'),(407,'大连理工大学','辽宁省'),(408,'东北大学','辽宁省'),(409,'大连海事大学','辽宁省'),(410,'辽宁大学','辽宁省'),(411,'沈阳大学','辽宁省'),(412,'大连大学','辽宁省'),(413,'沈阳理工大学','辽宁省'),(414,'辽宁工程技术大学','辽宁省'),(415,'沈阳工业大学','辽宁省'),(416,'沈阳建筑大学','辽宁省'),(417,'辽宁石油化工大学','辽宁省'),(418,'大连交通大学','辽宁省'),(419,'沈阳化工大学','辽宁省'),(420,'辽宁科技大学','辽宁省'),(421,'辽宁工业大学','辽宁省'),(422,'大连工业大学','辽宁省'),(423,'沈阳航空航天大学','辽宁省'),(424,'沈阳农业大学','辽宁省'),(425,'大连海洋大学','辽宁省'),(426,'中国医科大学','辽宁省'),(427,'大连医科大学','辽宁省'),(428,'辽宁中医药大学','辽宁省'),(429,'沈阳药科大学','辽宁省'),(430,'辽宁师范大学','辽宁省'),(431,'沈阳师范大学','辽宁省'),(432,'渤海大学','辽宁省'),(433,'东北财经大学','辽宁省'),(434,'大连民族学院','辽宁省'),(435,'中国刑事警察学院','辽宁省'),(436,'沈阳工程学院','辽宁省'),(437,'辽宁科技学院','辽宁省'),(438,'大连东软信息学院','辽宁省'),(439,'大连科技学院','辽宁省'),(440,'辽宁医学院','辽宁省'),(441,'沈阳医学院','辽宁省'),(442,'辽宁何氏医学院','辽宁省'),(443,'鞍山师范学院','辽宁省'),(444,'大连外国语学院','辽宁省'),(445,'辽宁财贸学院','辽宁省'),(446,'沈阳体育学院','辽宁省'),(447,'鲁迅美术学院','辽宁省'),(448,'沈阳音乐学院','辽宁省'),(449,'大连艺术学院','辽宁省'),(450,'辽宁对外经贸学院','辽宁省'),(451,'辽东学院','辽宁省'),(452,'辽宁交通高等专科学校','辽宁省'),(453,'抚顺师范高等专科学校','辽宁省'),(454,'锦州师范高等专科学校','辽宁省'),(455,'朝阳师范高等专科学校','辽宁省'),(456,'铁岭师范高等专科学校','辽宁省'),(457,'辽宁税务高等专科学校','辽宁省'),(458,'辽宁警官高等专科学校','辽宁省'),(459,'阜新高等专科学校','辽宁省'),(460,'辽宁城市建设职业技术学院','辽宁省'),(461,'辽宁冶金职业技术学院','辽宁省'),(462,'辽宁工程职业学院','辽宁省'),(463,'铁岭卫生职业学院','辽宁省'),(464,'辽宁卫生职业技术学院','辽宁省'),(465,'大连商务职业学院','辽宁省'),(466,'渤海船舶职业学院','辽宁省'),(467,'辽宁农业职业技术学院','辽宁省'),(468,'营口职业技术学院','辽宁省'),(469,'大连职业技术学院','辽宁省'),(470,'辽阳职业技术学院','辽宁省'),(471,'抚顺职业技术学院','辽宁省'),(472,'盘锦职业技术学院','辽宁省'),(473,'辽宁现代服务职业技术学院','辽宁省'),(474,'大连航运职业技术学院','辽宁省'),(475,'辽宁广告职业学院','辽宁省'),(476,'辽宁体育运动职业技术学院','辽宁省'),(477,'辽宁职业学院','辽宁省'),(478,'大连装备制造职业技术学院','辽宁省'),(479,'大连汽车职业技术学院','辽宁省'),(480,'辽宁林业职业技术学院','辽宁省'),(481,'辽宁金融职业学院','辽宁省'),(482,'大连艺术职业学院','辽宁省'),(483,'辽宁铁道职业技术学院','辽宁省'),(484,'大连东软信息技术职业学院','辽宁省'),(485,'辽宁理工职业学院','辽宁省'),(486,'辽宁石化职业技术学院','辽宁省'),(487,'辽宁经济职业技术学院','辽宁省'),(488,'辽宁机电职业技术学院','辽宁省'),(489,'辽宁建筑职业技术学院','辽宁省'),(490,'沈阳职业技术学院','辽宁省'),(491,'辽宁信息职业技术学院','辽宁省'),(492,'沈阳航空职业技术学院','辽宁省'),(493,'辽宁地质工程职业学院','辽宁省'),(494,'辽宁美术职业学院','辽宁省'),(495,'大连软件职业学院','辽宁省'),(496,'大连翻译职业学院','辽宁省'),(497,'辽宁商贸职业学院','辽宁省'),(498,'大连枫叶职业技术学院','辽宁省'),(499,'辽宁装备制造职业技术学院','辽宁省'),(500,'辽河石油职业技术学院','辽宁省'),(501,'吉林大学','吉林省'),(502,'东北师范大学','吉林省'),(503,'延边大学','吉林省'),(504,'北华大学','吉林省'),(505,'长春大学','吉林省'),(506,'长春理工大学','吉林省'),(507,'长春工业大学','吉林省'),(508,'吉林农业大学','吉林省'),(509,'长春中医药大学','吉林省'),(510,'吉林师范大学','吉林省'),(511,'吉林财经大学','吉林省'),(512,'东北电力大学','吉林省'),(513,'长春工程学院','吉林省'),(514,'吉林建筑工程学院','吉林省'),(515,'吉林化工学院','吉林省'),(516,'长春建筑学院','吉林省'),(517,'吉林农业科技学院','吉林省'),(518,'吉林医药学院','吉林省'),(519,'吉林工程技术师范学院','吉林省'),(520,'通化师范学院','吉林省'),(521,'长春师范学院','吉林省'),(522,'白城师范学院','吉林省'),(523,'吉林华桥外国语学院','吉林省'),(524,'吉林工商学院','吉林省'),(525,'吉林警察学院','吉林省'),(526,'吉林体育学院','吉林省'),(527,'吉林艺术学院','吉林省'),(528,'吉林动画学院','吉林省'),(529,'白城医学高等专科学校','吉林省'),(530,'长春汽车工业高等专科学校','吉林省'),(531,'长春医学高等专科学校','吉林省'),(532,'长春金融高等专科学校','吉林省'),(533,'吉林科技职业技术学院','吉林省'),(534,'吉林交通职业技术学院','吉林省'),(535,'长春东方职业学院','吉林省'),(536,'辽源职业技术学院','吉林省'),(537,'四平职业大学','吉林省'),(538,'吉林司法警官职业学院','吉林省'),(539,'长白山职业技术学院','吉林省'),(540,'长春信息技术职业学院','吉林省'),(541,'白城职业技术学院','吉林省'),(542,'长春职业技术学院','吉林省'),(543,'吉林农业工程职业技术学院','吉林省'),(544,'吉林工业职业技术学院','吉林省'),(545,'松原职业技术学院','吉林省'),(546,'延边职业技术学院','吉林省'),(547,'吉林铁道职业技术学院','吉林省'),(548,'吉林电子信息职业技术学院','吉林省'),(549,'东北林业大学','黑龙江省'),(550,'哈尔滨工业大学','黑龙江省'),(551,'哈尔滨工程大学','黑龙江省'),(552,'黑龙江大学','黑龙江省'),(553,'佳木斯大学','黑龙江省'),(554,'齐齐哈尔大学','黑龙江省'),(555,'哈尔滨理工大学','黑龙江省'),(556,'东北石油大学','黑龙江省'),(557,'东北农业大学','黑龙江省'),(558,'黑龙江八一农垦大学','黑龙江省'),(559,'哈尔滨医科大学','黑龙江省'),(560,'黑龙江中医药大学','黑龙江省'),(561,'哈尔滨师范大学','黑龙江省'),(562,'哈尔滨商业大学','黑龙江省'),(563,'齐齐哈尔工程学院','黑龙江省'),(564,'黑龙江科技学院','黑龙江省'),(565,'黑龙江工程学院','黑龙江省'),(566,'哈尔滨学院','黑龙江省'),(567,'牡丹江医学院','黑龙江省'),(568,'齐齐哈尔医学院','黑龙江省'),(569,'大庆师范学院','黑龙江省'),(570,'牡丹江师范学院','黑龙江省'),(571,'黑龙江外国语学院','黑龙江省'),(572,'哈尔滨金融学院','黑龙江省'),(573,'哈尔滨德强商务学院','黑龙江省'),(574,'哈尔滨体育学院','黑龙江省'),(575,'绥化学院','黑龙江省'),(576,'黑龙江东方学院','黑龙江省'),(577,'哈尔滨剑桥学院','黑龙江省'),(578,'黑河学院','黑龙江省'),(579,'哈尔滨华德学院','黑龙江省'),(580,'大庆医学高等专科学校','黑龙江省'),(581,'黑龙江护理高等专科学校','黑龙江省'),(582,'齐齐哈尔高等师范专科学校','黑龙江省'),(583,'黑龙江幼儿师范高等专科学校','黑龙江省'),(584,'鹤岗师范高等专科学校','黑龙江省'),(585,'黑龙江科技职业学院','黑龙江省'),(586,'大庆职业学院','黑龙江省'),(587,'黑龙江农业职业技术学院','黑龙江省'),(588,'鸡西大学','黑龙江省'),(589,'黑龙江农业工程职业学院','黑龙江省'),(590,'黑龙江司法警官职业学院','黑龙江省'),(591,'黑龙江林业职业技术学院','黑龙江省'),(592,'黑龙江建筑职业技术学院','黑龙江省'),(593,'牡丹江大学','黑龙江省'),(594,'黑龙江农垦职业学院','黑龙江省'),(595,'伊春职业学院','黑龙江省'),(596,'大兴安岭职业学院','黑龙江省'),(597,'黑龙江民族职业学院','黑龙江省'),(598,'哈尔滨江南职业技术学院','黑龙江省'),(599,'黑龙江农业经济职业学院','黑龙江省'),(600,'黑龙江工商职业技术学院','黑龙江省'),(601,'哈尔滨电力职业技术学院','黑龙江省'),(602,'七台河职业学院','黑龙江省'),(603,'哈尔滨铁道职业技术学院','黑龙江省'),(604,'黑龙江公安警官职业学院','黑龙江省'),(605,'黑龙江信息技术职业学院','黑龙江省'),(606,'黑龙江煤炭职业技术学院','黑龙江省'),(607,'黑龙江生态工程职业学院','黑龙江省'),(608,'黑龙江三江美术职业学院','黑龙江省'),(609,'黑龙江旅游职业技术学院','黑龙江省'),(610,'哈尔滨科学技术职业学院','黑龙江省'),(611,'黑龙江农垦科技职业学院','黑龙江省'),(612,'哈尔滨职业技术学院','黑龙江省'),(613,'黑龙江生物科技职业学院','黑龙江省'),(614,'佳木斯职业学院','黑龙江省'),(615,'哈尔滨现代公共关系职业学院','黑龙江省'),(616,'黑龙江粮食职业学院','黑龙江省'),(617,'哈尔滨华夏计算机职业技术学院','黑龙江省'),(618,'黑龙江艺术职业学院','黑龙江省'),(619,'哈尔滨应用职业技术学院','黑龙江省'),(620,'黑龙江交通职业技术学院','黑龙江省'),(621,'黑龙江商业职业学院','黑龙江省'),(622,'复旦大学','上海市'),(623,'同济大学','上海市'),(624,'上海交通大学','上海市'),(625,'华东理工大学','上海市'),(626,'东华大学','上海市'),(627,'华东师范大学','上海市'),(628,'上海外国语大学','上海市'),(629,'上海财经大学','上海市'),(630,'上海大学','上海市'),(631,'上海理工大学','上海市'),(632,'上海海事大学','上海市'),(633,'上海工程技术大学','上海市'),(634,'上海海洋大学','上海市'),(635,'上海中医药大学','上海市'),(636,'上海师范大学','上海市'),(637,'华东政法大学','上海市'),(638,'上海海关学院','上海市'),(639,'上海建桥学院','上海市'),(640,'上海政法学院','上海市'),(641,'上海应用技术学院','上海市'),(642,'上海电力学院','上海市'),(643,'上海第二工业大学','上海市'),(644,'上海电机学院','上海市'),(645,'上海对外贸易学院','上海市'),(646,'上海金融学院','上海市'),(647,'上海商学院','上海市'),(648,'上海立信会计学院','上海市'),(649,'上海体育学院','上海市'),(650,'上海音乐学院','上海市'),(651,'上海戏剧学院','上海市'),(652,'上海杉达学院','上海市'),(653,'上海医疗器械高等专科学校','上海市'),(654,'上海出版印刷高等专科学校','上海市'),(655,'上海医药高等专科学校','上海市'),(656,'上海旅游高等专科学校','上海市'),(657,'上海公安高等专科学校','上海市'),(658,'上海电影艺术职业学院','上海市'),(659,'上海健康职业技术学院','上海市'),(660,'上海新侨职业技术学院','上海市'),(661,'上海东海职业技术学院','上海市'),(662,'上海邦德职业技术学院','上海市'),(663,'上海城市管理职业技术学院','上海市'),(664,'上海科学技术职业学院','上海市'),(665,'上海海事职业技术学院','上海市'),(666,'上海立达职业技术学院','上海市'),(667,'上海交通职业技术学院','上海市'),(668,'上海欧华职业技术学院','上海市'),(669,'上海济光职业技术学院','上海市'),(670,'上海行健职业学院','上海市'),(671,'上海电子信息职业技术学院','上海市'),(672,'上海兴韦信息技术职业学院','上海市'),(673,'上海工商外国语职业学院','上海市'),(674,'上海思博职业技术学院','上海市'),(675,'上海震旦职业学院','上海市'),(676,'上海民远职业技术学院','上海市'),(677,'上海建峰职业技术学院','上海市'),(678,'上海中侨职业技术学院','上海市'),(679,'上海中华职业技术学院','上海市'),(680,'上海体育职业学院','上海市'),(681,'上海工艺美术职业学院','上海市'),(682,'上海工会管理职业学院','上海市'),(683,'上海农林职业技术学院','上海市'),(684,'南京大学','江苏省'),(685,'东南大学','江苏省'),(686,'中国矿业大学','江苏省'),(687,'河海大学','江苏省'),(688,'江南大学','江苏省'),(689,'南京农业大学','江苏省'),(690,'中国药科大学','江苏省'),(691,'南京理工大学','江苏省'),(692,'南京航空航天大学','江苏省'),(693,'苏州大学','江苏省'),(694,'扬州大学','江苏省'),(695,'江苏大学','江苏省'),(696,'江苏科技大学','江苏省'),(697,'南京邮电大学','江苏省'),(698,'南京工业大学','江苏省'),(699,'常州大学','江苏省'),(700,'南京林业大学','江苏省'),(701,'南京医科大学','江苏省'),(702,'南京中医药大学','江苏省'),(703,'南京师范大学','江苏省'),(704,'徐州师范大学','江苏省'),(705,'南京财经大学','江苏省'),(706,'南通大学','江苏省'),(707,'西交利物浦大学','江苏省'),(708,'南京森林警察学院','江苏省'),(709,'南京信息工程大学','江苏省'),(710,'南京工程学院','江苏省'),(711,'常州工学院','江苏省'),(712,'徐州工程学院','江苏省'),(713,'金陵科技学院','江苏省'),(714,'淮阴工学院','江苏省'),(715,'淮海工学院','江苏省'),(716,'盐城工学院','江苏省'),(717,'徐州医学院','江苏省'),(718,'江苏技术师范学院','江苏省'),(719,'苏州科技学院','江苏省'),(720,'淮阴师范学院','江苏省'),(721,'南京晓庄学院','江苏省'),(722,'盐城师范学院','江苏省'),(723,'南京审计学院','江苏省'),(724,'江苏警官学院','江苏省'),(725,'南京体育学院','江苏省'),(726,'南京艺术学院','江苏省'),(727,'常熟理工学院','江苏省'),(728,'三江学院','江苏省'),(729,'无锡太湖学院','江苏省'),(730,'连云港师范高等专科学校','江苏省'),(731,'泰州师范高等专科学校','江苏省'),(732,'徐州幼儿师范高等专科学校','江苏省'),(733,'镇江市高等专科学校','江苏省'),(734,'江苏畜牧兽医职业技术学院','江苏省'),(735,'连云港职业技术学院','江苏省'),(736,'江苏城市职业学院','江苏省'),(737,'扬州市职业大学','江苏省'),(738,'沙洲职业工学院','江苏省'),(739,'苏州市职业大学','江苏省'),(740,'南通职业大学','江苏省'),(741,'南通纺织职业技术学院','江苏省'),(742,'江苏建筑职业技术学院','江苏省'),(743,'泰州职业技术学院','江苏省'),(744,'无锡商业职业技术学院','江苏省'),(745,'南京工业职业技术学院','江苏省'),(746,'苏州工艺美术职业技术学院','江苏省'),(747,'南通航运职业技术学院','江苏省'),(748,'民办明达职业技术学院','江苏省'),(749,'无锡职业技术学院','江苏省'),(750,'常州机电职业技术学院','江苏省'),(751,'建东职业技术学院','江苏省'),(752,'徐州工业职业技术学院','江苏省'),(753,'江苏食品职业技术学院','江苏省'),(754,'江苏农林职业技术学院','江苏省'),(755,'常州轻工职业技术学院','江苏省'),(756,'硅湖职业技术学院','江苏省'),(757,'盐城卫生职业技术学院','江苏省'),(758,'江苏经贸职业技术学院','江苏省'),(759,'江苏信息职业技术学院','江苏省'),(760,'江南影视艺术职业学院','江苏省'),(761,'江苏联合职业技术学院','江苏省'),(762,'盐城纺织职业技术学院','江苏省'),(763,'苏州高博软件技术职业学院','江苏省'),(764,'苏州卫生职业技术学院','江苏省'),(765,'南京机电职业技术学院','江苏省'),(766,'苏州港大思培科技职业学院','江苏省'),(767,'昆山登云科技职业学院','江苏省'),(768,'南京视觉艺术职业学院','江苏省'),(769,'南京铁道职业技术学院','江苏省'),(770,'南京旅游职业学院','江苏省'),(771,'正德职业技术学院','江苏省'),(772,'江阴职业技术学院','江苏省'),(773,'宿迁职业技术学院','江苏省'),(774,'南京信息职业技术学院','江苏省'),(775,'无锡城市职业技术学院','江苏省'),(776,'常州工程职业技术学院','江苏省'),(777,'无锡工艺职业技术学院','江苏省'),(778,'健雄职业技术学院','江苏省'),(779,'金肯职业技术学院','江苏省'),(780,'紫琅职业技术学院','江苏省'),(781,'九州职业技术学院','江苏省'),(782,'苏州农业职业技术学院','江苏省'),(783,'江海职业技术学院','江苏省'),(784,'南京化工职业技术学院','江苏省'),(785,'苏州信息职业技术学院','江苏省'),(786,'常州纺织服装职业技术学院','江苏省'),(787,'常州信息职业技术学院','江苏省'),(788,'南京交通职业技术学院','江苏省'),(789,'无锡南洋职业技术学院','江苏省'),(790,'太湖创意职业技术学院','江苏省'),(791,'江苏财经职业技术学院','江苏省'),(792,'苏州工业园区职业技术学院','江苏省'),(793,'淮安信息职业技术学院','江苏省'),(794,'扬州工业职业技术学院','江苏省'),(795,'南京特殊教育职业技术学院','江苏省'),(796,'金山职业技术学院','江苏省'),(797,'江苏建康职业学院','江苏省'),(798,'炎黄职业技术学院','江苏省'),(799,'苏州经贸职业技术学院','江苏省'),(800,'应天职业技术学院','江苏省'),(801,'苏州托普信息职业技术学院','江苏省'),(802,'江苏海事职业技术学院','江苏省'),(803,'苏州工业职业技术学院','江苏省'),(804,'扬州环境资源职业技术学院','江苏省'),(805,'南通农业职业技术学院','江苏省'),(806,'钟山职业技术学院','江苏省'),(807,'无锡科技职业学院','江苏省'),(808,'苏州工业园区服务外包职业学院','江苏省'),(809,'宿迁泽达职业技术学院','江苏省'),(810,'浙江大学','浙江省'),(811,'宁波大学','浙江省'),(812,'浙江工业大学','浙江省'),(813,'杭州电子科技大学','浙江省'),(814,'浙江理工大学','浙江省'),(815,'浙江农林大学','浙江省'),(816,'浙江中医药大学','浙江省'),(817,'浙江师范大学','浙江省'),(818,'杭州师范大学','浙江省'),(819,'浙江工商大学','浙江省'),(820,'宁波诺丁汉大学','浙江省'),(821,'温州大学','浙江省'),(822,'公安海警学院','浙江省'),(823,'宁波大红鹰学院','浙江省'),(824,'浙江越秀外国语学院','浙江省'),(825,'浙江科技学院','浙江省'),(826,'宁波工程学院','浙江省'),(827,'中国计量学院','浙江省'),(828,'嘉兴学院','浙江省'),(829,'浙江海洋学院','浙江省'),(830,'温州医学院','浙江省'),(831,'湖州师范学院','浙江省'),(832,'台州学院','浙江省'),(833,'绍兴文理学院','浙江省'),(834,'浙江传媒学院','浙江省'),(835,'浙江外国语学院','浙江省'),(836,'浙江财经学院','浙江省'),(837,'浙江警察学院','浙江省'),(838,'中国美术学院','浙江省'),(839,'浙江树人学院','浙江省'),(840,'浙江万里学院','浙江省'),(841,'丽水学院','浙江省'),(842,'衢州学院','浙江省'),(843,'浙江水利水电专科学校','浙江省'),(844,'浙江医药高等专科学校','浙江省'),(845,'浙江医学高等专科学校','浙江省'),(846,'温州职业技术学院','浙江省'),(847,'金华职业技术学院','浙江省'),(848,'浙江交通职业技术学院','浙江省'),(849,'宁波职业技术学院','浙江省'),(850,'义乌工商职业技术学院','浙江省'),(851,'浙江经贸职业技术学院','浙江省'),(852,'浙江经济职业技术学院','浙江省'),(853,'温州科技职业学院','浙江省'),(854,'浙江旅游职业学院','浙江省'),(855,'浙江工业职业技术学院','浙江省'),(856,'浙江警官职业学院','浙江省'),(857,'浙江商业职业技术学院','浙江省'),(858,'浙江机电职业技术学院','浙江省'),(859,'浙江艺术职业学院','浙江省'),(860,'浙江工商职业技术学院','浙江省'),(861,'浙江育英职业技术学院','浙江省'),(862,'浙江工贸职业技术学院','浙江省'),(863,'浙江建设职业技术学院','浙江省'),(864,'浙江东方职业技术学院','浙江省'),(865,'浙江长征职业技术学院','浙江省'),(866,'宁波天一职业技术学院','浙江省'),(867,'台州科技职业学院','浙江省'),(868,'杭州科技职业技术学院','浙江省'),(869,'宁波城市职业技术学院','浙江省'),(870,'浙江邮电职业技术学院','浙江省'),(871,'浙江农业商贸职业学院','浙江省'),(872,'浙江国际海运职业技术学院','浙江省'),(873,'嘉兴南洋职业技术学院','浙江省'),(874,'台州职业技术学院','浙江省'),(875,'丽水职业技术学院','浙江省'),(876,'浙江横店影视职业学院','浙江省'),(877,'浙江体育职业技术学院','浙江省'),(878,'浙江金融职业学院','浙江省'),(879,'浙江汽车职业技术学院','浙江省'),(880,'浙江电力职业技术学院','浙江省'),(881,'绍兴职业技术学院','浙江省'),(882,'杭州万向职业技术学院','浙江省'),(883,'衢州职业技术学院','浙江省'),(884,'湖州职业技术学院','浙江省'),(885,'嘉兴职业技术学院','浙江省'),(886,'浙江同济科技职业学院','浙江省'),(887,'浙江纺织服装职业技术学院','浙江省'),(888,'杭州职业技术学院','浙江省'),(889,'浙江广厦建设职业技术学院','浙江省'),(890,'合肥工业大学','安徽省'),(891,'中国科学技术大学','安徽省'),(892,'安徽大学','安徽省'),(893,'安徽理工大学','安徽省'),(894,'安徽工业大学','安徽省'),(895,'安徽工程大学','安徽省'),(896,'安徽农业大学','安徽省'),(897,'安徽医科大学','安徽省'),(898,'安徽师范大学','安徽省'),(899,'淮北师范大学','安徽省'),(900,'安徽财经大学','安徽省'),(901,'安徽三联学院','安徽省'),(902,'安徽建筑工业学院','安徽省'),(903,'安徽文达信息工程学院','安徽省'),(904,'安徽中医学院','安徽省'),(905,'皖南医学院','安徽省'),(906,'蚌埠医学院','安徽省'),(907,'淮南师范学院','安徽省'),(908,'阜阳师范学院','安徽省'),(909,'安庆师范学院','安徽省'),(910,'安徽科技学院','安徽省'),(911,'合肥师范学院','安徽省'),(912,'安徽外国语学院','安徽省'),(913,'池州学院','安徽省'),(914,'合肥学院','安徽省'),(915,'黄山学院','安徽省'),(916,'蚌埠学院','安徽省'),(917,'宿州学院','安徽省'),(918,'铜陵学院','安徽省'),(919,'滁州学院','安徽省'),(920,'皖西学院','安徽省'),(921,'巢湖学院','安徽省'),(922,'安徽新华学院','安徽省'),(923,'马鞍山师范高等专科学校','安徽省'),(924,'安徽中医药高等专科学校','安徽省'),(925,'安徽医学高等专科学校','安徽省'),(926,'安庆医药高等专科学校','安徽省'),(927,'亳州师范高等专科学校','安徽省'),(928,'桐城师范高等专科学校','安徽省'),(929,'合肥幼儿师范高等专科学校','安徽省'),(930,'安徽汽车职业技术学院','安徽省'),(931,'皖西卫生职业学院','安徽省'),(932,'安徽职业技术学院','安徽省'),(933,'民办万博科技职业学院','安徽省'),(934,'安徽商贸职业技术学院','安徽省'),(935,'淮南联合大学','安徽省'),(936,'安徽水利水电职业技术学院','安徽省'),(937,'芜湖职业技术学院','安徽省'),(938,'淮北职业技术学院','安徽省'),(939,'铜陵职业技术学院','安徽省'),(940,'安徽警官职业学院','安徽省'),(941,'淮南职业技术学院','安徽省'),(942,'安徽绿海商务职业学院','安徽省'),(943,'合肥通用职业技术学院','安徽省'),(944,'安徽工商职业学院','安徽省'),(945,'安徽冶金科技职业学院','安徽省'),(946,'安庆职业技术学院','安徽省'),(947,'合肥信息技术职业学院','安徽省'),(948,'安徽矿业职业技术学院','安徽省'),(949,'安徽审计职业学院','安徽省'),(950,'安徽公安职业学院','安徽省'),(951,'阜阳科技职业学院','安徽省'),(952,'安徽电气工程职业技术学院','安徽省'),(953,'安徽艺术职业学院','安徽省'),(954,'蚌埠经济技术职业学院','安徽省'),(955,'安徽城市管理职业学院','安徽省'),(956,'安徽涉外经济职业学院','安徽省'),(957,'宿州职业技术学院','安徽省'),(958,'合肥共达职业技术学院','安徽省'),(959,'安徽长江职业学院','安徽省'),(960,'芜湖信息技术职业学院','安徽省'),(961,'民办合肥财经职业学院','安徽省'),(962,'安徽机电职业技术学院','安徽省'),(963,'巢湖职业技术学院','安徽省'),(964,'安徽现代信息工程职业学院','安徽省'),(965,'安徽国防科技职业学院','安徽省'),(966,'安徽中澳科技职业学院','安徽省'),(967,'宣城职业技术学院','安徽省'),(968,'安徽扬子职业技术学院','安徽省'),(969,'滁州职业技术学院','安徽省'),(970,'民办合肥滨湖职业技术学院','安徽省'),(971,'池州职业技术学院','安徽省'),(972,'亳州职业技术学院','安徽省'),(973,'民办合肥经济技术职业学院','安徽省'),(974,'安徽林业职业技术学院','安徽省'),(975,'安徽财贸职业学院','安徽省'),(976,'马鞍山职业技术学院','安徽省'),(977,'安徽新闻出版职业技术学院','安徽省'),(978,'安徽广播影视职业技术学院','安徽省'),(979,'徽商职业学院','安徽省'),(980,'安徽电子信息职业技术学院','安徽省'),(981,'安徽工业职业技术学院','安徽省'),(982,'六安职业技术学院','安徽省'),(983,'安徽体育运动职业技术学院','安徽省'),(984,'安徽国际商务职业学院','安徽省'),(985,'安徽黄梅戏艺术职业学院','安徽省'),(986,'民办安徽旅游职业学院','安徽省'),(987,'安徽交通职业技术学院','安徽省'),(988,'安徽工业经济职业技术学院','安徽省'),(989,'安徽工贸职业技术学院','安徽省'),(990,'阜阳职业技术学院','安徽省'),(991,'安徽邮电职业技术学院','安徽省'),(992,'滁州城市职业学院','安徽省'),(993,'黄山职业技术学院','安徽省'),(994,'厦门大学','福建省'),(995,'华侨大学','福建省'),(996,'福建农林大学','福建省'),(997,'集美大学','福建省'),(998,'福州大学','福建省'),(999,'仰恩大学','福建省'),(1000,'福建医科大学','福建省'),(1001,'福建中医药大学','福建省'),(1002,'福建师范大学','福建省'),(1003,'厦门理工学院','福建省'),(1004,'闽南理工学院','福建省'),(1005,'福建工程学院','福建省'),(1006,'宁德师范学院','福建省'),(1007,'泉州师范学院','福建省'),(1008,'漳州师范学院','福建省'),(1009,'福州外语外贸学院','福建省'),(1010,'福建警察学院','福建省'),(1011,'龙岩学院','福建省'),(1012,'三明学院','福建省'),(1013,'闽江学院','福建省'),(1014,'武夷学院','福建省'),(1015,'莆田学院','福建省'),(1016,'福建江夏学院','福建省'),(1017,'泉州医学高等专科学校','福建省'),(1018,'厦门医学高等专科学校','福建省'),(1019,'泉州幼儿师范高等专科学校','福建省'),(1020,'福建商业高等专科学校','福建省'),(1021,'黎明职业大学','福建省'),(1022,'福建华南女子职业学院','福建省'),(1023,'漳州职业技术学院','福建省'),(1024,'厦门华厦职业学院','福建省'),(1025,'福建交通职业技术学院','福建省'),(1026,'福州英华职业学院','福建省'),(1027,'泉州纺织服装职业学院','福建省'),(1028,'厦门华天涉外职业技术学院','福建省'),(1029,'厦门南洋职业学院','福建省'),(1030,'漳州城市职业学院','福建省'),(1031,'厦门演艺职业学院','福建省'),(1032,'福建体育职业技术学院','福建省'),(1033,'厦门安防科技职业学院','福建省'),(1034,'泉州泰山航海职业学院','福建省'),(1035,'福州科技职业技术学院','福建省'),(1036,'泉州轻工职业学院','福建省'),(1037,'福建警官职业学院','福建省'),(1038,'泉州经贸职业技术学院','福建省'),(1039,'湄洲湾职业技术学院','福建省'),(1040,'福建对外经济贸易职业技术学院','福建省'),(1041,'泉州信息职业技术学院','福建省'),(1042,'福建生物工程职业技术学院','福建省'),(1043,'三明职业技术学院','福建省'),(1044,'福州软件职业技术学院','福建省'),(1045,'厦门兴才职业技术学院','福建省'),(1046,'福建农业职业技术学院','福建省'),(1047,'福建林业职业技术学院','福建省'),(1048,'福建电力职业技术学院','福建省'),(1049,'武夷山职业学院','福建省'),(1050,'福建水利电力职业技术学院','福建省'),(1051,'福建卫生职业技术学院','福建省'),(1052,'福建信息职业技术学院','福建省'),(1053,'漳州卫生职业学院','福建省'),(1054,'闽西职业技术学院','福建省'),(1055,'福州职业技术学院','福建省'),(1056,'闽北职业技术学院','福建省'),(1057,'福州海峡职业技术学院','福建省'),(1058,'福州黎明职业技术学院','福建省'),(1059,'泉州华光摄影艺术职业学院','福建省'),(1060,'厦门城市职业学院','福建省'),(1061,'漳州理工职业学院','福建省'),(1062,'宁德职业技术学院','福建省'),(1063,'漳州天福茶职业技术学院','福建省'),(1064,'德化陶瓷职业技术学院','福建省'),(1065,'福建艺术职业学院','福建省'),(1066,'泉州理工职业学院','福建省'),(1067,'厦门东海职业技术学院','福建省'),(1068,'厦门软件职业技术学院','福建省'),(1069,'厦门海洋职业技术学院','福建省'),(1070,'南昌大学','江西省'),(1071,'江西理工大学','江西省'),(1072,'东华理工大学','江西省'),(1073,'华东交通大学','江西省'),(1074,'南昌航空大学','江西省'),(1075,'江西农业大学','江西省'),(1076,'江西师范大学','江西省'),(1077,'江西财经大学','江西省'),(1078,'井冈山大学','江西省'),(1079,'景德镇陶瓷学院','江西省'),(1080,'南昌工程学院','江西省'),(1081,'南昌工学院','江西省'),(1082,'南昌理工学院','江西省'),(1083,'江西中医学院','江西省'),(1084,'赣南医学院','江西省'),(1085,'江西科技师范学院','江西省'),(1086,'上饶师范学院','江西省'),(1087,'赣南师范学院','江西省'),(1088,'江西警察学院','江西省'),(1089,'江西服装学院','江西省'),(1090,'新余学院','江西省'),(1091,'江西蓝天学院','江西省'),(1092,'九江学院','江西省'),(1093,'宜春学院','江西省'),(1094,'江西中医药高等专科学校','江西省'),(1095,'南昌师范高等专科学校','江西省'),(1096,'萍乡高等专科学校','江西省'),(1097,'景德镇高等专科学校','江西省'),(1098,'江西护理职业技术学院','江西省'),(1099,'九江职业大学','江西省'),(1100,'江西工业职业技术学院','江西省'),(1101,'九江职业技术学院','江西省'),(1102,'江西机电职业技术学院','江西省'),(1103,'江西旅游商贸职业学院','江西省'),(1104,'江西电力职业技术学院','江西省'),(1105,'江西陶瓷工艺美术职业技术学院','江西省'),(1106,'江西财经职业学院','江西省'),(1107,'江西艺术职业学院','江西省'),(1108,'江西生物科技职业学院','江西省'),(1109,'江西航空职业技术学院','江西省'),(1110,'江西外语外贸职业学院','江西省'),(1111,'江西城市职业学院','江西省'),(1112,'江西司法警官职业学院','江西省'),(1113,'南昌职业学院','江西省'),(1114,'抚州职业技术学院','江西省'),(1115,'江西应用工程职业学院','江西省'),(1116,'宜春职业技术学院','江西省'),(1117,'江西工业贸易职业技术学院','江西省'),(1118,'江西建设职业技术学院','江西省'),(1119,'江西工商职业技术学院','江西省'),(1120,'江西应用技术职业学院','江西省'),(1121,'江西泰豪动漫职业学院','江西省'),(1122,'江西经济管理职业学院','江西省'),(1123,'江西渝州科技职业学院','江西省'),(1124,'江西制造职业技术学院','江西省'),(1125,'江西枫林涉外经贸职业学院','江西省'),(1126,'江西信息应用职业技术学院','江西省'),(1127,'江西工业工程职业技术学院','江西省'),(1128,'上饶职业技术学院','江西省'),(1129,'江西农业工程职业学院','江西省'),(1130,'鹰潭职业技术学院','江西省'),(1131,'江西工程职业学院','江西省'),(1132,'江西青年职业学院','江西省'),(1133,'江西新闻出版职业技术学院','江西省'),(1134,'江西管理职业学院','江西省'),(1135,'江西科技职业学院','江西省'),(1136,'江西交通职业技术学院','江西省'),(1137,'赣西科技职业学院','江西省'),(1138,'江西现代职业技术学院','江西省'),(1139,'江西先锋软件职业技术学院','江西省'),(1140,'江西环境工程职业学院','江西省'),(1141,'江西太阳能科技职业学院','江西省'),(1142,'江西冶金职业技术学院','江西省'),(1143,'山东大学','山东省'),(1144,'中国海洋大学','山东省'),(1145,'青岛大学','山东省'),(1146,'山东科技大学','山东省'),(1147,'山东理工大学','山东省'),(1148,'烟台大学','山东省'),(1149,'聊城大学','山东省'),(1150,'青岛科技大学','山东省'),(1151,'青岛理工大学','山东省'),(1152,'济南大学','山东省'),(1153,'山东建筑大学','山东省'),(1154,'山东农业大学','山东省'),(1155,'青岛农业大学','山东省'),(1156,'山东中医药大学','山东省'),(1157,'山东师范大学','山东省'),(1158,'曲阜师范大学','山东省'),(1159,'鲁东大学','山东省'),(1160,'山东万杰医学院','山东省'),(1161,'山东英才学院','山东省'),(1162,'潍坊科技学院','山东省'),(1163,'山东轻工业学院','山东省'),(1164,'山东交通学院','山东省'),(1165,'潍坊学院','山东省'),(1166,'青岛工学院','山东省'),(1167,'潍坊医学院','山东省'),(1168,'泰山医学院','山东省'),(1169,'济宁医学院','山东省'),(1170,'滨州医学院','山东省'),(1171,'德州学院','山东省'),(1172,'临沂大学','山东省'),(1173,'齐鲁师范学院','山东省'),(1174,'山东经济学院','山东省'),(1175,'山东财政学院','山东省'),(1176,'山东工商学院','山东省'),(1177,'山东警察学院','山东省'),(1178,'山东青年政治学院','山东省'),(1179,'山东政法学院','山东省'),(1180,'山东体育学院','山东省'),(1181,'山东艺术学院','山东省'),(1182,'山东工艺美术学院','山东省'),(1183,'泰山学院','山东省'),(1184,'济宁学院','山东省'),(1185,'滨州学院','山东省'),(1186,'烟台南山学院','山东省'),(1187,'青岛滨海学院','山东省'),(1188,'枣庄学院','山东省'),(1189,'菏泽学院','山东省'),(1190,'青岛黄海学院','山东省'),(1191,'山东女子学院','山东省'),(1192,'山东协和学院','山东省'),(1193,'山东中医药高等专科学校','山东省'),(1194,'淄博师范高等专科学校','山东省'),(1195,'山东电力高等专科学校','山东省'),(1196,'山东医学高等专科学校','山东省'),(1197,'菏泽医学专科学校','山东省'),(1198,'济南幼儿师范高等专科学校','山东省'),(1199,'山东畜牧兽医职业学院','山东省'),(1200,'济宁职业技术学院','山东省'),(1201,'山东劳动职业技术学院','山东省'),(1202,'青岛职业技术学院','山东省'),(1203,'莱芜职业技术学院','山东省'),(1204,'山东商业职业技术学院','山东省'),(1205,'曲阜远东职业技术学院','山东省'),(1206,'威海职业学院','山东省'),(1207,'日照职业技术学院','山东省'),(1208,'聊城职业技术学院','山东省'),(1209,'潍坊工程职业学院','山东省'),(1210,'泰山护理职业学院','山东省'),(1211,'枣庄职业学院','山东省'),(1212,'济南护理职业学院','山东省'),(1213,'济南职业学院','山东省'),(1214,'潍坊护理职业学院','山东省'),(1215,'山东旅游职业学院','山东省'),(1216,'山东杏林科技职业学院','山东省'),(1217,'菏泽家政职业学院','山东省'),(1218,'烟台工程职业技术学院','山东省'),(1219,'山东海事职业学院','山东省'),(1220,'临沂职业学院','山东省'),(1221,'山东传媒职业学院','山东省'),(1222,'山东外事翻译职业学院','山东省'),(1223,'山东凯文科技职业学院','山东省'),(1224,'山东理工职业学院','山东省'),(1225,'枣庄科技职业学院','山东省'),(1226,'山东外国语职业学院','山东省'),(1227,'青岛恒星职业技术学院','山东省'),(1228,'山东药品食品职业学院','山东省'),(1229,'青岛港湾职业技术学院','山东省'),(1230,'泰山职业技术学院','山东省'),(1231,'山东工业职业学院','山东省'),(1232,'潍坊工商职业学院','山东省'),(1233,'山东大王职业学院','山东省'),(1234,'山东胜利职业学院','山东省'),(1235,'德州科技职业学院','山东省'),(1236,'山东力明科技职业学院','山东省'),(1237,'山东服装职业学院','山东省'),(1238,'济南工程职业技术学院','山东省'),(1239,'淄博科技职业学院','山东省'),(1240,'东营职业学院','山东省'),(1241,'青岛飞洋职业技术学院','山东省'),(1242,'山东华宇职业技术学院','山东省'),(1243,'青岛酒店管理职业技术学院','山东省'),(1244,'山东商务职业学院','山东省'),(1245,'淄博职业学院','山东省'),(1246,'山东现代职业学院','山东省'),(1247,'山东外贸职业学院','山东省'),(1248,'山东信息职业技术学院','山东省'),(1249,'山东交通职业学院','山东省'),(1250,'山东铝业职业学院','山东省'),(1251,'山东经贸职业学院','山东省'),(1252,'滨州职业学院','山东省'),(1253,'青岛求实职业技术学院','山东省'),(1254,'山东司法警官职业学院','山东省'),(1255,'潍坊职业学院','山东省'),(1256,'烟台汽车工程职业学院','山东省'),(1257,'山东城市建设职业学院','山东省'),(1258,'山东圣翰财贸职业学院','山东省'),(1259,'山东电子职业技术学院','山东省'),(1260,'山东科技职业学院','山东省'),(1261,'烟台职业学院','山东省'),(1262,'山东丝绸纺织职业学院','山东省'),(1263,'山东化工职业学院','山东省'),(1264,'山东职业学院','山东省'),(1265,'德州职业技术学院','山东省'),(1266,'山东水利职业学院','山东省'),(1267,'青岛远洋船员职业学院','山东省'),(1268,'山东文化产业职业学院','山东省'),(1269,'郑州大学','河南省'),(1270,'河南大学','河南省'),(1271,'河南科技大学','河南省'),(1272,'河南理工大学','河南省'),(1273,'河南工业大学','河南省'),(1274,'河南农业大学','河南省'),(1275,'河南师范大学','河南省'),(1276,'河南财经政法大学','河南省'),(1277,'郑州华信学院','河南省'),(1278,'郑州科技学院','河南省'),(1279,'华北水利水电学院','河南省'),(1280,'郑州轻工业学院','河南省'),(1281,'黄河科技学院','河南省'),(1282,'南阳理工学院','河南省'),(1283,'安阳工学院','河南省'),(1284,'河南城建学院','河南省'),(1285,'河南工程学院','河南省'),(1286,'中原工学院','河南省'),(1287,'郑州航空工业管理学院','河南省'),(1288,'洛阳理工学院','河南省'),(1289,'商丘工学院','河南省'),(1290,'河南中医学院','河南省'),(1291,'新乡医学院','河南省'),(1292,'信阳师范学院','河南省'),(1293,'安阳师范学院','河南省'),(1294,'南阳师范学院','河南省'),(1295,'商丘师范学院','河南省'),(1296,'洛阳师范学院','河南省'),(1297,'周口师范学院','河南省'),(1298,'郑州师范学院','河南省'),(1299,'郑州升达经贸管理学院','河南省'),(1300,'河南警察学院','河南省'),(1301,'新乡学院','河南省'),(1302,'平顶山学院','河南省'),(1303,'黄淮学院','河南省'),(1304,'河南科技学院','河南省'),(1305,'许昌学院','河南省'),(1306,'商丘学院','河南省'),(1307,'铁道警官高等专科学校','河南省'),(1308,'漯河医学高等专科学校','河南省'),(1309,'郑州电力高等专科学校','河南省'),(1310,'河南机电高等专科学校','河南省'),(1311,'郑州牧业工程高等专科学校','河南省'),(1312,'信阳农业高等专科学校','河南省'),(1313,'郑州澍青医学高等专科学校','河南省'),(1314,'南阳医学高等专科学校','河南省'),(1315,'商丘医学高等专科学校','河南省'),(1316,'焦作师范高等专科学校','河南省'),(1317,'河南财政税务高等专科学校','河南省'),(1318,'河南商业高等专科学校','河南省'),(1319,'焦作工贸职业学院','河南省'),(1320,'河南化工职业学院','河南省'),(1321,'郑州理工职业学院','河南省'),(1322,'郑州信息工程职业学院','河南省'),(1323,'开封文化艺术职业学院','河南省'),(1324,'河南艺术职业学院','河南省'),(1325,'黄河水利职业技术学院','河南省'),(1326,'漯河职业技术学院','河南省'),(1327,'焦作大学','河南省'),(1328,'开封大学','河南省'),(1329,'中州大学','河南省'),(1330,'河南职业技术学院','河南省'),(1331,'郑州铁路职业技术学院','河南省'),(1332,'三门峡职业技术学院','河南省'),(1333,'洛阳职业技术学院','河南省'),(1334,'许昌电气职业学院','河南省'),(1335,'河南推拿职业学院','河南省'),(1336,'漯河食品职业学院','河南省'),(1337,'河南护理职业学院','河南省'),(1338,'商丘职业技术学院','河南省'),(1339,'郑州经贸职业学院','河南省'),(1340,'郑州信息科技职业学院','河南省'),(1341,'河南质量工程职业学院','河南省'),(1342,'南阳职业学院','河南省'),(1343,'郑州电子信息职业技术学院','河南省'),(1344,'河南机电职业学院','河南省'),(1345,'郑州电力职业技术学院','河南省'),(1346,'新乡职业技术学院','河南省'),(1347,'嵩山少林武术职业学院','河南省'),(1348,'郑州工业安全职业学院','河南省'),(1349,'永城职业学院','河南省'),(1350,'信阳职业技术学院','河南省'),(1351,'郑州职业技术学院','河南省'),(1352,'郑州旅游职业学院','河南省'),(1353,'河南农业职业学院','河南省'),(1354,'河南交通职业技术学院','河南省'),(1355,'河南经贸职业学院','河南省'),(1356,'鹤壁汽车工程职业学院','河南省'),(1357,'安阳职业技术学院','河南省'),(1358,'信阳涉外职业技术学院','河南省'),(1359,'郑州交通职业学院','河南省'),(1360,'河南检察职业学院','河南省'),(1361,'驻马店职业技术学院','河南省'),(1362,'河南工业贸易职业学院','河南省'),(1363,'济源职业技术学院','河南省'),(1364,'郑州商贸旅游职业学院','河南省'),(1365,'周口科技职业学院','河南省'),(1366,'河南建筑职业技术学院','河南省'),(1367,'平顶山工业职业技术学院','河南省'),(1368,'郑州城市职业学院','河南省'),(1369,'鹤壁职业技术学院','河南省'),(1370,'濮阳职业技术学院','河南省'),(1371,'许昌职业技术学院','河南省'),(1372,'周口职业技术学院','河南省'),(1373,'河南司法警官职业学院','河南省'),(1374,'河南工业职业技术学院','河南省'),(1375,'长垣烹饪职业技术学院','河南省'),(1376,'许昌陶瓷职业学院','河南省'),(1377,'武汉大学','湖北省'),(1378,'中南财经政法大学','湖北省'),(1379,'华中科技大学','湖北省'),(1380,'武汉理工大学','湖北省'),(1381,'中国地质大学','湖北省'),(1382,'华中农业大学','湖北省'),(1383,'华中师范大学','湖北省'),(1384,'中南民族大学','湖北省'),(1385,'湖北大学','湖北省'),(1386,'长江大学','湖北省'),(1387,'江汉大学','湖北省'),(1388,'三峡大学','湖北省'),(1389,'武汉科技大学','湖北省'),(1390,'湖北工业大学','湖北省'),(1391,'武汉工程大学','湖北省'),(1392,'武汉纺织大学','湖北省'),(1393,'湖北中医药大学','湖北省'),(1394,'武汉工业学院','湖北省'),(1395,'湖北汽车工业学院','湖北省'),(1396,'荆楚理工学院','湖北省'),(1397,'武昌理工学院','湖北省'),(1398,'湖北医药学院','湖北省'),(1399,'湖北师范学院','湖北省'),(1400,'黄冈师范学院','湖北省'),(1401,'孝感学院','湖北省'),(1402,'湖北第二师范学院','湖北省'),(1403,'湖北经济学院','湖北省'),(1404,'武汉长江工商学院','湖北省'),(1405,'湖北警官学院','湖北省'),(1406,'武汉体育学院','湖北省'),(1407,'湖北美术学院','湖北省'),(1408,'武汉音乐学院','湖北省'),(1409,'湖北民族学院','湖北省'),(1410,'黄石理工学院','湖北省'),(1411,'武汉生物工程学院','湖北省'),(1412,'襄樊学院','湖北省'),(1413,'咸宁学院','湖北省'),(1414,'武汉东湖学院','湖北省'),(1415,'汉口学院','湖北省'),(1416,'湖北中医药高等专科学校','湖北省'),(1417,'郧阳师范高等专科学校','湖北省'),(1418,'湖北财经高等专科学校','湖北省'),(1419,'武汉船舶职业技术学院','湖北省'),(1420,'恩施职业技术学院','湖北省'),(1421,'长江职业学院','湖北省'),(1422,'武汉工贸职业学院','湖北省'),(1423,'十堰职业技术学院','湖北省'),(1424,'鄂州职业大学','湖北省'),(1425,'荆州理工职业学院','湖北省'),(1426,'武汉商业服务学院','湖北省'),(1427,'黄冈职业技术学院','湖北省'),(1428,'湖北职业技术学院','湖北省'),(1429,'襄樊职业技术学院','湖北省'),(1430,'武汉职业技术学院','湖北省'),(1431,'随州职业技术学院','湖北省'),(1432,'武汉铁路职业技术学院','湖北省'),(1433,'武汉警官职业学院','湖北省'),(1434,'三峡旅游职业技术学院','湖北省'),(1435,'黄冈科技职业学院','湖北省'),(1436,'武汉民政职业学院','湖北省'),(1437,'武汉交通职业学院','湖北省'),(1438,'鄂东职业技术学院','湖北省'),(1439,'湖北财税职业学院','湖北省'),(1440,'湖北生物科技职业学院','湖北省'),(1441,'湖北国土资源职业学院','湖北省'),(1442,'湖北生态工程职业技术学院','湖北省'),(1443,'武汉语言文化职业学院','湖北省'),(1444,'江汉艺术职业学院','湖北省'),(1445,'武汉工业职业技术学院','湖北省'),(1446,'天门职业学院','湖北省'),(1447,'咸宁职业技术学院','湖北省'),(1448,'襄阳汽车职业技术学院','湖北省'),(1449,'湖北艺术职业学院','湖北省'),(1450,'湖北科技职业学院','湖北省'),(1451,'湖北交通职业技术学院','湖北省'),(1452,'湖北轻工职业技术学院','湖北省'),(1453,'武汉软件工程职业学院','湖北省'),(1454,'黄石职业技术学院','湖北省'),(1455,'荆州职业技术学院','湖北省'),(1456,'武汉外语外事职业学院','湖北省'),(1457,'仙桃职业学院','湖北省'),(1458,'湖北三峡职业技术学院','湖北省'),(1459,'湖北体育职业学院','湖北省'),(1460,'武汉商贸职业学院','湖北省'),(1461,'长江工程职业技术学院','湖北省'),(1462,'武汉航海职业技术学院','湖北省'),(1463,'武汉城市职业学院','湖北省'),(1464,'湖北开放职业学院','湖北省'),(1465,'武汉信息传播职业技术学院','湖北省'),(1466,'武汉科技职业学院','湖北省'),(1467,'武汉电力职业技术学院','湖北省'),(1468,'三峡电力职业学院','湖北省'),(1469,'湖北城市建设职业技术学院','湖北省'),(1470,'武汉工程职业技术学院','湖北省'),(1471,'湖北青年职业学院','湖北省'),(1472,'湖北水利水电职业技术学院','湖北省'),(1473,'中南大学','湖南省'),(1474,'湖南大学','湖南省'),(1475,'湘潭大学','湖南省'),(1476,'吉首大学','湖南省'),(1477,'湖南科技大学','湖南省'),(1478,'长沙理工大学','湖南省'),(1479,'南华大学','湖南省'),(1480,'湖南工业大学','湖南省'),(1481,'湖南农业大学','湖南省'),(1482,'湖南中医药大学','湖南省'),(1483,'湖南师范大学','湖南省'),(1484,'长沙学院','湖南省'),(1485,'湖南第一师范学院','湖南省'),(1486,'湖南理工学院','湖南省'),(1487,'湖南工学院','湖南省'),(1488,'湖南工程学院','湖南省'),(1489,'湖南城市学院','湖南省'),(1490,'中南林业科技大学','湖南省'),(1491,'长沙医学院','湖南省'),(1492,'衡阳师范学院','湖南省'),(1493,'湘南学院','湖南省'),(1494,'湖南财政经济学院','湖南省'),(1495,'湖南商学院','湖南省'),(1496,'湖南涉外经济学院','湖南省'),(1497,'湖南警察学院','湖南省'),(1498,'湖南文理学院','湖南省'),(1499,'怀化学院','湖南省'),(1500,'湖南科技学院','湖南省'),(1501,'邵阳学院','湖南省'),(1502,'湖南人文科技学院','湖南省'),(1503,'湖南女子学院','湖南省'),(1504,'怀化医学高等专科学校','湖南省'),(1505,'益阳医学高等专科学校','湖南省'),(1506,'邵阳医学高等专科学校','湖南省'),(1507,'湖南中医药高等专科学校','湖南省'),(1508,'株洲师范高等专科学校','湖南省'),(1509,'长沙师范学校','湖南省'),(1510,'湖南税务高等专科学校','湖南省'),(1511,'长沙航空职业技术学院','湖南省'),(1512,'湖南环境生物职业技术学院','湖南省'),(1513,'湖南大众传媒职业技术学院','湖南省'),(1514,'永州职业技术学院','湖南省'),(1515,'长沙民政职业技术学院','湖南省'),(1516,'湖南铁道职业技术学院','湖南省'),(1517,'湖南工业职业技术学院','湖南省'),(1518,'湖南信息职业技术学院','湖南省'),(1519,'湖南冶金职业技术学院','湖南省'),(1520,'湖南城建职业技术学院','湖南省'),(1521,'衡阳财经工业职业技术学院','湖南省'),(1522,'湖南外国语职业学院','湖南省'),(1523,'湖南石油化工职业技术学院','湖南省'),(1524,'株洲职业技术学院','湖南省'),(1525,'长沙职业技术学院','湖南省'),(1526,'湘西民族职业技术学院','湖南省'),(1527,'湖南电气职业技术学院','湖南省'),(1528,'益阳职业技术学院','湖南省'),(1529,'湖南同德职业学院','湖南省'),(1530,'湖南食品药品职业学院','湖南省'),(1531,'湖南司法警官职业学院','湖南省'),(1532,'湖南民族职业学院','湖南省'),(1533,'湖南网络工程职业学院','湖南省'),(1534,'长沙商贸旅游职业技术学院','湖南省'),(1535,'湖南有色金属职业技术学院','湖南省'),(1536,'湖南科技经贸职业学院','湖南省'),(1537,'长沙电力职业技术学院','湖南省'),(1538,'湖南水利水电职业技术学院','湖南省'),(1539,'湖南现代物流职业技术学院','湖南省'),(1540,'湖南高速铁路职业技术学院','湖南省'),(1541,'湖南铁路科技职业技术学院','湖南省'),(1542,'湖南工艺美术职业学院','湖南省'),(1543,'湖南电子科技职业学院','湖南省'),(1544,'湖南理工职业技术学院','湖南省'),(1545,'长沙卫生职业学院','湖南省'),(1546,'湖南软件职业学院','湖南省'),(1547,'湖南信息科学职业学院','湖南省'),(1548,'湖南生物机电职业技术学院','湖南省'),(1549,'岳阳职业技术学院','湖南省'),(1550,'湖南安全技术职业学院','湖南省'),(1551,'邵阳职业技术学院','湖南省'),(1552,'湖南都市职业学院','湖南省'),(1553,'湖南九嶷职业技术学院','湖南省'),(1554,'湖南机电职业技术学院','湖南省'),(1555,'张家界航空工业职业技术学院','湖南省'),(1556,'长沙通信职业技术学院','湖南省'),(1557,'娄底职业技术学院','湖南省'),(1558,'湖南交通职业技术学院','湖南省'),(1559,'潇湘职业学院','湖南省'),(1560,'湖南商务职业技术学院','湖南省'),(1561,'湘潭职业技术学院','湖南省'),(1562,'郴州职业技术学院','湖南省'),(1563,'湖南科技职业学院','湖南省'),(1564,'湖南体育职业学院','湖南省'),(1565,'湖南艺术职业学院','湖南省'),(1566,'长沙南方职业学院','湖南省'),(1567,'湖南三一工业职业技术学院','湖南省'),(1568,'常德职业技术学院','湖南省'),(1569,'怀化职业技术学院','湖南省'),(1570,'保险职业学院','湖南省'),(1571,'湖南科技工业职业技术学院','湖南省'),(1572,'湖南化工职业技术学院','湖南省'),(1573,'湖南外贸职业学院','湖南省'),(1574,'湖南工程职业技术学院','湖南省'),(1575,'长沙环境保护职业技术学院','湖南省'),(1576,'湖南高尔夫旅游职业学院','湖南省'),(1577,'湖南工商职业学院','湖南省'),(1578,'中山大学','广东省'),(1579,'华南理工大学','广东省'),(1580,'暨南大学','广东省'),(1581,'汕头大学','广东省'),(1582,'深圳大学','广东省'),(1583,'五邑大学','广东省'),(1584,'广东工业大学','广东省'),(1585,'华南农业大学','广东省'),(1586,'广东海洋大学','广东省'),(1587,'广州中医药大学','广东省'),(1588,'南方医科大学','广东省'),(1589,'华南师范大学','广东省'),(1590,'广东外语外贸大学','广东省'),(1591,'广州大学','广东省'),(1592,'北京师范大学-香港浸会大学联合国际学院','广东省'),(1593,'肇庆学院','广东省'),(1594,'广东石油化工学院','广东省'),(1595,'东莞理工学院','广东省'),(1596,'广东科技学院','广东省'),(1597,'仲恺农业工程学院','广东省'),(1598,'广东医学院','广东省'),(1599,'广州医学院','广东省'),(1600,'广东药学院','广东省'),(1601,'韶关学院','广东省'),(1602,'嘉应学院','广东省'),(1603,'惠州学院','广东省'),(1604,'湛江师范学院','广东省'),(1605,'韩山师范学院','广东省'),(1606,'广东第二师范学院','广东省'),(1607,'广东金融学院','广东省'),(1608,'广东商学院','广东省'),(1609,'广东警官学院','广东省'),(1610,'广州体育学院','广东省'),(1611,'广州美术学院','广东省'),(1612,'星海音乐学院','广东省'),(1613,'广东技术师范学院','广东省'),(1614,'佛山科学技术学院','广东省'),(1615,'广东培正学院','广东省'),(1616,'广东白云学院','广东省'),(1617,'广州航海高等专科学校','广东省'),(1618,'肇庆医学高等专科学校','广东省'),(1619,'民办南华工商学院','广东省'),(1620,'私立华联学院','广东省'),(1621,'广州民航职业技术学院','广东省'),(1622,'广东食品药品职业学院','广东省'),(1623,'顺德职业技术学院','广东省'),(1624,'广东松山职业技术学院','广东省'),(1625,'潮汕职业技术学院','广东省'),(1626,'广东新安职业技术学院','广东省'),(1627,'广东农工商职业技术学院','广东省'),(1628,'广东交通职业技术学院','广东省'),(1629,'佛山职业技术学院','广东省'),(1630,'广东轻工职业技术学院','广东省'),(1631,'广东水利电力职业技术学院','广东省'),(1632,'深圳职业技术学院','广东省'),(1633,'江门职业技术学院','广东省'),(1634,'广州城建职业学院','广东省'),(1635,'湛江现代科技职业学院','广东省'),(1636,'广州松田职业学院','广东省'),(1637,'广州珠江职业技术学院','广东省'),(1638,'广东科贸职业学院','广东省'),(1639,'广州科技贸易职业学院','广东省'),(1640,'中山职业技术学院','广东省'),(1641,'广东文艺职业学院','广东省'),(1642,'中山火炬职业技术学院','广东省'),(1643,'茂名职业技术学院','广东省'),(1644,'广州南洋理工职业学院','广东省'),(1645,'广东理工职业学院','广东省'),(1646,'广州工商职业技术学院','广东省'),(1647,'广州铁路职业技术学院','广东省'),(1648,'肇庆工商职业技术学院','广东省'),(1649,'惠州经济职业技术学院','广东省'),(1650,'珠海城市职业技术学院','广东省'),(1651,'广州工程技术职业学院','广东省'),(1652,'广州体育职业技术学院','广东省'),(1653,'广东亚视演艺职业学院','广东省'),(1654,'广州番禺职业技术学院','广东省'),(1655,'广东体育职业技术学院','广东省'),(1656,'广东行政职业学院','广东省'),(1657,'广东科学技术职业学院','广东省'),(1658,'珠海艺术职业学院','广东省'),(1659,'南海东软信息技术职业学院','广东省'),(1660,'广州康大职业技术学院','广东省'),(1661,'广东工贸职业技术学院','广东省'),(1662,'广州华立科技职业学院','广东省'),(1663,'深圳信息职业技术学院','广东省'),(1664,'广州现代信息工程职业技术学院','广东省'),(1665,'清远职业技术学院','广东省'),(1666,'汕头职业技术学院','广东省'),(1667,'广东邮电职业技术学院','广东省'),(1668,'揭阳职业技术学院','广东省'),(1669,'广州涉外经济职业技术学院','广东省'),(1670,'广州华南商贸职业学院','广东省'),(1671,'广州科技职业技术学院','广东省'),(1672,'广州城市职业学院','广东省'),(1673,'广东工程职业技术学院','广东省'),(1674,'广东司法警官职业学院','广东省'),(1675,'广东女子职业技术学院','广东省'),(1676,'肇庆科技职业技术学院','广东省'),(1677,'广东财经职业学院','广东省'),(1678,'广东省外语艺术职业学院','广东省'),(1679,'广东纺织职业技术学院','广东省'),(1680,'罗定职业技术学院','广东省'),(1681,'阳江职业技术学院','广东省'),(1682,'河源职业技术学院','广东省'),(1683,'广东岭南职业技术学院','广东省'),(1684,'广东建设职业技术学院','广东省'),(1685,'广东机电职业技术学院','广东省'),(1686,'广东青年职业学院','广东省'),(1687,'广州东华职业学院','广东省'),(1688,'广东创新科技职业学院','广东省'),(1689,'汕尾职业技术学院','广东省'),(1690,'东莞职业技术学院','广东省'),(1691,'广东环境保护工程职业学院','广东省'),(1692,'广州华夏职业学院','广东省'),(1693,'广东江门艺华旅游职业学院','广东省'),(1694,'广州华商职业学院','广东省'),(1695,'广西大学','广西壮族自治区'),(1696,'桂林电子科技大学','广西壮族自治区'),(1697,'桂林理工大学','广西壮族自治区'),(1698,'广西医科大学','广西壮族自治区'),(1699,'广西师范大学','广西壮族自治区'),(1700,'广西民族大学','广西壮族自治区'),(1701,'广西工学院','广西壮族自治区'),(1702,'广西中医学院','广西壮族自治区'),(1703,'桂林医学院','广西壮族自治区'),(1704,'右江民族医学院','广西壮族自治区'),(1705,'广西师范学院','广西壮族自治区'),(1706,'广西民族师范学院','广西壮族自治区'),(1707,'玉林师范学院','广西壮族自治区'),(1708,'河池学院','广西壮族自治区'),(1709,'广西外国语学院','广西壮族自治区'),(1710,'广西财经学院','广西壮族自治区'),(1711,'广西艺术学院','广西壮族自治区'),(1712,'百色学院','广西壮族自治区'),(1713,'贺州学院','广西壮族自治区'),(1714,'钦州学院','广西壮族自治区'),(1715,'梧州学院','广西壮族自治区'),(1716,'桂林航天工业高等专科学校','广西壮族自治区'),(1717,'柳州医学高等专科学校','广西壮族自治区'),(1718,'柳州师范高等专科学校','广西壮族自治区'),(1719,'桂林师范高等专科学校','广西壮族自治区'),(1720,'广西幼儿师范高等专科学校','广西壮族自治区'),(1721,'桂林旅游高等专科学校','广西壮族自治区'),(1722,'广西警官高等专科学校','广西壮族自治区'),(1723,'广西体育高等专科学校','广西壮族自治区'),(1724,'广西科技职业学院','广西壮族自治区'),(1725,'广西卫生职业技术学院','广西壮族自治区'),(1726,'柳州职业技术学院','广西壮族自治区'),(1727,'广西职业技术学院','广西壮族自治区'),(1728,'南宁职业技术学院','广西壮族自治区'),(1729,'广西机电职业技术学院','广西壮族自治区'),(1730,'桂林山水职业学院','广西壮族自治区'),(1731,'广西电力职业技术学院','广西壮族自治区'),(1732,'广西建设职业技术学院','广西壮族自治区'),(1733,'广西水利电力职业技术学院','广西壮族自治区'),(1734,'广西交通职业技术学院','广西壮族自治区'),(1735,'广西生态工程职业技术学院','广西壮族自治区'),(1736,'广西演艺职业学院','广西壮族自治区'),(1737,'广西经济职业学院','广西壮族自治区'),(1738,'广西国际商务职业技术学院','广西壮族自治区'),(1739,'广西农业职业技术学院','广西壮族自治区'),(1740,'北海职业学院','广西壮族自治区'),(1741,'百色职业学院','广西壮族自治区'),(1742,'柳州城市职业学院','广西壮族自治区'),(1743,'广西英华国际职业学院','广西壮族自治区'),(1744,'广西城市职业学院','广西壮族自治区'),(1745,'广西工程职业学院','广西壮族自治区'),(1746,'北海艺术设计职业学院','广西壮族自治区'),(1747,'广西工商职业技术学院','广西壮族自治区'),(1748,'梧州职业学院','广西壮族自治区'),(1749,'贵港职业学院','广西壮族自治区'),(1750,'广西现代职业技术学院','广西壮族自治区'),(1751,'广西经贸职业技术学院','广西壮族自治区'),(1752,'广西工业职业技术学院','广西壮族自治区'),(1753,'广西理工职业技术学院','广西壮族自治区'),(1754,'柳州铁道职业技术学院','广西壮族自治区'),(1755,'邕江大学','广西壮族自治区'),(1756,'海南大学','海南省'),(1757,'海南师范大学','海南省'),(1758,'海口经济学院','海南省'),(1759,'海南医学院','海南省'),(1760,'琼州学院','海南省'),(1761,'琼台师范高等专科学校','海南省'),(1762,'三亚城市职业学院','海南省'),(1763,'海南职业技术学院','海南省'),(1764,'三亚航空旅游职业学院','海南省'),(1765,'海南科技职业学院','海南省'),(1766,'海南工商职业学院','海南省'),(1767,'海南经贸职业技术学院','海南省'),(1768,'海南软件职业技术学院','海南省'),(1769,'三亚理工职业学院','海南省'),(1770,'海南政法职业学院','海南省'),(1771,'海南外国语职业学院','海南省'),(1772,'重庆大学','重庆市'),(1773,'西南大学','重庆市'),(1774,'重庆交通大学','重庆市'),(1775,'重庆邮电大学','重庆市'),(1776,'重庆理工大学','重庆市'),(1777,'重庆医科大学','重庆市'),(1778,'重庆师范大学','重庆市'),(1779,'重庆工商大学','重庆市'),(1780,'西南政法大学','重庆市'),(1781,'重庆科技学院','重庆市'),(1782,'长江师范学院','重庆市'),(1783,'四川外语学院','重庆市'),(1784,'四川美术学院','重庆市'),(1785,'重庆三峡学院','重庆市'),(1786,'重庆文理学院','重庆市'),(1787,'重庆电力高等专科学校','重庆市'),(1788,'重庆医药高等专科学校','重庆市'),(1789,'重庆三峡医药高等专科学校','重庆市'),(1790,'重庆化工职业学院','重庆市'),(1791,'重庆工业职业技术学院','重庆市'),(1792,'重庆电讯职业学院','重庆市'),(1793,'重庆传媒职业学院','重庆市'),(1794,'重庆工程职业技术学院','重庆市'),(1795,'重庆建筑工程职业学院','重庆市'),(1796,'重庆能源职业学院','重庆市'),(1797,'重庆科创职业学院','重庆市'),(1798,'重庆民生职业技术学院','重庆市'),(1799,'重庆正大软件职业技术学院','重庆市'),(1800,'重庆航天职业技术学院','重庆市'),(1801,'重庆财经职业学院','重庆市'),(1802,'重庆经贸职业学院','重庆市'),(1803,'重庆商务职业学院','重庆市'),(1804,'重庆三峡职业学院','重庆市'),(1805,'重庆信息技术职业学院','重庆市'),(1806,'重庆机电职业技术学院','重庆市'),(1807,'重庆城市职业学院','重庆市'),(1808,'重庆水利电力职业技术学院','重庆市'),(1809,'重庆电子工程职业学院','重庆市'),(1810,'重庆城市管理职业学院','重庆市'),(1811,'重庆工贸职业技术学院','重庆市'),(1812,'重庆海联职业技术学院','重庆市'),(1813,'重庆电信职业学院','重庆市'),(1814,'重庆警官职业学院','重庆市'),(1815,'重庆工商职业学院','重庆市'),(1816,'重庆轻工职业学院','重庆市'),(1817,'重庆安全技术职业学院','重庆市'),(1818,'重庆青年职业技术学院','重庆市'),(1819,'重庆公共运输职业学院','重庆市'),(1820,'重庆艺术工程职业学院','重庆市'),(1821,'重庆房地产职业学院','重庆市'),(1822,'重庆交通职业学院','重庆市'),(1823,'重庆旅游职业学院','重庆市'),(1824,'四川大学','四川省'),(1825,'西南交通大学','四川省'),(1826,'电子科技大学','四川省'),(1827,'西南财经大学','四川省'),(1828,'西南民族大学','四川省'),(1829,'成都理工大学','四川省'),(1830,'西华大学','四川省'),(1831,'西南科技大学','四川省'),(1832,'四川农业大学','四川省'),(1833,'成都中医药大学','四川省'),(1834,'四川师范大学','四川省'),(1835,'西华师范大学','四川省'),(1836,'中国民用航空飞行学院','四川省'),(1837,'西南石油大学','四川省'),(1838,'四川理工学院','四川省'),(1839,'成都信息工程学院','四川省'),(1840,'成都东软学院','四川省'),(1841,'泸州医学院','四川省'),(1842,'川北医学院','四川省'),(1843,'成都医学院','四川省'),(1844,'乐山师范学院','四川省'),(1845,'四川文理学院','四川省'),(1846,'内江师范学院','四川省'),(1847,'四川警察学院','四川省'),(1848,'成都体育学院','四川省'),(1849,'四川音乐学院','四川省'),(1850,'四川民族学院','四川省'),(1851,'成都学院','四川省'),(1852,'绵阳师范学院','四川省'),(1853,'西昌学院','四川省'),(1854,'宜宾学院','四川省'),(1855,'攀枝花学院','四川省'),(1856,'成都纺织高等专科学校','四川省'),(1857,'四川烹饪高等专科学校','四川省'),(1858,'成都电子机械高等专科学校','四川省'),(1859,'四川中医药高等专科学校','四川省'),(1860,'阿坝师范高等专科学校','四川省'),(1861,'四川幼儿师范高等专科学校','四川省'),(1862,'民办四川天一学院','四川省'),(1863,'成都航空职业技术学院','四川省'),(1864,'四川邮电职业技术学院','四川省'),(1865,'四川化工职业技术学院','四川省'),(1866,'达州职业技术学院','四川省'),(1867,'四川航天职业技术学院','四川省'),(1868,'乐山职业技术学院','四川省'),(1869,'泸州职业技术学院','四川省'),(1870,'四川警安职业学院','四川省'),(1871,'四川信息职业技术学院','四川省'),(1872,'眉山职业技术学院','四川省'),(1873,'四川长江职业学院','四川省'),(1874,'成都艺术职业学院','四川省'),(1875,'广安职业技术学院','四川省'),(1876,'四川司法警官职业学院','四川省'),(1877,'四川工程职业技术学院','四川省'),(1878,'宜宾职业技术学院','四川省'),(1879,'成都农业科技职业学院','四川省'),(1880,'四川国际标榜职业学院','四川省'),(1881,'四川科技职业学院','四川省'),(1882,'四川托普信息技术职业学院','四川省'),(1883,'四川职业技术学院','四川省'),(1884,'四川机电职业技术学院','四川省'),(1885,'四川交通职业技术学院','四川省'),(1886,'四川建筑职业技术学院','四川省'),(1887,'雅安职业技术学院','四川省'),(1888,'绵阳职业技术学院','四川省'),(1889,'四川工商职业技术学院','四川省'),(1890,'四川电力职业技术学院','四川省'),(1891,'四川艺术职业学院','四川省'),(1892,'南充职业技术学院','四川省'),(1893,'内江职业技术学院','四川省'),(1894,'成都职业技术学院','四川省'),(1895,'四川文化传媒职业学院','四川省'),(1896,'四川管理职业学院','四川省'),(1897,'四川文化产业职业学院','四川省'),(1898,'四川水利职业技术学院','四川省'),(1899,'四川财经职业学院','四川省'),(1900,'四川商务职业学院','四川省'),(1901,'四川现代职业学院','四川省'),(1902,'四川城市职业学院','四川省'),(1903,'四川华新现代职业学院','四川省'),(1904,'贵州大学','贵州省'),(1905,'贵州师范大学','贵州省'),(1906,'贵阳医学院','贵州省'),(1907,'遵义医学院','贵州省'),(1908,'贵阳中医学院','贵州省'),(1909,'毕节学院','贵州省'),(1910,'遵义师范学院','贵州省'),(1911,'黔南民族师范学院','贵州省'),(1912,'六盘水师范学院','贵州省'),(1913,'兴义民族师范学院','贵州省'),(1914,'贵州师范学院','贵州省'),(1915,'贵州财经学院','贵州省'),(1916,'贵州民族学院','贵州省'),(1917,'安顺学院','贵州省'),(1918,'铜仁学院','贵州省'),(1919,'贵阳学院','贵州省'),(1920,'凯里学院','贵州省'),(1921,'黔南民族医学高等专科学校','贵州省'),(1922,'遵义医药高等专科学校','贵州省'),(1923,'贵州商业高等专科学校','贵州省'),(1924,'贵州航天职业技术学院','贵州省'),(1925,'贵州交通职业技术学院','贵州省'),(1926,'贵州警官职业学院','贵州省'),(1927,'贵州电子信息职业技术学院','贵州省'),(1928,'黔西南民族职业技术学院','贵州省'),(1929,'贵州亚泰职业学院','贵州省'),(1930,'贵州工业职业技术学院','贵州省'),(1931,'遵义职业技术学院','贵州省'),(1932,'安顺职业技术学院','贵州省'),(1933,'黔南民族职业技术学院','贵州省'),(1934,'贵州轻工职业技术学院','贵州省'),(1935,'贵州职业技术学院','贵州省'),(1936,'贵阳职业技术学院','贵州省'),(1937,'贵州盛华职业学院','贵州省'),(1938,'毕节职业技术学院','贵州省'),(1939,'贵阳护理职业学院','贵州省'),(1940,'六盘水职业技术学院','贵州省'),(1941,'铜仁职业技术学院','贵州省'),(1942,'贵州电力职业技术学院','贵州省'),(1943,'黔东南民族职业技术学院','贵州省'),(1944,'云南大学','云南省'),(1945,'昆明理工大学','云南省'),(1946,'云南农业大学','云南省'),(1947,'西南林业大学','云南省'),(1948,'云南师范大学','云南省'),(1949,'云南财经大学','云南省'),(1950,'云南民族大学','云南省'),(1951,'昆明医学院','云南省'),(1952,'云南中医学院','云南省'),(1953,'曲靖师范学院','云南省'),(1954,'玉溪师范学院','云南省'),(1955,'楚雄师范学院','云南省'),(1956,'红河学院','云南省'),(1957,'云南工商学院','云南省'),(1958,'云南警官学院','云南省'),(1959,'云南艺术学院','云南省'),(1960,'昆明学院','云南省'),(1961,'大理学院','云南省'),(1962,'文山学院','云南省'),(1963,'保山学院','云南省'),(1964,'昆明冶金高等专科学校','云南省'),(1965,'保山中医药高等专科学校','云南省'),(1966,'曲靖医学高等专科学校','云南省'),(1967,'楚雄医药高等专科学校','云南省'),(1968,'思茅师范高等专科学校','云南省'),(1969,'昭通师范高等专科学校','云南省'),(1970,'德宏师范高等专科学校','云南省'),(1971,'临沧师范高等专科学校','云南省'),(1972,'丽江师范高等专科学校','云南省'),(1973,'云南交通职业技术学院','云南省'),(1974,'云南科技信息职业学院','云南省'),(1975,'云南三鑫职业技术学院','云南省'),(1976,'西双版纳职业技术学院','云南省'),(1977,'云南旅游职业学院','云南省'),(1978,'云南体育运动职业技术学院','云南省'),(1979,'云南经济管理职业学院','云南省'),(1980,'云南文化艺术职业学院','云南省'),(1981,'云南新兴职业学院','云南省'),(1982,'云南经贸外事职业学院','云南省'),(1983,'德宏职业学院','云南省'),(1984,'云南锡业职业技术学院','云南省'),(1985,'云南热带作物职业学院','云南省'),(1986,'云南国防工业职业技术学院','云南省'),(1987,'玉溪农业职业技术学院','云南省'),(1988,'昆明工业职业技术学院','云南省'),(1989,'云南农业职业技术学院','云南省'),(1990,'云南机电职业技术学院','云南省'),(1991,'云南司法警官职业学院','云南省'),(1992,'昆明扬帆职业技术学院','云南省'),(1993,'云南国土资源职业学院','云南省'),(1994,'云南城市建设职业学院','云南省'),(1995,'昆明艺术职业学院','云南省'),(1996,'云南现代职业技术学院','云南省'),(1997,'昆明卫生职业学院','云南省'),(1998,'云南林业职业技术学院','云南省'),(1999,'云南能源职业技术学院','云南省'),(2000,'云南商务职业学院','云南省'),(2001,'西藏大学','西藏自治区'),(2002,'西藏藏医学院','西藏自治区'),(2003,'西藏民族学院','西藏自治区'),(2004,'拉萨师范高等专科学校','西藏自治区'),(2005,'西藏警官高等专科学校','西藏自治区'),(2006,'西藏职业技术学院','西藏自治区'),(2007,'西安交通大学','陕西省'),(2008,'长安大学','陕西省'),(2009,'西安电子科技大学','陕西省'),(2010,'西北农林科技大学','陕西省'),(2011,'陕西师范大学','陕西省'),(2012,'西北工业大学','陕西省'),(2013,'西北大学','陕西省'),(2014,'延安大学','陕西省'),(2015,'西安理工大学','陕西省'),(2016,'西安建筑科技大学','陕西省'),(2017,'西安科技大学','陕西省'),(2018,'西安石油大学','陕西省'),(2019,'西安工程大学','陕西省'),(2020,'西安工业大学','陕西省'),(2021,'西安外国语大学','陕西省'),(2022,'西北政法大学','陕西省'),(2023,'陕西科技大学','陕西省'),(2024,'陕西国际商贸学院','陕西省'),(2025,'西安思源学院','陕西省'),(2026,'西安邮电学院','陕西省'),(2027,'陕西中医学院','陕西省'),(2028,'西安医学院','陕西省'),(2029,'宝鸡文理学院','陕西省'),(2030,'咸阳师范学院','陕西省'),(2031,'陕西理工学院','陕西省'),(2032,'榆林学院','陕西省'),(2033,'渭南师范学院','陕西省'),(2034,'西安财经学院','陕西省'),(2035,'西安体育学院','陕西省'),(2036,'西安美术学院','陕西省'),(2037,'西安音乐学院','陕西省'),(2038,'陕西服装工程学院','陕西省'),(2039,'西京学院','陕西省'),(2040,'西安翻译学院','陕西省'),(2041,'西安外事学院','陕西省'),(2042,'西安欧亚学院','陕西省'),(2043,'西安培华学院','陕西省'),(2044,'商洛学院','陕西省'),(2045,'安康学院','陕西省'),(2046,'西安文理学院','陕西省'),(2047,'西安航空技术高等专科学校','陕西省'),(2048,'西安电力高等专科学校','陕西省'),(2049,'西安医学高等专科学校','陕西省'),(2050,'杨凌职业技术学院','陕西省'),(2051,'陕西工业职业技术学院','陕西省'),(2052,'陕西旅游烹饪职业学院','陕西省'),(2053,'陕西警官职业学院','陕西省'),(2054,'陕西电子科技职业学院','陕西省'),(2055,'西安东方亚太职业技术学院','陕西省'),(2056,'西安海棠职业学院','陕西省'),(2057,'西安汽车科技职业学院','陕西省'),(2058,'陕西工商职业学院','陕西省'),(2059,'陕西交通职业技术学院','陕西省'),(2060,'西安航空职业技术学院','陕西省'),(2061,'陕西邮电职业技术学院','陕西省'),(2062,'西安科技商贸职业学院','陕西省'),(2063,'西安三资职业学院','陕西省'),(2064,'西安高新科技职业学院','陕西省'),(2065,'西安铁路职业技术学院','陕西省'),(2066,'陕西经济管理职业技术学院','陕西省'),(2067,'咸阳职业技术学院','陕西省'),(2068,'西安职业技术学院','陕西省'),(2069,'商洛职业技术学院','陕西省'),(2070,'宝鸡职业技术学院','陕西省'),(2071,'陕西国防工业职业技术学院','陕西省'),(2072,'陕西铁路工程职业技术学院','陕西省'),(2073,'陕西财经职业技术学院','陕西省'),(2074,'陕西电子信息职业技术学院','陕西省'),(2075,'汉中职业技术学院','陕西省'),(2076,'延安职业技术学院','陕西省'),(2077,'渭南职业技术学院','陕西省'),(2078,'安康职业技术学院','陕西省'),(2079,'铜川职业技术学院','陕西省'),(2080,'陕西青年职业学院','陕西省'),(2081,'陕西职业技术学院','陕西省'),(2082,'陕西能源职业技术学院','陕西省'),(2083,'陕西航空职业技术学院','陕西省'),(2084,'榆林职业技术学院','陕西省'),(2085,'兰州大学','甘肃省'),(2086,'西北民族大学','甘肃省'),(2087,'兰州理工大学','甘肃省'),(2088,'兰州交通大学','甘肃省'),(2089,'甘肃农业大学','甘肃省'),(2090,'西北师范大学','甘肃省'),(2091,'甘肃中医学院','甘肃省'),(2092,'陇东学院','甘肃省'),(2093,'天水师范学院','甘肃省'),(2094,'甘肃民族师范学院','甘肃省'),(2095,'兰州商学院','甘肃省'),(2096,'甘肃政法学院','甘肃省'),(2097,'兰州城市学院','甘肃省'),(2098,'河西学院','甘肃省'),(2099,'兰州工业高等专科学校','甘肃省'),(2100,'张掖医学高等专科学校','甘肃省'),(2101,'平凉医学高等专科学校','甘肃省'),(2102,'陇南师范高等专科学校','甘肃省'),(2103,'定西师范高等专科学校','甘肃省'),(2104,'甘肃机电职业技术学院','甘肃省'),(2105,'兰州石化职业技术学院','甘肃省'),(2106,'甘肃联合大学','甘肃省'),(2107,'甘肃畜牧工程职业技术学院','甘肃省'),(2108,'白银矿冶职业技术学院','甘肃省'),(2109,'甘肃有色冶金职业技术学院','甘肃省'),(2110,'武威职业学院','甘肃省'),(2111,'甘肃钢铁职业技术学院','甘肃省'),(2112,'兰州资源环境职业技术学院','甘肃省'),(2113,'甘肃建筑职业技术学院','甘肃省'),(2114,'甘肃农业职业技术学院','甘肃省'),(2115,'甘肃工业职业技术学院','甘肃省'),(2116,'兰州职业技术学院','甘肃省'),(2117,'兰州外语职业学院','甘肃省'),(2118,'酒泉职业技术学院','甘肃省'),(2119,'甘肃交通职业技术学院','甘肃省'),(2120,'甘肃警察职业学院','甘肃省'),(2121,'甘肃林业职业技术学院','甘肃省'),(2122,'青海大学','青海省'),(2123,'青海师范大学','青海省'),(2124,'青海民族大学','青海省'),(2125,'青海畜牧兽医职业技术学院','青海省'),(2126,'青海卫生职业技术学院','青海省'),(2127,'青海警官职业学院','青海省'),(2128,'青海交通职业技术学院','青海省'),(2129,'青海建筑职业技术学院','青海省'),(2130,'北方民族大学','宁夏回族自治区'),(2131,'宁夏大学','宁夏回族自治区'),(2132,'宁夏理工学院','宁夏回族自治区'),(2133,'宁夏医科大学','宁夏回族自治区'),(2134,'宁夏师范学院','宁夏回族自治区'),(2135,'宁夏民族职业技术学院','宁夏回族自治区'),(2136,'宁夏防沙治沙职业技术学院','宁夏回族自治区'),(2137,'宁夏工业职业学院','宁夏回族自治区'),(2138,'宁夏职业技术学院','宁夏回族自治区'),(2139,'银川科技职业学院','宁夏回族自治区'),(2140,'宁夏建设职业技术学院','宁夏回族自治区'),(2141,'宁夏工商职业技术学院','宁夏回族自治区'),(2142,'宁夏财经职业技术学院','宁夏回族自治区'),(2143,'宁夏司法警官职业学院','宁夏回族自治区'),(2144,'新疆大学','新疆维吾尔自治区'),(2145,'石河子大学','新疆维吾尔自治区'),(2146,'新疆农业大学','新疆维吾尔自治区'),(2147,'塔里木大学','新疆维吾尔自治区'),(2148,'新疆医科大学','新疆维吾尔自治区'),(2149,'新疆师范大学','新疆维吾尔自治区'),(2150,'新疆财经大学','新疆维吾尔自治区'),(2151,'喀什师范学院','新疆维吾尔自治区'),(2152,'伊犁师范学院','新疆维吾尔自治区'),(2153,'新疆艺术学院','新疆维吾尔自治区'),(2154,'昌吉学院','新疆维吾尔自治区'),(2155,'新疆工业高等专科学校','新疆维吾尔自治区'),(2156,'新疆维吾尔医学专科学校','新疆维吾尔自治区'),(2157,'和田师范专科学校','新疆维吾尔自治区'),(2158,'新疆兵团警官高等专科学校','新疆维吾尔自治区'),(2159,'新疆警官高等专科学校','新疆维吾尔自治区'),(2160,'乌鲁木齐职业大学','新疆维吾尔自治区'),(2161,'新疆机电职业技术学院','新疆维吾尔自治区'),(2162,'新疆轻工职业技术学院','新疆维吾尔自治区'),(2163,'克拉玛依职业技术学院','新疆维吾尔自治区'),(2164,'新疆农业职业技术学院','新疆维吾尔自治区'),(2165,'昌吉职业技术学院','新疆维吾尔自治区'),(2166,'新疆石河子职业技术学院','新疆维吾尔自治区'),(2167,'新疆交通职业技术学院','新疆维吾尔自治区'),(2168,'新疆现代职业技术学院','新疆维吾尔自治区'),(2169,'新疆天山职业技术学院','新疆维吾尔自治区'),(2170,'阿克苏职业技术学院','新疆维吾尔自治区'),(2171,'巴音郭楞职业技术学院','新疆维吾尔自治区'),(2172,'伊犁职业技术学院','新疆维吾尔自治区'),(2173,'新疆职业大学','新疆维吾尔自治区'),(2174,'新疆能源职业技术学院','新疆维吾尔自治区'),(2175,'新疆建设职业技术学院','新疆维吾尔自治区');
/*!40000 ALTER TABLE `universitys_info` ENABLE KEYS */;
UNLOCK TABLES;

--
-- Table structure for table `user_notifications`
--

DROP TABLE IF EXISTS `user_notifications`;
/*!40101 SET @saved_cs_client     = @@character_set_client */;
/*!40101 SET character_set_client = utf8 */;
CREATE TABLE `user_notifications` (
  `studentID` int(11) NOT NULL,
  `notificationID` mediumint(9) NOT NULL,
  `notificationRead` tinyint(1) NOT NULL,
  PRIMARY KEY (`studentID`,`notificationID`),
  KEY `notificationID` (`notificationID`),
  CONSTRAINT `user_notifications_ibfk_1` FOREIGN KEY (`studentID`) REFERENCES `students` (`studentID`),
  CONSTRAINT `user_notifications_ibfk_2` FOREIGN KEY (`notificationID`) REFERENCES `notifications` (`notificationID`)
) ENGINE=InnoDB DEFAULT CHARSET=latin1;
/*!40101 SET character_set_client = @saved_cs_client */;

--
-- Dumping data for table `user_notifications`
--

LOCK TABLES `user_notifications` WRITE;
/*!40000 ALTER TABLE `user_notifications` DISABLE KEYS */;
INSERT INTO `user_notifications` VALUES (1,678,0),(1,679,0),(1,680,0),(1,681,0),(1,682,0),(1,684,0),(1,695,0),(47,678,0),(47,679,0),(47,680,0),(47,681,0),(47,682,0),(47,684,0),(47,695,0),(56,696,0),(57,686,0),(57,696,0),(63,676,0),(63,696,0),(64,697,0),(64,698,0),(64,744,0),(64,745,0),(64,746,0),(64,747,0),(64,748,0),(64,749,0),(73,707,0),(73,725,0),(73,726,0),(73,745,0),(73,746,0),(73,747,0),(73,748,0),(73,749,0),(76,706,1),(76,722,0),(76,723,0),(76,727,0),(76,728,0),(76,729,0),(76,730,0),(76,731,0),(76,732,0),(76,733,0),(76,734,0),(76,735,0),(76,742,0),(76,743,0),(76,744,0),(76,745,0),(76,746,0),(76,747,0),(76,748,0),(76,749,0),(89,676,1),(89,681,1),(89,684,0),(90,710,1),(90,751,1),(90,753,1),(90,754,1),(90,757,1),(91,678,0),(91,679,0),(91,680,0),(91,681,0),(91,682,0),(91,684,0),(91,695,0),(92,676,0),(92,678,1),(92,679,1),(92,680,1),(92,681,1),(92,682,1),(92,684,0),(92,692,0),(92,693,0),(92,695,1),(94,678,1),(94,679,1),(94,680,1),(94,682,1),(94,686,1),(94,695,0),(115,707,0),(115,725,0),(115,726,0),(118,707,0),(118,725,0),(119,706,0),(119,710,0),(119,722,0),(119,723,0),(119,726,0),(119,727,0),(119,728,0),(119,729,0),(119,730,0),(119,731,0),(119,732,0),(119,733,0),(119,734,0),(119,735,0),(119,742,0),(119,743,0),(119,744,0),(119,745,0),(119,746,0),(119,747,0),(119,748,0),(119,749,0),(120,752,1),(120,755,1),(120,756,1),(120,758,1),(122,700,0),(122,701,0),(122,702,0),(122,703,0),(122,704,0),(122,705,0),(122,706,0),(122,708,0),(122,710,0),(122,722,0),(122,723,0),(122,727,0),(122,728,0),(122,729,0),(122,730,0),(122,731,0),(122,732,0),(122,733,0),(122,734,0),(122,735,0),(122,742,0),(122,743,0),(122,744,0),(122,745,0),(124,700,0),(124,701,0),(124,702,0),(124,703,0),(124,704,0),(124,705,0),(124,708,0),(138,735,0),(138,742,0),(138,743,0),(138,744,0),(138,745,0),(138,746,0),(138,747,0),(138,748,0),(138,749,0);
/*!40000 ALTER TABLE `user_notifications` ENABLE KEYS */;
UNLOCK TABLES;
/*!40103 SET TIME_ZONE=@OLD_TIME_ZONE */;

/*!40101 SET SQL_MODE=@OLD_SQL_MODE */;
/*!40014 SET FOREIGN_KEY_CHECKS=@OLD_FOREIGN_KEY_CHECKS */;
/*!40014 SET UNIQUE_CHECKS=@OLD_UNIQUE_CHECKS */;
/*!40101 SET CHARACTER_SET_CLIENT=@OLD_CHARACTER_SET_CLIENT */;
/*!40101 SET CHARACTER_SET_RESULTS=@OLD_CHARACTER_SET_RESULTS */;
/*!40101 SET COLLATION_CONNECTION=@OLD_COLLATION_CONNECTION */;
/*!40111 SET SQL_NOTES=@OLD_SQL_NOTES */;

-- Dump completed on 2016-06-23 18:55:11
