-- phpMyAdmin SQL Dump
-- version 4.1.4
-- http://www.phpmyadmin.net
--
-- Host: 127.0.0.1
-- Generation Time: Mar 10, 2015 at 07:07 PM
-- Server version: 5.6.15-log
-- PHP Version: 5.5.8

SET SQL_MODE = "NO_AUTO_VALUE_ON_ZERO";
SET time_zone = "+00:00";


/*!40101 SET @OLD_CHARACTER_SET_CLIENT=@@CHARACTER_SET_CLIENT */;
/*!40101 SET @OLD_CHARACTER_SET_RESULTS=@@CHARACTER_SET_RESULTS */;
/*!40101 SET @OLD_COLLATION_CONNECTION=@@COLLATION_CONNECTION */;
/*!40101 SET NAMES utf8 */;

--
-- Database: `study_with_me`
--

-- --------------------------------------------------------

--
-- Table structure for table `campus`
--

CREATE TABLE IF NOT EXISTS `campus` (
  `campusID` int(5) NOT NULL AUTO_INCREMENT,
  `universityID` int(5) NOT NULL,
  `campus_name` varchar(50) NOT NULL,
  PRIMARY KEY (`campusID`)
) ENGINE=MyISAM  DEFAULT CHARSET=latin1 AUTO_INCREMENT=6 ;

--
-- Dumping data for table `campus`
--

INSERT INTO `campus` (`campusID`, `universityID`, `campus_name`) VALUES
(1, 1, 'Craiglockhart'),
(2, 1, 'Merchiston'),
(3, 1, 'Merchiston Avenue'),
(4, 1, 'Morningside Church'),
(5, 1, 'Sighthill');

-- --------------------------------------------------------

--
-- Table structure for table `classes`
--

CREATE TABLE IF NOT EXISTS `classes` (
  `classID` int(6) NOT NULL AUTO_INCREMENT,
  `roomID` int(5) NOT NULL,
  `moduleID` int(5) NOT NULL,
  `Class_time` datetime NOT NULL,
  `duration` int(2) NOT NULL,
  PRIMARY KEY (`classID`)
) ENGINE=MyISAM DEFAULT CHARSET=latin1 AUTO_INCREMENT=1 ;

-- --------------------------------------------------------

--
-- Table structure for table `groups`
--

CREATE TABLE IF NOT EXISTS `groups` (
  `groupID` int(5) NOT NULL AUTO_INCREMENT,
  `moduleID` int(5) NOT NULL,
  `adminID` int(5) NOT NULL,
  `groupName` varchar(50) NOT NULL,
  `groupDescription` varchar(500) NOT NULL,
  `type` varchar(10) NOT NULL,
  `one_off` varchar(5) NOT NULL,
  PRIMARY KEY (`groupID`)
) ENGINE=MyISAM  DEFAULT CHARSET=latin1 AUTO_INCREMENT=4 ;

--
-- Dumping data for table `groups`
--

INSERT INTO `groups` (`groupID`, `moduleID`, `adminID`, `groupName`, `groupDescription`, `type`, `one_off`) VALUES
(1, 632, 1, 'Third Year Project', 'description herer', 'public', ''),
(2, 310, 1, 'Web Enabled Business Group', 'Help with strategies again', 'public', ''),
(3, 304, 2, 'Cyberpsychology Group', 'please join us!', 'public', '');

-- --------------------------------------------------------

--
-- Table structure for table `group_connect`
--

CREATE TABLE IF NOT EXISTS `group_connect` (
  `groupconnectID` int(6) NOT NULL AUTO_INCREMENT,
  `groupID` int(5) NOT NULL,
  `studentID` int(5) NOT NULL,
  PRIMARY KEY (`groupconnectID`)
) ENGINE=MyISAM  DEFAULT CHARSET=latin1 AUTO_INCREMENT=5 ;

--
-- Dumping data for table `group_connect`
--

INSERT INTO `group_connect` (`groupconnectID`, `groupID`, `studentID`) VALUES
(1, 1, 1),
(2, 2, 1),
(3, 1, 2),
(4, 2, 2);

-- --------------------------------------------------------

--
-- Table structure for table `group_message`
--

CREATE TABLE IF NOT EXISTS `group_message` (
  `ID` int(5) NOT NULL AUTO_INCREMENT,
  `groupID` int(5) NOT NULL,
  `studentID` int(5) NOT NULL COMMENT 'student owner ID',
  `message` mediumtext NOT NULL,
  `post_date` datetime NOT NULL,
  PRIMARY KEY (`ID`)
) ENGINE=MyISAM DEFAULT CHARSET=latin1 AUTO_INCREMENT=1 ;

-- --------------------------------------------------------

--
-- Table structure for table `meetings`
--

CREATE TABLE IF NOT EXISTS `meetings` (
  `meetingID` int(6) NOT NULL AUTO_INCREMENT,
  `groupID` int(5) NOT NULL,
  `roomID` int(5) NOT NULL,
  `facilitatorID` int(5) NOT NULL,
  `time` datetime NOT NULL,
  `duration` int(11) NOT NULL,
  `numberOfSeats` int(11) NOT NULL,
  PRIMARY KEY (`meetingID`)
) ENGINE=MyISAM  DEFAULT CHARSET=latin1 AUTO_INCREMENT=4 ;

--
-- Dumping data for table `meetings`
--

INSERT INTO `meetings` (`meetingID`, `groupID`, `roomID`, `facilitatorID`, `time`, `duration`, `numberOfSeats`) VALUES
(1, 1, 48, 1, '2015-03-02 11:00:00', 2, 10),
(2, 1, 48, 2, '2015-03-05 15:00:00', 1, 10),
(3, 1, 0, 1, '2015-03-18 10:00:00', 1, 10);

-- --------------------------------------------------------

--
-- Table structure for table `meeting_connect`
--

CREATE TABLE IF NOT EXISTS `meeting_connect` (
  `meetingconnectID` int(6) NOT NULL AUTO_INCREMENT,
  `meetingID` int(6) NOT NULL,
  `studentID` int(5) NOT NULL,
  PRIMARY KEY (`meetingconnectID`)
) ENGINE=MyISAM  DEFAULT CHARSET=latin1 AUTO_INCREMENT=5 ;

--
-- Dumping data for table `meeting_connect`
--

INSERT INTO `meeting_connect` (`meetingconnectID`, `meetingID`, `studentID`) VALUES
(1, 1, 1),
(2, 1, 2),
(3, 2, 2),
(4, 2, 2);

-- --------------------------------------------------------

--
-- Table structure for table `module`
--

CREATE TABLE IF NOT EXISTS `module` (
  `moduleID` int(5) NOT NULL AUTO_INCREMENT,
  `universityID` int(4) NOT NULL,
  `module_code` varchar(50) NOT NULL,
  `module_name` varchar(100) NOT NULL,
  `school` varchar(100) NOT NULL,
  PRIMARY KEY (`moduleID`)
) ENGINE=MyISAM  DEFAULT CHARSET=latin1 AUTO_INCREMENT=666 ;

--
-- Dumping data for table `module`
--

INSERT INTO `module` (`moduleID`, `universityID`, `module_code`, `module_name`, `school`) VALUES
(1, 1, 'PSY10102', 'Educational Psychology', 'Life, Sport & Social Sciences'),
(2, 1, 'LMD07112', 'Film Narrative 2', 'Arts & Creative Industries'),
(3, 1, 'FIN10107', 'Regulatory Risk Management', 'Accounting, Financial Services & Law'),
(4, 1, 'CTR07100', 'CTR07100', 'Engineering & Built Environment'),
(5, 1, 'NMS08100', 'Ethical legal and professional issues in healthcare - Generic', 'Nursing, Midwifery & Social Care'),
(6, 1, 'MID07110', 'Fundamentals of Labour and Birth', 'Nursing, Midwifery & Social Care'),
(7, 1, 'DES09128', 'Design for Public Spaces', 'Arts & Creative Industries'),
(8, 1, 'BSV08103', 'BSV08103', 'Engineering & Built Environment'),
(9, 1, 'TSM09117', 'Management of MICE Events', 'Marketing, Tourism & Languages'),
(10, 1, 'LNG08109', 'German 4', 'Marketing, Tourism & Languages'),
(11, 1, 'MUS08122', 'Popular Music Ensemble Performance 2', 'Arts & Creative Industries'),
(12, 1, 'CSN11127', 'Computer Penetration Testing', 'Computing'),
(13, 1, 'CSN08104', 'Applied Cisco Networking (Security/Wireless)', 'Computing'),
(14, 1, 'MID11102', 'Preparation and Practice of Supervisors of Midwives (Theory', 'Nursing, Midwifery & Social Care'),
(15, 1, 'MEC11502', 'Design Analysis', 'Engineering & Built Environment'),
(16, 1, 'MKT10103', 'Marketing Management in Practice', 'Marketing, Tourism & Languages'),
(17, 1, 'TSM07106', 'The Global Tourism Industry', 'Marketing, Tourism & Languages'),
(18, 1, 'BSV09114', 'BSV09114', 'Engineering & Built Environment'),
(19, 1, 'ACC08107', 'Reporting Corporate Performance', 'Accounting, Financial Services & Law'),
(20, 1, 'SET11116', 'Software Engineering Teamwork', 'Computing'),
(21, 1, 'LNG07103', 'Spanish 1', 'Marketing, Tourism & Languages'),
(22, 1, 'SOE09105', 'Strategic Appraisal - WBL Students', 'Management'),
(23, 1, 'CTR11102/11502', 'Structural Dynamics and Earthquake Design', 'Engineering & Built Environment'),
(24, 1, 'CPT10102', 'Promoting Mental Health; Complementary,  Alternative & Conventional Approaches', 'Life, Sport & Social Sciences'),
(25, 1, 'SET10106', 'Distributed Services & Applications', 'Computing'),
(26, 1, 'MKT11105', 'Direct & Digital Marketing', 'Marketing, Tourism & Languages'),
(27, 1, 'ELE09113', 'Signal Processing', 'Engineering & Built Environment'),
(28, 1, 'PSY08101', 'Cognitive Psychology 1', 'Life, Sport & Social Sciences'),
(29, 1, 'MID08112', 'Midwifery Praictice 3', 'Nursing, Midwifery & Social Care'),
(30, 1, 'CLP10100', 'The Gothic Tradition', 'Arts & Creative Industries'),
(31, 1, 'BSV08100', 'Building Engineering 2', 'Engineering & Built Environment'),
(32, 1, 'DES08104', 'Graphic Design Studio 2', 'Arts & Creative Industries'),
(33, 1, 'BSV11121', 'Health and Safety Law', 'Engineering & Built Environment'),
(34, 1, 'LNG11105', 'Advertising as Cultural Discourse', 'Marketing, Tourism & Languages'),
(35, 1, 'MEC10115', 'MEC10115', 'Engineering & Built Environment'),
(36, 1, 'MKT09107', 'Retail Marketing', 'Marketing, Tourism & Languages'),
(37, 1, 'MEC08104', 'Design & Development', 'Engineering & Built Environment'),
(38, 1, 'HRM11119', 'Leadership Strategy & Innovation', 'Management'),
(39, 1, 'ADN07107', 'Approaches to health in adulthood', 'Nursing, Midwifery & Social Care'),
(40, 1, 'SOC10101/SOC10102', 'Honours Project', 'Computing'),
(41, 1, 'LAW10107', 'Contemporary Issues in Criminal Law', 'Accounting, Financial Services & Law'),
(42, 1, 'PSY07100', 'Individual Differences 1', 'Life, Sport & Social Sciences'),
(43, 1, 'BSV10109', 'Valuation 3', 'Engineering & Built Environment'),
(44, 1, 'ENT09101', 'Starting a New Business', 'Management'),
(45, 1, 'MKT07101', 'Marketing 1', 'Marketing, Tourism & Languages'),
(46, 1, 'CSN08111', 'Digital Forensics', 'Computing'),
(47, 1, 'BSV08106', 'BSV08106', 'Engineering & Built Environment'),
(48, 1, 'MUS07121', 'Principal Study 1.2', 'Arts & Creative Industries'),
(49, 1, 'MHN09110', 'Embedding recovery and self management', 'Nursing, Midwifery & Social Care'),
(50, 1, 'LMD08123', 'Sequences and Seriality', 'Arts & Creative Industries'),
(51, 1, 'SOC11108', 'Project and Programme Management: Work Based Learning - Please go to room D40,  Merchiston', 'Computing'),
(52, 1, 'SES09107', 'Performance & Practice in SES', 'Life, Sport & Social Sciences'),
(53, 1, 'LNG09120', 'Preparation for Study Abroad', 'Marketing, Tourism & Languages'),
(54, 1, 'LMD10102', 'Professional Development', 'Arts & Creative Industries'),
(55, 1, 'ADN09128', 'Complexities of Adult Nursing', 'Nursing, Midwifery & Social Care'),
(56, 1, 'CLP10101', 'Cities Real and Imagined', 'Arts & Creative Industries'),
(57, 1, 'ADN08111', 'Nursing Practice Experience 3 (Adult Field) Surgical Acute	', 'Nursing, Midwifery & Social Care'),
(58, 1, 'MEC11117', 'Research Skills & Project Management', 'Engineering & Built Environment'),
(59, 1, 'JAC11122', 'Production Dissertation', 'Arts & Creative Industries'),
(60, 1, 'ENV08105', 'Valuing the Earth', 'Life, Sport & Social Sciences'),
(61, 1, 'BSV11109', 'Property Asset Management', 'Engineering & Built Environment'),
(62, 1, 'IMD09129', '3D Character Animation', 'Computing'),
(63, 1, 'FIN08104', 'Personal Investment and Portfolio Planning', 'Accounting, Financial Services & Law'),
(64, 1, 'MKT07102', 'Consumer Behaviour', 'Marketing, Tourism & Languages'),
(65, 1, 'CTR09130', 'Geotechnics 2 in Practice', 'Engineering & Built Environment'),
(66, 1, 'BMS07100', 'Molecules & Cells - Tutorial Grp B', 'Life, Sport & Social Sciences'),
(67, 1, 'IMD07106', 'Producing Digital', 'Computing'),
(68, 1, 'DES07122', 'Foundation Interior and Spatial Design 2', 'Arts & Creative Industries'),
(69, 1, 'LAW07111', 'Constitutional and Administrative Law', 'Accounting, Financial Services & Law'),
(70, 1, 'CTR11103/11503', 'Traffic Management', 'Engineering & Built Environment'),
(71, 1, 'SOE10103', 'Business Strategy and Sustainability', 'Management'),
(72, 1, 'CLP08110', 'Creative Writing 1', 'Arts & Creative Industries'),
(73, 1, 'ACC11104', 'Contemporary Issues in Financial Reporting', 'Accounting, Financial Services & Law'),
(74, 1, 'SET11105', 'Programming for the Web', 'Computing'),
(75, 1, 'JAC11131', 'Journalism,  Information and Society', 'Arts & Creative Industries'),
(76, 1, 'CLP11103', 'Publishing Placement & Professional Development', 'Arts & Creative Industries'),
(77, 1, 'MKT08101', 'Marketing Communication Tools', 'Marketing, Tourism & Languages'),
(78, 1, 'LAW11101', 'Employment Law', 'Accounting, Financial Services & Law'),
(79, 1, 'DES09100', 'DES09100 WK 1 Intro Lecture', 'Arts & Creative Industries'),
(80, 1, 'MID08113', 'Complex Care in Childbearing', 'Nursing, Midwifery & Social Care'),
(81, 1, 'BSV11104', 'Procurement Strategy', 'Engineering & Built Environment'),
(82, 1, 'LNG10118', 'Spanish 8b', 'Marketing, Tourism & Languages'),
(83, 1, 'NMS09134/NMS11160', 'Clinical Research - Practice', 'Nursing, Midwifery & Social Care'),
(84, 1, 'SOC09109', 'Third Year Group Project/Third Year Group Project (IS)', 'Computing'),
(85, 1, 'LNG07101', 'French 1', 'Marketing, Tourism & Languages'),
(86, 1, 'ACC10108', 'International Accounting', 'Accounting, Financial Services & Law'),
(87, 1, 'DES08121', 'Design for Commercial Spaces', 'Arts & Creative Industries'),
(88, 1, 'LNG11108', 'Teaching English as a Foreign Language', 'Marketing, Tourism & Languages'),
(89, 1, 'CSN11107', 'Routing Technology', 'Computing'),
(90, 1, 'MIC11107', 'Research Skills Molecular Analysis', 'Life, Sport & Social Sciences'),
(91, 1, 'NMS11162', 'Leadership and Finance for Effective Service Delivery', 'Nursing, Midwifery & Social Care'),
(92, 1, 'LAW07105', 'Legal System and Skills', 'Accounting, Financial Services & Law'),
(93, 1, 'CTR09114', 'CTR09114', 'Engineering & Built Environment'),
(94, 1, 'VET08100', 'Aplication of Small AnimalNursing Care', 'Nursing, Midwifery & Social Care'),
(95, 1, 'LAW08118', 'Property Law', 'Accounting, Financial Services & Law'),
(96, 1, 'CTR10112', 'CTR10112/10113', 'Engineering & Built Environment'),
(97, 1, 'BSV11112', 'Facilities Management 1', 'Engineering & Built Environment'),
(98, 1, 'SOE08103', 'World Economy', 'Management'),
(99, 1, 'JAC11106', 'Dissertation', 'Arts & Creative Industries'),
(100, 1, 'BSV11108', 'Property Investment Analysis', 'Engineering & Built Environment'),
(101, 1, 'ADN08109', 'A Holistic approach to long term conditions', 'Nursing, Midwifery & Social Care'),
(102, 1, 'ELE09108', 'Individual Project', 'Engineering & Built Environment'),
(103, 1, 'SET09109', 'Fundamentals of Parallel Systems', 'Computing'),
(104, 1, 'ENT09103', 'Entrepreneurial Consultancy Project', 'Management'),
(105, 1, 'NMS09138', 'Advancing Practice through Research', 'Nursing, Midwifery & Social Care'),
(106, 1, 'DES09124', 'Prototyping Interactive Experiences', 'Arts & Creative Industries'),
(107, 1, 'MEC07106', 'Mechanical Principles', 'Engineering & Built Environment'),
(108, 1, 'TSM07103', 'The Business of Festivals & Events', 'Marketing, Tourism & Languages'),
(109, 1, 'ENV11108', 'Field & Laboratory Skills', 'Life, Sport & Social Sciences'),
(110, 1, 'ADN09129', 'Nursing Practice Experience 5 (Adult Field) Community', 'Nursing, Midwifery & Social Care'),
(111, 1, 'HSS07102', 'The Community Context of Youth Work', 'Life, Sport & Social Sciences'),
(112, 1, 'HRB07103', 'Plant Science', 'Life, Sport & Social Sciences'),
(113, 1, 'BSV10110', 'Architectural Technology 4', 'Engineering & Built Environment'),
(114, 1, 'BSV09118', 'Planning and Development 3', 'Engineering & Built Environment'),
(115, 1, 'HRM11117', 'Management & Organisational Change', 'Management'),
(116, 1, 'JACInt Jour Res wk', 'JACInt Jour Res week L1', 'Arts & Creative Industries'),
(117, 1, 'SCA11128', 'Project Preparation', 'Arts & Creative Industries'),
(118, 1, 'FIN08103', 'Planning Personal Finance', 'Accounting, Financial Services & Law'),
(119, 1, 'ACC09114', 'Public Finance and Taxation Studies', 'Accounting, Financial Services & Law'),
(120, 1, 'MEC11104/11504', 'Mechanical Computer Aided Engineering', 'Engineering & Built Environment'),
(121, 1, 'CLP11114', 'Magazine Publishing', 'Arts & Creative Industries'),
(122, 1, 'CTR08102', 'CTR08102', 'Engineering & Built Environment'),
(123, 1, 'SES09104', 'Growth Maturation & Exercise', 'Life, Sport & Social Sciences'),
(124, 1, 'PSY09114', 'Brain & Cognition', 'Life, Sport & Social Sciences'),
(125, 1, 'NUR09116', 'Achieving Professionalism', 'Nursing, Midwifery & Social Care'),
(126, 1, 'ELE11113', 'Distributed Generation Systems', 'Engineering & Built Environment'),
(127, 1, 'MHN07103', 'Mental Health: Everyone''s Buisness', 'Nursing, Midwifery & Social Care'),
(128, 1, 'SES11104', 'Contemporary Issues in SES', 'Life, Sport & Social Sciences'),
(129, 1, 'HRM11106', 'Learning & Development - Full Time', 'Management'),
(130, 1, 'NMS09100', 'Principles of Research & Evidence Based Practice', 'Nursing, Midwifery & Social Care'),
(131, 1, 'LMD07114', 'Film History - extended booking for certain weeks', 'Arts & Creative Industries'),
(132, 1, 'MKT09106', 'Direct & Digital Marketing', 'Marketing, Tourism & Languages'),
(133, 1, 'MUS10104', 'Music Analysis', 'Arts & Creative Industries'),
(134, 1, 'ELE10105/11104', 'Programmable Logic Design', 'Engineering & Built Environment'),
(135, 1, 'MEC11504', 'Mechanical Computer Aided Engineering', 'Engineering & Built Environment'),
(136, 1, 'SSC07102', 'Understanding Social Change', 'Life, Sport & Social Sciences'),
(137, 1, 'LNG11119', 'Managing Cultural Diversity in the Workplace', 'Marketing, Tourism & Languages'),
(138, 1, 'LAW10110', 'International Trade Law', 'Accounting, Financial Services & Law'),
(139, 1, 'PSY07101', 'Social Psychology 1 Lecture', 'Life, Sport & Social Sciences'),
(140, 1, 'HRM09104.FL', 'Managing the Employment Relationship (FL)', 'Management'),
(141, 1, 'ACC11106', 'Strategic Financial Management', 'Accounting, Financial Services & Law'),
(142, 1, 'SET07106', 'Mathematics for Software Engineering', 'Computing'),
(143, 1, 'SET07105', 'Introduction to programming in C++', 'Computing'),
(144, 1, 'LMD09139', 'TV Studio Presentation', 'Arts & Creative Industries'),
(145, 1, 'LAW09115', 'Intellectual Property', 'Accounting, Financial Services & Law'),
(146, 1, 'CLP11111', 'Writing Genre Fiction', 'Arts & Creative Industries'),
(147, 1, 'NMS00000', 'Supplementary Prescribing to Independent Prescribing Conversion Course for Physiotherapists and Podi', 'Nursing, Midwifery & Social Care'),
(148, 1, 'BSV09109', 'BSV09109', 'Engineering & Built Environment'),
(149, 1, 'LMD07115', 'Histories 1: Photography', 'Arts & Creative Industries'),
(150, 1, 'DES09120', 'Design & Digital Arts Studio 2', 'Arts & Creative Industries'),
(151, 1, 'CPT10103', 'Ethnomedicine', 'Life, Sport & Social Sciences'),
(152, 1, 'ACC09109', 'Auditing', 'Accounting, Financial Services & Law'),
(153, 1, 'SET08101', 'Web Technologies', 'Computing'),
(154, 1, 'BSV07107', 'Introduction to Contemporary Architecture', 'Engineering & Built Environment'),
(155, 1, 'CHN09114', 'Diverse Settings', 'Nursing, Midwifery & Social Care'),
(156, 1, 'VET08101', 'Veterinary Theatre Nursing and Anasthesia', 'Nursing, Midwifery & Social Care'),
(157, 1, 'MIC09103', 'Food Microbiology & Biotechnology - Practical', 'Life, Sport & Social Sciences'),
(158, 1, 'HRM10103', 'Contemporary Issues in HRM', 'Management'),
(159, 1, 'MUS09119', 'Performance Studies Composition 5', 'Arts & Creative Industries'),
(160, 1, 'JAC08110', 'Broadcast Journalism 1', 'Arts & Creative Industries'),
(161, 1, 'SOE11105', 'Contemporary Issues in Strategic Management', 'Management'),
(162, 1, 'FIN11108', 'Global Finance', 'Accounting, Financial Services & Law'),
(163, 1, 'INF10101', 'Information - Society and Security', 'Computing'),
(164, 1, 'DES10111', 'Design Professional Practice', 'Arts & Creative Industries'),
(165, 1, 'MUS08126', 'Music in the Community 2', 'Arts & Creative Industries'),
(166, 1, 'LMD08115', 'Film Genre', 'Arts & Creative Industries'),
(167, 1, 'MUS-AMS.Comp', 'Applied Music Skills - Keyboard', 'Arts & Creative Industries'),
(168, 1, 'SET10107', 'Computational Intelligence', 'Computing'),
(169, 1, 'SSC09112', 'History of Crime,  Correction & Reform', 'Life, Sport & Social Sciences'),
(170, 1, 'MID07111', 'Midwifery Care of Newborn and Family', 'Nursing, Midwifery & Social Care'),
(171, 1, 'BSV11120', 'Dissertation', 'Engineering & Built Environment'),
(172, 1, 'CTR07103', 'Principles of Civil Engineering', 'Engineering & Built Environment'),
(173, 1, 'MEC11506', 'Group Design Project', 'Engineering & Built Environment'),
(174, 1, 'MEC11101/11501', 'Control Engineering', 'Engineering & Built Environment'),
(175, 1, 'MUS10109', 'Advanced Musical Performance - Instrument', 'Arts & Creative Industries'),
(176, 1, 'BSV10108', 'Building Economics 4', 'Engineering & Built Environment'),
(177, 1, 'LAW09123', 'Laws of Succession and Trusts', 'Accounting, Financial Services & Law'),
(178, 1, 'CLP08117', 'American Outlaws:  Modern American Writing', 'Arts & Creative Industries'),
(179, 1, 'CSN08113', 'Physical Computing', 'Computing'),
(180, 1, 'CTR08106', 'Geotechnics 1 and Engineering Geology', 'Engineering & Built Environment'),
(181, 1, 'INF09104', 'ICT-Enabled Organisations', 'Computing'),
(182, 1, 'SSC09102', 'Social and Cultural Landscapes', 'Life, Sport & Social Sciences'),
(183, 1, 'LNG07104', 'Italian 1', 'Marketing, Tourism & Languages'),
(184, 1, 'NMS11167', 'Advanced Positive Behavioural Support', 'Nursing, Midwifery & Social Care'),
(185, 1, 'ADN09126', 'Adult Nursing Practice 7b: Community', 'Nursing, Midwifery & Social Care'),
(186, 1, 'ELE08103', 'Intermediate Mathematics A', 'Engineering & Built Environment'),
(187, 1, 'LAW10111', 'Law and the Media', 'Accounting, Financial Services & Law'),
(188, 1, 'BSV07101', 'Architectural Technology 1', 'Engineering & Built Environment'),
(189, 1, 'ELE08104', 'Further Intermediate Mathematics', 'Engineering & Built Environment'),
(190, 1, 'LAW07112', 'Family Law', 'Accounting, Financial Services & Law'),
(191, 1, 'SSC09110', 'Researching the Social Sciences', 'Life, Sport & Social Sciences'),
(192, 1, 'TSM08106', 'Visitor Attraction Management', 'Marketing, Tourism & Languages'),
(193, 1, 'BSV11118', 'Timber Form and Construction', 'Engineering & Built Environment'),
(194, 1, 'TSM11110', 'International Festival and Event Management', 'Marketing, Tourism & Languages'),
(195, 1, 'LMD10103', 'Final Year Project', 'Arts & Creative Industries'),
(196, 1, 'JAC10110', 'Linguistics', 'Arts & Creative Industries'),
(197, 1, 'SOE11131', 'Research Methods Lecture - Management,  Accounting,  Financial Services & Law', 'Management'),
(198, 1, 'NUR09115', 'Elective Nursing Practice', 'Nursing, Midwifery & Social Care'),
(199, 1, 'Law Networking Event', 'ENBS - Law Networking Event', 'Accounting, Financial Services & Law'),
(200, 1, 'LNG07102', 'German 1', 'Marketing, Tourism & Languages'),
(201, 1, 'CSN07101', 'Computer Systems 1', 'Computing'),
(202, 1, 'MHN08110', 'Nursing Practice 3', 'Nursing, Midwifery & Social Care'),
(203, 1, 'CTR11509/BSV11105', 'Project Risk Management', 'Engineering & Built Environment'),
(204, 1, 'MUS08106', 'Keyboard Skills & Improvisation 1', 'Arts & Creative Industries'),
(205, 1, 'MEC09118', 'Management for Engineers 2', 'Engineering & Built Environment'),
(206, 1, 'LNG10117', 'German 8b', 'Marketing, Tourism & Languages'),
(207, 1, 'MUS09103', 'Language and Structures of Music 3.2: Lecture', 'Arts & Creative Industries'),
(208, 1, 'LAW09125', 'Corporate Governance', 'Accounting, Financial Services & Law'),
(209, 1, 'MIC09102', 'Environmental Microbiology - Tutorial', 'Life, Sport & Social Sciences'),
(210, 1, 'MUS10107', 'Jazz Improvisation 3', 'Arts & Creative Industries'),
(211, 1, 'CLP07104', '19th Century Literature & Culture 1', 'Arts & Creative Industries'),
(212, 1, 'CLP08116', 'Performance Workshop 1 (Shakespeare)', 'Arts & Creative Industries'),
(213, 1, 'TSM10105', 'Business Tourism', 'Marketing, Tourism & Languages'),
(214, 1, 'MUS10106', 'Instrumental/Vocal Teaching 2', 'Arts & Creative Industries'),
(215, 1, 'JAC07109', 'Social Media', 'Arts & Creative Industries'),
(216, 1, 'LNG08120', 'Exploring Culture', 'Marketing, Tourism & Languages'),
(217, 1, 'LDN07105', 'The wider experience of nursing in diverse settings', 'Nursing, Midwifery & Social Care'),
(218, 1, 'MID09118', 'Midwifery Practice 6', 'Nursing, Midwifery & Social Care'),
(219, 1, 'DES10013', 'Major Project', 'Arts & Creative Industries'),
(220, 1, 'IMD08114', 'Playful Interaction', 'Computing'),
(221, 1, 'SSC08103', 'Sociological Theory', 'Life, Sport & Social Sciences'),
(222, 1, 'NMS09154/NMS11168', 'Allied Health Professionals (AHP) supplementary - independent prescribing Conver', 'Nursing, Midwifery & Social Care'),
(223, 1, 'LMD10109', 'Media Professional Development', 'Arts & Creative Industries'),
(224, 1, 'MUS10105', 'Major Music Project', 'Arts & Creative Industries'),
(225, 1, 'ACC09110', 'Contemporary Corporate Finance', 'Accounting, Financial Services & Law'),
(226, 1, 'DES09130', 'Design for Exhibition & Display', 'Arts & Creative Industries'),
(227, 1, 'TSM10101', 'International Hospitality', 'Marketing, Tourism & Languages'),
(228, 1, 'CLP08111', 'Shakespeare and the Renaissance', 'Arts & Creative Industries'),
(229, 1, 'MUS09120', 'The Business of Music 2', 'Arts & Creative Industries'),
(230, 1, 'HRM07101', 'Behavioural Studies', 'Management'),
(231, 1, 'DES11128', 'Creative Research Portfolio', 'Arts & Creative Industries'),
(232, 1, 'NMS09141', 'Promoting Inclusion: Enabling Access to Health Care for Children,  Adults and Older People with Lear', 'Nursing, Midwifery & Social Care'),
(233, 1, 'ADN09113', 'High Dependency Nursing: Theory', 'Nursing, Midwifery & Social Care'),
(234, 1, 'ADN08112', 'Nursing Practice Experience 4 (Adult Field) Medicine Elderly	', 'Nursing, Midwifery & Social Care'),
(235, 1, 'CTR08102/BSV11117', 'Timber Materials Applications', 'Engineering & Built Environment'),
(236, 1, 'LAW09117', 'Human Rights', 'Accounting, Financial Services & Law'),
(237, 1, 'LAW09112', 'Taxation Law', 'Accounting, Financial Services & Law'),
(238, 1, 'MID09117', 'Midwifery Care in Challenging Circumstances', 'Nursing, Midwifery & Social Care'),
(239, 1, 'MEC09130', 'Engineering Design', 'Engineering & Built Environment'),
(240, 1, 'ENV11110', 'Evolution & Taxonomy - Lecture', 'Life, Sport & Social Sciences'),
(241, 1, 'BSV10105', 'BSV10105', 'Engineering & Built Environment'),
(242, 1, 'MUS07114', 'Performance Studies Composition 2', 'Arts & Creative Industries'),
(243, 1, 'BSV10112', 'Architectural Practice and Management', 'Engineering & Built Environment'),
(244, 1, 'FIN09104', 'Corporate Risk Management', 'Accounting, Financial Services & Law'),
(245, 1, 'SES08106', 'Intro to Exercise Physiology - Practical/Tutorial', 'Life, Sport & Social Sciences'),
(246, 1, 'BSV11124', 'Waste Management', 'Engineering & Built Environment'),
(247, 1, 'SET11109', 'Enterprise Computing', 'Computing'),
(248, 1, 'LDN09108', 'Professional Practice in Community Teams', 'Nursing, Midwifery & Social Care'),
(249, 1, 'INF11103', 'Management of Software Projects', 'Computing'),
(250, 1, 'CLP09119', 'Leadership in the Creative Industries', 'Arts & Creative Industries'),
(251, 1, 'ACC07103', 'Accounting Information Systems', 'Accounting, Financial Services & Law'),
(252, 1, 'CLP10113', 'Advanced Performance (Stage/Screen) & Festival Production', 'Arts & Creative Industries'),
(253, 1, 'ENV08100', 'Animal Behaviour - Lecture', 'Life, Sport & Social Sciences'),
(254, 1, 'CSN09104', 'Wireless Local Area Networks', 'Computing'),
(255, 1, 'LNG07106', 'French 2', 'Marketing, Tourism & Languages'),
(256, 1, 'CTR10128', 'Railway Planning and Operations', 'Engineering & Built Environment'),
(257, 1, 'JAC11127', 'Digital Creative', 'Arts & Creative Industries'),
(258, 1, 'SCA11123', 'Critical Film Studies - Lecture', 'Arts & Creative Industries'),
(259, 1, 'MEC11101', 'Control Engineering', 'Engineering & Built Environment'),
(260, 1, 'VET09101', 'Animals in Society', 'Nursing, Midwifery & Social Care'),
(261, 1, 'MEC11501', 'Control Engineering', 'Engineering & Built Environment'),
(262, 1, 'FIN11127', 'Strategic Management in Global Banking', 'Accounting, Financial Services & Law'),
(263, 1, 'PSY10105', 'Psychology of Lifespan Development', 'Life, Sport & Social Sciences'),
(264, 1, 'INF09107', 'Web Enabled Business', 'Computing'),
(265, 1, 'LAW07110', 'Obligations 1', 'Accounting, Financial Services & Law'),
(266, 1, 'ENT08101', 'Creativity,  Innovation & Enterprise', 'Management'),
(267, 1, 'SSC07105', 'The psycho-social perspectives of science: Health, Illness and the Body', 'Life, Sport & Social Sciences'),
(268, 1, 'MUS08130', 'Prinicpal Study 2.2 - Piano', 'Arts & Creative Industries'),
(269, 1, 'JAC08105', 'Sub-Editing and Design', 'Arts & Creative Industries'),
(270, 1, 'BSV11134', 'Building Performance 3', 'Engineering & Built Environment'),
(271, 1, 'LNG08122', 'English for Professional Purposes 4', 'Marketing, Tourism & Languages'),
(272, 1, 'LAW10103', 'Current Issues in Business Law', 'Accounting, Financial Services & Law'),
(273, 1, 'MUS10108', 'Music Psychology', 'Arts & Creative Industries'),
(274, 1, 'DES08100', 'Design and Business', 'Arts & Creative Industries'),
(275, 1, 'ENV09105', 'Environmental Toxicology - Lecture', 'Life, Sport & Social Sciences'),
(276, 1, 'CLP11102', 'Publishing in Practice:  Creation to Consumer', 'Arts & Creative Industries'),
(277, 1, 'SOE11127', 'Professional Selling & Sales Strategies', 'Management'),
(278, 1, 'CSN10102', 'Advanced Security and Digital Forensics', 'Computing'),
(279, 1, 'BSV09106', 'Surveying 4', 'Engineering & Built Environment'),
(280, 1, 'SET08114', 'Mobile Applications Development', 'Computing'),
(281, 1, 'BMS09102', 'Forensic Analysis - Lecture', 'Life, Sport & Social Sciences'),
(282, 1, 'CTR09118', 'CTR09118', 'Engineering & Built Environment'),
(283, 1, 'DES08124', 'Computer Aided Design (Visualisation)', 'Arts & Creative Industries'),
(284, 1, 'DES08116', 'Introduction to Storyboarding', 'Arts & Creative Industries'),
(285, 1, 'BSV11119', 'Analysis of Timber Design 2', 'Engineering & Built Environment'),
(286, 1, 'INF11108', 'Enterprise Information Systems with SAP', 'Computing'),
(287, 1, 'JAC08112', 'Public Affairs for Journalists', 'Arts & Creative Industries'),
(288, 1, 'JAC09.TBC', 'Documentary Practice', 'Arts & Creative Industries'),
(289, 1, 'ELEE+', 'Engineering Plus', 'Engineering & Built Environment'),
(290, 1, 'MEC11102', 'Design Analysis', 'Engineering & Built Environment'),
(291, 1, 'MEC10114', 'Building Services Engineering B', 'Engineering & Built Environment'),
(292, 1, 'LAW08101', 'Business Law for Managers', 'Accounting, Financial Services & Law'),
(293, 1, 'DES08111', 'Product Design Studio 2', 'Arts & Creative Industries'),
(294, 1, 'PSY09105', 'Health Psychology', 'Life, Sport & Social Sciences'),
(295, 1, 'CLP11114/CLP11102', 'Magazine Publishing/Publishing in Practice 2', 'Arts & Creative Industries'),
(296, 1, 'CTR09111', 'CTR09111', 'Engineering & Built Environment'),
(297, 1, 'ELEM+', 'Maths Plus - session 2', 'Engineering & Built Environment'),
(298, 1, 'MKT08103', 'Market Research & Communications', 'Marketing, Tourism & Languages'),
(299, 1, 'MUS08114', 'Performance Studies Composition 2', 'Arts & Creative Industries'),
(300, 1, 'LDN09110', 'Managing Professional Practice (Consolidation)', 'Nursing, Midwifery & Social Care'),
(301, 1, 'LAW09114', 'Media Law', 'Accounting, Financial Services & Law'),
(302, 1, 'TSM10102', 'International Destination Management', 'Marketing, Tourism & Languages'),
(303, 1, 'TSM08108', 'Conference Management', 'Marketing, Tourism & Languages'),
(304, 1, 'SOE09115', 'Economics of Emerging Markets', 'Management'),
(305, 1, 'MID07109', 'Midwifery Practice 1', 'Nursing, Midwifery & Social Care'),
(306, 1, 'FIN09106', 'Behavioural Issues in Finance', 'Accounting, Financial Services & Law'),
(307, 1, 'IMD09102', 'Sound Production', 'Computing'),
(308, 1, 'BSV08113', 'Personal Development Planning for Architectural Technology', 'Engineering & Built Environment'),
(309, 1, 'CLP11118', 'Narrative Practice - Vocational Skillset', 'Arts & Creative Industries'),
(310, 1, 'SSC10111', 'Sociology of Development', 'Life, Sport & Social Sciences'),
(311, 1, 'SOE10106', 'International Political Economy', 'Management'),
(312, 1, 'NMS09102', 'Evaluating Professional Practice', 'Nursing, Midwifery & Social Care'),
(313, 1, 'INF11101', 'Web-Enabled Business', 'Computing'),
(314, 1, 'CTR10120/11116/11516', 'Transport Economics and Appraisal', 'Engineering & Built Environment'),
(315, 1, 'ENT10102', 'Growing a Business', 'Management'),
(316, 1, 'MID08111', 'Care of Mothers and Babies with Complex Needs', 'Nursing, Midwifery & Social Care'),
(317, 1, 'SES11103', 'Scientific Support in Sport', 'Life, Sport & Social Sciences'),
(318, 1, 'CTR10109', 'Environmental Hydraulics', 'Engineering & Built Environment'),
(319, 1, 'ELE07109', 'Electronic & Electrical Principles', 'Engineering & Built Environment'),
(320, 1, 'JAC09105', 'Online Communication', 'Arts & Creative Industries'),
(321, 1, 'BSV07106', 'Introduction to Modern Architecture', 'Engineering & Built Environment'),
(322, 1, 'MUS07115', 'Recording Studio Theory & Practice 1', 'Arts & Creative Industries'),
(323, 1, 'IMD07109', 'Visual Media for the Web', 'Computing'),
(324, 1, 'BSV09115', 'Building Economics 3', 'Engineering & Built Environment'),
(325, 1, 'SSC08106', 'Criminological Theory', 'Life, Sport & Social Sciences'),
(326, 1, 'CTR10100/10114/10115/10122', 'Honours Project', 'Engineering & Built Environment'),
(327, 1, 'CTR09109', 'CTR09109', 'Engineering & Built Environment'),
(328, 1, 'ELE11104', 'VHDL and FPGA Design', 'Engineering & Built Environment'),
(329, 1, 'MEC10118', 'Advanced Processes & Digital Manufacture', 'Engineering & Built Environment'),
(330, 1, 'SOE08102', 'Strategic Appraisal', 'Management'),
(331, 1, 'ELE10105', 'Programmable Logic Design', 'Engineering & Built Environment'),
(332, 1, 'ADN09109', 'Recognising Acute Illness and Deterioration', 'Nursing, Midwifery & Social Care'),
(333, 1, 'CHN08109', 'Child and Family Centered Care during Enduring Illness/Conceptual Issues in child health nursing', 'Nursing, Midwifery & Social Care'),
(334, 1, 'CLP08108', 'Contemporary Hollywood Cinema', 'Arts & Creative Industries'),
(335, 1, 'BSV09113', 'BSV09113', 'Engineering & Built Environment'),
(336, 1, 'TSM08116', 'Music Event Management', 'Marketing, Tourism & Languages'),
(337, 1, 'SET11112', 'Web Design & Development', 'Computing'),
(338, 1, 'HSS09106', 'Assessing work-based learning', 'Life, Sport & Social Sciences'),
(339, 1, 'SCA11129', 'Creative Practice for Cinema', 'Arts & Creative Industries'),
(340, 1, 'SET08113', 'Games Engineering', 'Computing'),
(341, 1, 'IMD11108/IMD11508', 'Digital Markets', 'Computing'),
(342, 1, 'NMS11163', 'Health Administration Project', 'Nursing, Midwifery & Social Care'),
(343, 1, 'NMS09107', 'Work Based Learning (FPP)', 'Nursing, Midwifery & Social Care'),
(344, 1, 'ADN09110', 'The Reflective Practitioner', 'Nursing, Midwifery & Social Care'),
(345, 1, 'PSY09113', 'Forensic Psychology 1', 'Life, Sport & Social Sciences'),
(346, 1, 'HLT08103', 'Health Promotion youth Work', 'Life, Sport & Social Sciences'),
(347, 1, 'FIN11105', 'Principles of Financial Regulation', 'Accounting, Financial Services & Law'),
(348, 1, 'SET07104', 'Introduction to the Web', 'Computing'),
(349, 1, 'CTR11119', 'Advanced Structural Steel', 'Engineering & Built Environment'),
(350, 1, 'LMD09103', 'Film Practice 2', 'Arts & Creative Industries'),
(351, 1, 'INF11109', 'Security Audit & Compliance', 'Computing'),
(352, 1, 'MUS08108', 'Jazz Improvisation 1', 'Arts & Creative Industries'),
(353, 1, 'CRG11106', 'Career Development Thoery', 'Life, Sport & Social Sciences'),
(354, 1, 'IMD08105', '2D Computer Animation', 'Computing'),
(355, 1, 'TSM09116', 'International Wines and Spirits Management', 'Marketing, Tourism & Languages'),
(356, 1, 'MUS07116', 'Popular Music Ensemble Performance 1', 'Arts & Creative Industries'),
(357, 1, 'ACC08105', 'Financial Management', 'Accounting, Financial Services & Law'),
(358, 1, 'LMD09137', 'TV Studies', 'Arts & Creative Industries'),
(359, 1, 'ADN07108', 'Nursing Practice Experience 1  (Adult Field) Medical Acute', 'Nursing, Midwifery & Social Care'),
(360, 1, 'DES07113', 'Foundation Product Design 2', 'Arts & Creative Industries'),
(361, 1, 'MUS09117.Drms', 'BAPM Performance  5 : individual lessons', 'Arts & Creative Industries'),
(362, 1, 'TSM07104', 'Wine Studies', 'Marketing, Tourism & Languages'),
(363, 1, 'JAC10117', 'Major Journalism Project', 'Arts & Creative Industries'),
(364, 1, 'MUS07108', 'Music in the Community 1', 'Arts & Creative Industries'),
(365, 1, 'ENV11100', 'Biodiversity & Conservation - Computing Practical', 'Life, Sport & Social Sciences'),
(366, 1, 'LMD09110', 'Film Practice 4', 'Arts & Creative Industries'),
(367, 1, 'SOE11126', 'Skills for Managers', 'Management'),
(368, 1, 'BSV11131', 'Advanced Digital Media', 'Engineering & Built Environment'),
(369, 1, 'CRG11102', 'Professional Practice 2', 'Life, Sport & Social Sciences'),
(370, 1, 'TSM11114', 'Experience Design and Management for Tourism,  Hospitality and Events', 'Marketing, Tourism & Languages'),
(371, 1, 'IMD10110', 'Professional Identity through Portfolio Development', 'Computing'),
(372, 1, 'DES07120', 'Foundation Digital Media 2', 'Arts & Creative Industries'),
(373, 1, 'DES08113', 'Illustration,  Text & Image', 'Arts & Creative Industries'),
(374, 1, 'MEC10116', 'Manufacturing Systems Engineering', 'Engineering & Built Environment'),
(375, 1, 'MEC08105', 'Management for Engineers 1', 'Engineering & Built Environment'),
(376, 1, 'ELE10111', 'Embedded Systems', 'Engineering & Built Environment'),
(377, 1, 'CLP11109', 'Writing for Graphic Fiction', 'Arts & Creative Industries'),
(378, 1, 'DES07112 PDE', 'Foundation Product Design 1 (PDE)', 'Arts & Creative Industries'),
(379, 1, 'SSC10114', 'Race and Ethnicity', 'Life, Sport & Social Sciences'),
(380, 1, 'CLP10114', 'Performance Skills for Professional Practice', 'Arts & Creative Industries'),
(381, 1, 'LNG07108', 'Spanish 2', 'Marketing, Tourism & Languages'),
(382, 1, 'CHN08110', 'Conceptual Issues in Child Health Nursing', 'Nursing, Midwifery & Social Care'),
(383, 1, 'ENT11101', 'New Venture Planning', 'Management'),
(384, 1, 'CLP09121', 'Directing 2', 'Arts & Creative Industries'),
(385, 1, 'SOE09112', 'Economics of the Public Sector', 'Management'),
(386, 1, 'ELE09100', 'ELE09100', 'Engineering & Built Environment'),
(387, 1, 'MUS08120', 'Composition', 'Arts & Creative Industries'),
(388, 1, 'DES10105', 'Professional Practice: Media Production', 'Arts & Creative Industries'),
(389, 1, 'LMD09104', 'Photo Practice 2', 'Arts & Creative Industries'),
(390, 1, 'ACC10105', 'Strategic Management Accounting', 'Accounting, Financial Services & Law'),
(391, 1, 'BMS09107', 'Law,  Statistics & Reporting in Forensic Science', 'Life, Sport & Social Sciences'),
(392, 1, 'SCA11117', 'Interactive Media', 'Arts & Creative Industries'),
(393, 1, 'LNG09109', 'Spanish 6', 'Marketing, Tourism & Languages'),
(394, 1, 'INF09102', 'Enterprise Systems', 'Computing'),
(395, 1, 'LNG07111', 'Intercultural Organisational Management', 'Marketing, Tourism & Languages'),
(396, 1, 'INF11110', 'Programme and Project Systems,  Risk & Control - Please go to room D40,  Merchiston', 'Computing'),
(397, 1, 'CHN07105/CHN07107', 'Optimal Achievement of Health for Infants,  Children and Young People,  Maternal and Newborn Health', 'Nursing, Midwifery & Social Care'),
(398, 1, 'ADN09130', 'Nursing Practice Experience 6  (Adult Field) Consolidating Practice', 'Nursing, Midwifery & Social Care'),
(399, 1, 'ENV08101', 'Physiology & The Environment - Lecture', 'Life, Sport & Social Sciences'),
(400, 1, 'LNGSupport', 'English Support - Merchiston', 'Marketing, Tourism & Languages'),
(401, 1, 'IMD07108', 'Experiencing the Digital City', 'Computing'),
(402, 1, 'MHN08108', 'Service User and Carer Participation', 'Nursing, Midwifery & Social Care'),
(403, 1, 'Law Recruitment Workshop (Year 4)', 'ENBS - Law Recruitment Workshop', 'Accounting, Financial Services & Law'),
(404, 1, 'LMD09105', 'Advanced Topics in Photography and Film 2', 'Arts & Creative Industries'),
(405, 1, 'SES09103', 'Practical Coaching', 'Life, Sport & Social Sciences'),
(406, 1, 'CTR09110', 'CTR09110', 'Engineering & Built Environment'),
(407, 1, 'TSM10103', 'International Festival & Events Environments', 'Marketing, Tourism & Languages'),
(408, 1, 'ACC07104', 'Accounting for Business', 'Accounting, Financial Services & Law'),
(409, 1, 'DES09106', 'Graphic Design Studio 4', 'Arts & Creative Industries'),
(410, 1, 'MUS09109', 'Introduction to Music Therapy', 'Arts & Creative Industries'),
(411, 1, 'MIC08100', 'Microbes & Man - Lecture', 'Life, Sport & Social Sciences'),
(412, 1, 'LNG08108', 'French 4', 'Marketing, Tourism & Languages'),
(413, 1, 'LDN07103', 'Profound Learning and Multiple Disabilities', 'Nursing, Midwifery & Social Care'),
(414, 1, 'BSV11117', 'Timber Materials Applications', 'Engineering & Built Environment'),
(415, 1, 'CLP07101', 'Case Studies in Cultural Studies', 'Arts & Creative Industries'),
(416, 1, 'BSV08102', 'Valuation 1', 'Engineering & Built Environment'),
(417, 1, 'ELE10104', 'Power Systems', 'Engineering & Built Environment'),
(418, 1, 'JAC09107', 'Magazine Production', 'Arts & Creative Industries'),
(419, 1, 'DES10115', 'Professional Project in Public Relations Management', 'Arts & Creative Industries'),
(420, 1, 'LDN08113', 'Working with Children and Families', 'Nursing, Midwifery & Social Care'),
(421, 1, 'MUS-Open Jazz', 'Open Jazz Orchestra', 'Arts & Creative Industries'),
(422, 1, 'HRM09102', 'Human Resource Development', 'Management'),
(423, 1, 'CTR11101/11501', 'Foundation Design to Eurocode 7', 'Engineering & Built Environment'),
(424, 1, 'IMD08118', 'Fundamentals of 3D Illustration', 'Computing'),
(425, 1, 'BMS08100', 'Biology of Disease - Practical', 'Life, Sport & Social Sciences'),
(426, 1, 'LNG08107', 'Scottish Culture & Society', 'Marketing, Tourism & Languages'),
(427, 1, 'BMS10xxx', 'Project Module - Year 4 Forensic Students', 'Life, Sport & Social Sciences'),
(428, 1, 'EI Session', 'EI - Commsmaster Taster Session (Vicky Clark)', ''),
(429, 1, 'MEC09107', 'Engineering Applications (M)', 'Engineering & Built Environment'),
(430, 1, 'HRM11103', 'Labour Relations', 'Management'),
(431, 1, 'MUS-Bosendorfer', 'BMUS Concerts', 'Arts & Creative Industries'),
(432, 1, 'DES09131', 'Branding', 'Arts & Creative Industries'),
(433, 1, 'CSN11102', 'e-Security', 'Computing'),
(434, 1, 'CSN07102', 'Practical Networks 1', 'Computing'),
(435, 1, 'TSM09113', 'Global Airline Industry', 'Marketing, Tourism & Languages'),
(436, 1, 'LNG09107', 'French 6', 'Marketing, Tourism & Languages'),
(437, 1, 'BMS11105', 'Drug Design & Chemotherapy', 'Life, Sport & Social Sciences'),
(438, 1, 'MUS-Creative Practice', 'Lunchtime Concerts', 'Arts & Creative Industries'),
(439, 1, 'CLP08107', 'The Modern Novel', 'Arts & Creative Industries'),
(440, 1, 'ACC11113', 'Investment,  Corporate Finance & Portfolios', 'Accounting, Financial Services & Law'),
(441, 1, 'MIC11100', 'Molecular Pathogenesis of Microbial Infection', 'Life, Sport & Social Sciences'),
(442, 1, 'CTR07104', 'Engineering Communication', 'Engineering & Built Environment'),
(443, 1, 'NMS10104', 'Honours Project', 'Nursing, Midwifery & Social Care'),
(444, 1, 'ELE08102', 'ELE08102/03', 'Engineering & Built Environment'),
(445, 1, 'MUS10124', 'Dissertation', 'Arts & Creative Industries'),
(446, 1, 'CLP10112', 'Advanced Performance (Stage/Screen)', 'Arts & Creative Industries'),
(447, 1, 'MEC10111', 'Future Technologies & Design', 'Engineering & Built Environment'),
(448, 1, 'CTR11106', 'Transport Research Methods', 'Engineering & Built Environment'),
(449, 1, 'MEC10109', 'Polymer Process Simulation - Class test', 'Engineering & Built Environment'),
(450, 1, 'TSM08105', 'The Study of Food & Wine', 'Marketing, Tourism & Languages'),
(451, 1, 'MUS09122', 'Music Software Applications', 'Arts & Creative Industries'),
(452, 1, 'MUS07113', 'BAPM Performance Voice : Invididual Lessons', 'Arts & Creative Industries'),
(453, 1, 'NMS09142', 'Palliative Care Theory for Practice', 'Nursing, Midwifery & Social Care'),
(454, 1, 'LMD08111', 'Theory for Photo Practice', 'Arts & Creative Industries'),
(455, 1, 'LNG10125', 'English for Professional Purposes 8b', 'Marketing, Tourism & Languages'),
(456, 1, 'MEC07107', 'MEC07107', 'Engineering & Built Environment'),
(457, 1, 'BMS09101', 'Pharmacology & Pathophysiology - Lecture', 'Life, Sport & Social Sciences'),
(458, 1, 'SES07106', 'Skill Aquisition', 'Life, Sport & Social Sciences'),
(459, 1, 'SES09109', 'Intermediate Biomechanics - Tutorial Specialist Accom Telford', 'Life, Sport & Social Sciences'),
(460, 1, 'SSC08105', 'Youth,  Crime and Deviance', 'Life, Sport & Social Sciences'),
(461, 1, 'ENT10101', 'Fast Track Entrepreneurship', 'Management'),
(462, 1, 'FIN10103', 'Management of Financial Institutions', 'Accounting, Financial Services & Law'),
(463, 1, 'MEC11102/11502', 'Design Analysis', 'Engineering & Built Environment'),
(464, 1, 'JAC09120', 'Digital Platforms', 'Arts & Creative Industries'),
(465, 1, 'PSY09100', 'Researching Psychology', 'Life, Sport & Social Sciences'),
(466, 1, 'MUS07112', 'Performance Studies - Instrument 2 Individual Lessons', 'Arts & Creative Industries'),
(467, 1, 'MUS-Pro Tools', 'BAPM - Music Software', 'Arts & Creative Industries'),
(468, 1, 'ELE11106', 'Industrial Drive Systems', 'Engineering & Built Environment'),
(469, 1, 'TSM08111', 'Airport Management', 'Marketing, Tourism & Languages'),
(470, 1, 'HRM11120', 'Leading Strategic Decision Making', 'Management'),
(471, 1, 'CPT10101', 'Complementary Healthcare Honours Project', 'Life, Sport & Social Sciences'),
(472, 1, 'DES08128', 'Materials for Inspirational Design 2', 'Arts & Creative Industries'),
(473, 1, 'SSC07104', 'Introduction to Criminology', 'Life, Sport & Social Sciences'),
(474, 1, 'MUS08118', 'Performance Studies - Instrument 4 (Guitar)', 'Arts & Creative Industries'),
(475, 1, 'MHN07104', 'Nursing Practice 1 (Mental Health)', 'Nursing, Midwifery & Social Care'),
(476, 1, 'ELE10108', 'Honours Project', 'Engineering & Built Environment'),
(477, 1, 'CLP11121/ CLP11122', 'Innovation and Authorship / Creative Editorial Development', 'Arts & Creative Industries'),
(478, 1, 'SET09107', 'Advanced Database Systems', 'Computing'),
(479, 1, 'MUS10102', 'Dissertation', 'Arts & Creative Industries'),
(480, 1, 'SES09111', 'Scientific Communication - Dissertation & Statistics', 'Life, Sport & Social Sciences'),
(481, 1, 'CLP09110', 'Creative Writing 2:  Genre Writing', 'Arts & Creative Industries'),
(482, 1, 'ADN09100', 'Management of Stroke (Theory)', 'Nursing, Midwifery & Social Care'),
(483, 1, 'BSV08101', 'Quantity Surveying 1', 'Engineering & Built Environment'),
(484, 1, 'HRM11102', 'Employee Resourcing', 'Management'),
(485, 1, 'MEC09114', 'Project Management (FL)', 'Engineering & Built Environment'),
(486, 1, 'BSV08109', 'Surveying 2', 'Engineering & Built Environment'),
(487, 1, 'LAW08119', 'Obligations 2', 'Accounting, Financial Services & Law'),
(488, 1, 'MUS10100', 'Public Recital', 'Arts & Creative Industries'),
(489, 1, 'MIC11111', 'Environmental Sustainability Management', 'Life, Sport & Social Sciences'),
(490, 1, 'LNG07109', 'Italian 2', 'Marketing, Tourism & Languages'),
(491, 1, 'IMD09119', 'Responsive Environments', 'Computing'),
(492, 1, 'LNG08110', 'Spanish 4', 'Marketing, Tourism & Languages'),
(493, 1, 'CHN08113', 'Active Participation in hospital based care for infants,  children,  yp & families', 'Nursing, Midwifery & Social Care'),
(494, 1, 'MEC11114', 'Mechatronic Systems', 'Engineering & Built Environment'),
(495, 1, 'TSM11109', 'Tourism,  Society and Visual Culture', 'Marketing, Tourism & Languages'),
(496, 1, 'LMD09107', 'Photo Practice 3', 'Arts & Creative Industries'),
(497, 1, 'MEC11112', 'Forensic Materials Engineering', 'Engineering & Built Environment'),
(498, 1, 'SES11105', 'Independent Study (40 credit)', 'Life, Sport & Social Sciences'),
(499, 1, 'HRM11107', 'Research Skills & Professional Development', 'Management'),
(500, 1, 'MEC11118', 'Smart Materials & Surfaces', 'Engineering & Built Environment'),
(501, 1, 'NUR11102', 'Leadership and Finance for Effective Service Delivery', 'Nursing, Midwifery & Social Care'),
(502, 1, 'CTR10114/10115', 'Integrated Project Work', 'Engineering & Built Environment'),
(503, 1, 'BSV08110', 'BSV08110', 'Engineering & Built Environment'),
(504, 1, 'BSV11125', 'Sustainable Urban Property Development', 'Engineering & Built Environment'),
(505, 1, 'JAC07110', 'Multimedia Reporting', 'Arts & Creative Industries'),
(506, 1, 'JAC09108', 'Public Relations Theory & Practice', 'Arts & Creative Industries'),
(507, 1, 'MEC11104', 'Mechanical Computer Aided Engineering', 'Engineering & Built Environment'),
(508, 1, 'VET07103', 'Veterinary Nursing Practice 1', 'Nursing, Midwifery & Social Care'),
(509, 1, 'SES09106', 'Assessment & Conditioning for Performance - Practical', 'Life, Sport & Social Sciences'),
(510, 1, 'ELE10106', 'Electronic Drives', 'Engineering & Built Environment'),
(511, 1, 'BMS07104', 'Concepts in Forensic Biology - Workshop', 'Life, Sport & Social Sciences'),
(512, 1, 'SOE07103', 'Principles of Economics', 'Management'),
(513, 1, 'MUS-ContempEnsemble', 'Contemporary Ensemble', 'Arts & Creative Industries'),
(514, 1, 'SCA11122', 'Collaborative Techniques in Film 2', 'Arts & Creative Industries'),
(515, 1, 'CTR11104', 'Transport & Traffic Models', 'Engineering & Built Environment'),
(516, 1, 'CTR10111', 'CTR10111', 'Engineering & Built Environment'),
(517, 1, 'SOE10133', 'ENBS Dissertation - Research Methods Workshop (Economics/Entrepreneurship/HRM/Strategy & Operations)', 'Management'),
(518, 1, 'JAC11133', 'TV and Multimedia News', 'Arts & Creative Industries'),
(519, 1, 'TSM07102', 'Hospitality Operations', 'Marketing, Tourism & Languages'),
(520, 1, 'LAW08120', 'EU Law', 'Accounting, Financial Services & Law'),
(521, 1, 'MUS07104', 'Language and Structures of Music 1.2: Aural', 'Arts & Creative Industries'),
(522, 1, 'CTR11522', 'Engineering Futures', 'Engineering & Built Environment'),
(523, 1, 'ENV09104', 'Marine Biology - Lecture', 'Life, Sport & Social Sciences'),
(524, 1, 'SES07101', 'Foundations of SES - Lecture', 'Life, Sport & Social Sciences'),
(525, 1, 'CRG11105', 'Labour Market Studies', 'Life, Sport & Social Sciences'),
(526, 1, 'ADN09107', 'Adult Nursing 3', 'Nursing, Midwifery & Social Care'),
(527, 1, 'SSC10106', 'Honours Project', 'Life, Sport & Social Sciences'),
(528, 1, 'SOE08101', 'Business & Management Challenges', 'Management'),
(529, 1, 'BMS09105', 'Clinical Biochemistry - Lecture', 'Life, Sport & Social Sciences'),
(530, 1, 'MIC11110', 'Biotechnology for Sustainable Remediation', 'Life, Sport & Social Sciences'),
(531, 1, 'JACShorthand', 'Shorthand UG & PG', 'Arts & Creative Industries'),
(532, 1, 'BSV10111', 'Dissertation', 'Engineering & Built Environment'),
(533, 1, 'CLP07105', 'Literature and Adaptation', 'Arts & Creative Industries'),
(534, 1, 'CLP09109', 'Rise of the Novel: The 18th Century', 'Arts & Creative Industries'),
(535, 1, 'MUS08104', 'Language and Structures of Music 2.2: Lecture', 'Arts & Creative Industries'),
(536, 1, 'CHN07104', 'Holistic Perspectiives of the Development of Infants', 'Nursing, Midwifery & Social Care'),
(537, 1, 'DES09127', 'Art Direction 2', 'Arts & Creative Industries'),
(538, 1, 'ADN08108', 'Acute Adult Nursing', 'Nursing, Midwifery & Social Care'),
(539, 1, 'LMD07113', 'Applied Camera Techniques', 'Arts & Creative Industries'),
(540, 1, 'MEC11110', 'Energy Materials', 'Engineering & Built Environment'),
(541, 1, 'CSN11106', 'Switching Technology', 'Computing'),
(542, 1, 'MIC11108', 'Biotechnology & Drug Discovery', 'Life, Sport & Social Sciences'),
(543, 1, 'JAC11111', 'Campaign Creation', 'Arts & Creative Industries'),
(544, 1, 'SSC10112', 'Surveillance & Society', 'Life, Sport & Social Sciences'),
(545, 1, 'MUS09129', 'Creative Practice', 'Arts & Creative Industries'),
(546, 1, 'CSN09102', 'CCNP Routing', 'Computing'),
(547, 1, 'TSM11107', 'Contemporary Issues in Hospitality Management', 'Marketing, Tourism & Languages'),
(548, 1, 'TSM08113', 'Customer Service and Care', 'Marketing, Tourism & Languages'),
(549, 1, 'BMS09100', 'Immunology - Practical', 'Life, Sport & Social Sciences'),
(550, 1, 'SCA11104', 'From Script to Screen', 'Arts & Creative Industries'),
(551, 1, 'NMS09126', 'Mentorship in Practice (NMC Requirements)', 'Nursing, Midwifery & Social Care'),
(552, 1, 'NMS09143/NMS11165', 'Non-Medical Prescribing', 'Nursing, Midwifery & Social Care'),
(553, 1, 'SOE10104', 'Logistics and Supply Chain Management', 'Management'),
(554, 1, 'MUS08121', 'Recording Studio Theory & Practice 2', 'Arts & Creative Industries'),
(555, 1, 'ENV11112', 'Management of Aquatic Protected Areas', 'Life, Sport & Social Sciences'),
(556, 1, 'SSC09105', 'Sexuality and Gender', 'Life, Sport & Social Sciences'),
(557, 1, 'SET09118', 'Sensing Systems for Mobile Applications', 'Computing'),
(558, 1, 'BSV11123', 'Integrated Management Systems', 'Engineering & Built Environment'),
(559, 1, 'ELE11105', 'Digital Communication', 'Engineering & Built Environment'),
(560, 1, 'BSV11126', 'Sustainable Water Resources Management (FL)', 'Engineering & Built Environment'),
(561, 1, 'IMD09133', 'Visual Effects (VFX)', 'Computing'),
(562, 1, 'JAC10122', 'Power,  Information & Opinion', 'Arts & Creative Industries'),
(563, 1, 'DES07114', 'Foundation Graphic Design 2', 'Arts & Creative Industries'),
(564, 1, 'ADN08110', 'Professional Ethical and Legal Issues in Contemporary Health Care Practice', 'Nursing, Midwifery & Social Care'),
(565, 1, 'BMS08102', 'Search & Recovery - Practical', 'Life, Sport & Social Sciences'),
(566, 1, 'CTR07101', 'CTR07101', 'Engineering & Built Environment'),
(567, 1, 'HRM11111', 'HRM in International Context', 'Management'),
(568, 1, 'MHN09112', 'Nursing Practice 6', 'Nursing, Midwifery & Social Care'),
(569, 1, 'FIN09103', 'Marketing Financial Services', 'Accounting, Financial Services & Law'),
(570, 1, 'BMS11102', 'Research Project - Confident Futures', 'Life, Sport & Social Sciences'),
(571, 1, 'JAC11134', 'Journalism Production Dissertation', 'Arts & Creative Industries'),
(572, 1, 'SET11103', 'Software Development 2', 'Computing'),
(573, 1, 'CTR11504', 'Transport & Traffic Models', 'Engineering & Built Environment'),
(574, 1, 'JAC10100', 'Dissertation', 'Arts & Creative Industries'),
(575, 1, 'HSS08100', 'Volunteering and Employability', 'Life, Sport & Social Sciences'),
(576, 1, 'BSV09116', 'BSV09116', 'Engineering & Built Environment'),
(577, 1, 'BSV07104', 'BSV07104', 'Engineering & Built Environment'),
(578, 1, 'DES07123', 'Debating Design 1', 'Arts & Creative Industries'),
(579, 1, 'ACC09106', 'Management Accounting Applications', 'Accounting, Financial Services & Law'),
(580, 1, 'ACC09105', 'Advanced Corporate Reporting', 'Accounting, Financial Services & Law'),
(581, 1, 'MUS08119', 'Performance 4 Vox Individual Lessons', 'Arts & Creative Industries'),
(582, 1, 'LNG08111', 'Italian 4', 'Marketing, Tourism & Languages'),
(583, 1, 'BSV08111', 'Planning and Development 1', 'Engineering & Built Environment'),
(584, 1, 'HLT11103', 'HLT11103 Exploring Evidence to Improve Practice', 'Life, Sport & Social Sciences'),
(585, 1, 'IMD09134', 'Cyberpsychology', 'Computing'),
(586, 1, 'LDN08112', 'Mental Health and Learning Disabilities', 'Nursing, Midwifery & Social Care'),
(587, 1, 'LMD08120', 'Documentary Film', 'Arts & Creative Industries'),
(588, 1, 'CLP07112', 'Acting Fundamentals 2', 'Arts & Creative Industries'),
(589, 1, 'SET08109', 'Web Development for Information Management', 'Computing'),
(590, 1, 'DES09116', 'Visual Communication 1', 'Arts & Creative Industries'),
(591, 1, 'LNG09128', 'English for Professional Purposes 6', 'Marketing, Tourism & Languages'),
(592, 1, 'SCA11105', 'Script Workshop 2', 'Arts & Creative Industries'),
(593, 1, 'SET08103', 'Software Engineering Methods', 'Computing'),
(594, 1, 'CLP09108', 'Science Fiction:  Text and Film', 'Arts & Creative Industries'),
(595, 1, 'BSV09112', 'BSV09112', 'Engineering & Built Environment'),
(596, 1, 'SOC09108', 'Professional Practice', 'Computing'),
(597, 1, 'ACC11102', 'Management Accounting Research Issues', 'Accounting, Financial Services & Law'),
(598, 1, 'MEC08100', 'Materials & Manufacture', 'Engineering & Built Environment'),
(599, 1, 'FIN10102', 'Global Financial Markets', 'Accounting, Financial Services & Law'),
(600, 1, 'FIN09105', 'IT & Financial Services', 'Accounting, Financial Services & Law'),
(601, 1, 'LMD08108', 'Photo: Constructed', 'Arts & Creative Industries');
INSERT INTO `module` (`moduleID`, `universityID`, `module_code`, `module_name`, `school`) VALUES
(602, 1, 'LMD09141', 'LMD09141', 'Arts & Creative Industries'),
(603, 1, 'MKT08106', 'Online Marketing', 'Marketing, Tourism & Languages'),
(604, 1, 'CTR09128', 'Transport Development Management', 'Engineering & Built Environment'),
(605, 1, 'IMD09131', 'Creative Team Project', 'Computing'),
(606, 1, 'MKT11103', 'Strategic Brand Management', 'Marketing, Tourism & Languages'),
(607, 1, 'ENT07101', 'Exploring Entrepreneurship', 'Management'),
(608, 1, 'TSM08104', 'Facilities Planning for Hospitality,  Tourism & Events', 'Marketing, Tourism & Languages'),
(609, 1, 'MKT11104', 'Global Marketing', 'Marketing, Tourism & Languages'),
(610, 1, 'ELE08100', 'Electronic Devices & Circuits', 'Engineering & Built Environment'),
(611, 1, 'TSM11105', 'Case Studies in International Tourism', 'Marketing, Tourism & Languages'),
(612, 1, 'HRM11118', 'Organisational Change & Management', 'Management'),
(613, 1, 'SOC11103', 'Group Project', 'Computing'),
(614, 1, 'DES09115', 'Product Design Studio 4', 'Arts & Creative Industries'),
(615, 1, 'MEC10107', 'Dynamics', 'Engineering & Built Environment'),
(616, 1, 'PSY10107', 'Abnormal Psychology', 'Life, Sport & Social Sciences'),
(617, 1, 'BMS07103', 'Practical Module 2', 'Life, Sport & Social Sciences'),
(618, 1, 'ELE07106', 'Optional Module in Mathematical Applications', 'Engineering & Built Environment'),
(619, 1, 'ACC10106', 'Current Issues in Finance', 'Accounting, Financial Services & Law'),
(620, 1, 'BSV09111', 'Contract Administration and Practice', 'Engineering & Built Environment'),
(621, 1, 'SSC08100', 'Society Space & Place', 'Life, Sport & Social Sciences'),
(622, 1, 'CTR08107', 'Project Management', 'Engineering & Built Environment'),
(623, 1, 'FIN11107', 'International Banking & Insurance', 'Accounting, Financial Services & Law'),
(624, 1, 'NMS08101', 'Healthy Lives', 'Nursing, Midwifery & Social Care'),
(625, 1, 'JAC10120', 'Music Journalism', 'Arts & Creative Industries'),
(626, 1, 'CTR09127', 'Introduction to Transport Psychology', 'Engineering & Built Environment'),
(627, 1, 'MEC11111', 'Flow Analysis & CAE', 'Engineering & Built Environment'),
(628, 1, 'CLP10108', 'Crime in Text and Film', 'Arts & Creative Industries'),
(629, 1, 'MEC09131/10102', 'Polymer Engineering', 'Engineering & Built Environment'),
(630, 1, 'LMD10108', 'Television Final Project', 'Arts & Creative Industries'),
(631, 1, 'CTR10110', 'Structural Timber Design 2', 'Engineering & Built Environment'),
(632, 1, 'FIN07102', 'Introduction to the Financial Services Sector', 'Accounting, Financial Services & Law'),
(633, 1, 'CLP09115', 'Performance Skills II', 'Arts & Creative Industries'),
(634, 1, 'SSC09104', 'Environment,  Politics and Society', 'Life, Sport & Social Sciences'),
(635, 1, 'CSN11123', 'Advanced Cloud and Network Forensics', 'Computing'),
(636, 1, 'SET07108', 'Programming for Media and Design', 'Computing'),
(637, 1, 'INF07102', 'Modelling for Business & Statistics', 'Computing'),
(638, 1, 'MHN09111', 'Nursing Practice 5', 'Nursing, Midwifery & Social Care'),
(639, 1, 'HSS09101', 'Launching your Graduate Career', 'Life, Sport & Social Sciences'),
(640, 1, 'SES08107', 'Intro to Sport Psychology - Practical', 'Life, Sport & Social Sciences'),
(641, 1, 'LNG10116', 'French 8b', 'Marketing, Tourism & Languages'),
(642, 1, 'CTR11104/11504', 'Transport & Traffic Models', 'Engineering & Built Environment'),
(643, 1, 'CLP07113', 'Fundamentals of Interpreting Text', 'Arts & Creative Industries'),
(644, 1, 'ELE08101', 'ELE08101', 'Engineering & Built Environment'),
(645, 1, 'TSM07107', 'Special Interest Tourism', 'Marketing, Tourism & Languages'),
(646, 1, 'MEC10105', 'MEC10105', 'Engineering & Built Environment'),
(647, 1, 'TSM10108', 'Airline Managemrnt', 'Marketing, Tourism & Languages'),
(648, 1, 'TSM09107', 'Live Project (Hosp/Tour/Fest/Ev)', 'Marketing, Tourism & Languages'),
(649, 1, 'MKT09101', 'International Marketing', 'Marketing, Tourism & Languages'),
(650, 1, 'BSV11103', 'Production Management', 'Engineering & Built Environment'),
(651, 1, 'LNG09108', 'German 6', 'Marketing, Tourism & Languages'),
(652, 1, 'CSN08102', 'Practical Networks 2', 'Computing'),
(653, 1, 'BSV11105', 'Project Risk Management', 'Engineering & Built Environment'),
(654, 1, 'JAC11112', 'Advertising Agency Placement', 'Arts & Creative Industries'),
(655, 1, 'HRM08101.FL', 'Introduction to HRM (FL)', 'Management'),
(656, 1, 'CLP09101', 'CLP09101adhoc for A Schwan', 'Arts & Creative Industries'),
(657, 1, 'LAW11117', 'Ethics & Corporate Governance', 'Accounting, Financial Services & Law'),
(658, 1, 'BSV11113', 'Facilities Management 2', 'Engineering & Built Environment'),
(659, 1, 'ELE09114', 'Integrated Engineering Design', 'Engineering & Built Environment'),
(660, 1, 'MUS09118.Vox', 'BAPM Performance 5 Vocals', 'Arts & Creative Industries'),
(661, 1, 'MKT10102', 'Marketing Ethics', 'Marketing, Tourism & Languages'),
(662, 1, 'CLP09118', 'Performance Technique II - Screen', 'Arts & Creative Industries'),
(663, 1, 'ENV09101', 'Applied  Terrestrial Ecology', 'Life, Sport & Social Sciences'),
(664, 1, 'MEC09122', 'Energy Systems Design', 'Engineering & Built Environment'),
(665, 1, 'ENV09100', 'Life of Mammals - Lecture/Tutorial', 'Life, Sport & Social Sciences');

-- --------------------------------------------------------

--
-- Table structure for table `modules`
--

CREATE TABLE IF NOT EXISTS `modules` (
  `moduleID` int(5) NOT NULL AUTO_INCREMENT,
  `universityID` int(4) NOT NULL,
  `module_code` varchar(15) NOT NULL,
  `module_name` varchar(50) NOT NULL,
  PRIMARY KEY (`moduleID`)
) ENGINE=MyISAM  DEFAULT CHARSET=latin1 AUTO_INCREMENT=700 ;

--
-- Dumping data for table `modules`
--

INSERT INTO `modules` (`moduleID`, `universityID`, `module_code`, `module_name`) VALUES
(1, 1, 'ACC07103', 'Accounting Information Systems'),
(2, 1, 'ACC07104', 'Accounting for Business'),
(3, 1, 'ACC08105', 'Financial Management'),
(4, 1, 'ACC08107', 'Reporting Corporate Performance'),
(5, 1, 'ACC09105', 'Advanced Corporate Reporting'),
(6, 1, 'ACC09106', 'Management Accounting Applications'),
(7, 1, 'ACC09109', 'Auditing'),
(8, 1, 'ACC09110', 'Contemporary Corporate Finance'),
(9, 1, 'ACC09114', 'Public Finance and Taxation Studies'),
(10, 1, 'ACC10105', 'Strategic Management Accounting'),
(11, 1, 'ACC10106', 'Current Issues in Finance'),
(12, 1, 'ACC10108', 'International Accounting'),
(13, 1, 'ACC11102', 'Management Accounting Research Issues'),
(14, 1, 'ACC11103', 'Strategic Management Accounting'),
(15, 1, 'ACC11104', 'Contemporary Issues in Financial Reporting'),
(16, 1, 'ACC11106', 'Strategic Financial Management'),
(17, 1, 'ACC11113', 'Investment Corporate Finance &amp; Portfolios'),
(18, 1, 'ACC11114', 'Research Methods for Company Study Dissertation'),
(19, 1, 'ACC11115', 'Company Study Dissertation'),
(20, 1, 'ADN.Confident', 'Futures Confident Futures'),
(21, 1, 'ADN07107', 'Approaches to health in adulthood'),
(22, 1, 'ADN07108', 'Nursing Practice Experience 1  (Adult Field) Medic'),
(23, 1, 'ADN07109', 'Nursing Practice Experience 2 (Adult Field) COMMUN'),
(24, 1, 'ADN08108', 'Acute Adult Nursing'),
(25, 1, 'ADN08109', 'A Holistic approach to long term conditions'),
(26, 1, 'ADN08110', 'Professional Ethical and Legal Issues in Contempor'),
(27, 1, 'ADN09109', 'Recognising Acute Illness and Deterioration'),
(28, 1, 'ADN09128', 'Complexities of Adult Nursing'),
(29, 1, 'ADN09129', 'Nursing Practice 5 Community'),
(30, 1, 'ADN09130', 'Nursing Practice Experience 6  (Adult Field) Conso'),
(31, 1, 'BMS07100', 'Molecules &amp; Cells'),
(32, 1, 'BMS07103', 'Practical Biology 2'),
(33, 1, 'BMS07104', 'Concepts in Forensic Biology'),
(34, 1, 'BMS08100', 'Biology of Disease'),
(35, 1, 'BMS08102', 'Search &amp; Recovery'),
(36, 1, 'BMS09100', 'Immunology'),
(37, 1, 'BMS09101', 'Pharmacology &amp; Pathophysiology'),
(38, 1, 'BMS09102', 'Forensic Analysis'),
(39, 1, 'BMS09105', 'Clinical Biochemistry'),
(40, 1, 'BMS09107', 'Law, Statistics &amp; Reporting in Forensic Scienc'),
(41, 1, 'BMS11102', 'Research Project'),
(42, 1, 'BMS11105', 'Drug Design &amp; Chemotherapy'),
(43, 1, 'BSV07101', 'Architectural Technology 1'),
(44, 1, 'BSV07104', 'Property and Construction Business Law'),
(45, 1, 'BSV07106', 'Introduction to Modern Architecture'),
(46, 1, 'BSV07107', 'Introduction to Contemporary Architecture'),
(47, 1, 'BSV08100', 'Building Engineering 2'),
(48, 1, 'BSV08101', 'Quanitity Surveying 1'),
(49, 1, 'BSV08102', 'Valuation 1'),
(50, 1, 'BSV08103', 'Architectural Technology 2'),
(51, 1, 'BSV08106', 'Construction Management 1'),
(52, 1, 'BSV08109', 'Surveying 2'),
(53, 1, 'BSV08110', 'Construction Cost Procedure'),
(54, 1, 'BSV08111', 'Planning and Development 1'),
(55, 1, 'BSV08113', 'Personal Development Planning for Architectural Te'),
(56, 1, 'BSV09106', 'Surveying 4'),
(57, 1, 'BSV09109', 'Construction Project Management 1'),
(58, 1, 'BSV09111', 'Contract Administration and Practice'),
(59, 1, 'BSV09112', 'Investment Appaisal'),
(60, 1, 'BSV09113', 'Building Control and Fire Engineering'),
(61, 1, 'BSV09114', 'Building Services Engineering'),
(62, 1, 'BSV09115', 'Building Economics 3'),
(63, 1, 'BSV09116', 'Valuation 2'),
(64, 1, 'BSV09118', 'Planning and Development 3'),
(65, 1, 'BSV10105', 'Construction Project Management 2'),
(66, 1, 'BSV10108', 'Buildings Economics 4'),
(67, 1, 'BSV10109', 'Valuation 3'),
(68, 1, 'BSV10110', 'Architectural Technology 4'),
(69, 1, 'BSV10111', 'Dissertation'),
(70, 1, 'BSV10112', 'Architectural Practice and Management'),
(71, 1, 'BSV11103', 'Production Management'),
(72, 1, 'BSV11104', 'Procurement Strategy'),
(73, 1, 'BSV11105/CTR115', 'Project Risk Management'),
(74, 1, 'BSV11108', 'Property Investment Analysis'),
(75, 1, 'BSV11109', 'Property Asset Management'),
(76, 1, 'BSV11112', 'Facilities Management 1'),
(77, 1, 'BSV11113', 'Facilities Management 2'),
(78, 1, 'BSV11117', 'Timber Materials Applications'),
(79, 1, 'BSV11118', 'Timber Form and Construction'),
(80, 1, 'BSV11119', 'Analysis of Timber Design 2 (Distance Learning)'),
(81, 1, 'BSV11120', 'Dissertation'),
(82, 1, 'BSV11121', 'Health and Safety Law'),
(83, 1, 'BSV11123', 'Integrated Management Systems'),
(84, 1, 'BSV11124', 'Waste Management'),
(85, 1, 'BSV11125', 'Sustainable Urban Propery Development'),
(86, 1, 'BSV11126', 'Sustainable Water Resources Management (FL)'),
(87, 1, 'BSV11131', 'Advanced Digital Media'),
(88, 1, 'BSV11134', 'Building Performance 3'),
(89, 1, 'CHN07104', 'Holistic perspectives on the development of infant'),
(90, 1, 'CHN07105/CHN071', 'The achievement and maintenance of optimal health '),
(91, 1, 'CHN08109', 'Child and Family Centered Care through Enduring Il'),
(92, 1, 'CHN08110', 'Conceptual Issues in Child Health Nursing'),
(93, 1, 'CHN08113', 'Active Participation in Hospital Based Care'),
(94, 1, 'CHN09114', 'Caring for Children in Diverse Settings'),
(95, 1, 'CLP07101', 'Case Studies in Cultural Studies'),
(96, 1, 'CLP07104', '19th Century Literature &amp; Culture 1'),
(97, 1, 'CLP07105', 'Literature &amp; Adaptation'),
(98, 1, 'CLP07112', 'Acting Fundamentals 2'),
(99, 1, 'CLP07113', 'Fundamentals of Interpreting Text'),
(100, 1, 'CLP08107', 'The Modern Novel'),
(101, 1, 'CLP08108', 'Contemporary Hollywood Cinema'),
(102, 1, 'CLP08110', 'Creative Writing 1:  Starting to Write'),
(103, 1, 'CLP08111', 'Shakespeare and the Renaissance'),
(104, 1, 'CLP08116', 'Performance Workshop 1 (Shakespeare)'),
(105, 1, 'CLP08117', 'American Outlaws: Modern American Writing'),
(106, 1, 'CLP09101', 'Cultural and Literary Theory into Practice'),
(107, 1, 'CLP09108', 'Science Fiction:  Text and Film'),
(108, 1, 'CLP09110', 'Creative Writing 2:  Genre Writing'),
(109, 1, 'CLP09118', 'Performance Skills II'),
(110, 1, 'CLP09119', 'Leadership in the Creative Industries'),
(111, 1, 'CLP09121', 'Directing 2'),
(112, 1, 'CLP09123', 'Narratives of Nature'),
(113, 1, 'CLP10100', 'The Gothic Tradition'),
(114, 1, 'CLP10101', 'Cities Real and Imagined'),
(115, 1, 'CLP10108', 'Crime in Text and Film'),
(116, 1, 'CLP10112', 'Advanced Performance (Stage)'),
(117, 1, 'CLP10114', 'Performance Skills for Professional Practice'),
(118, 1, 'CLP10120', 'Fiction Market Publishing'),
(119, 1, 'CLP10121', 'Memoir, Documentary and the Essay Film'),
(120, 1, 'CLP11102', 'Publishing in Practice: Creation to Consumer'),
(121, 1, 'CLP11103', 'Publishing Placement &amp; Professional Developmen'),
(122, 1, 'CLP11109', 'Writing for Graphic Fiction'),
(123, 1, 'CLP11111', 'Writing Genre Fiction'),
(124, 1, 'CLP11114', 'Magazine Publishing'),
(125, 1, 'CLP11114/CLP111', 'Magazine Publishing/Publishing in Practice 2'),
(126, 1, 'CLP11115', 'Creative Non-Fiction'),
(127, 1, 'CLP11118', 'Narrative Practice - Vocational Skillset'),
(128, 1, 'CLP11121/ CLP11', 'Innovation and Authorship / Creative Editorial Dev'),
(129, 1, 'CRG11102', 'CRG11102 Professional Practice 2'),
(130, 1, 'CRG11105', 'CRG11105 Labour Market Studies'),
(131, 1, 'CRG11106', 'CRG11106 Career Development Theory'),
(132, 1, 'CSN07102', 'Practical Networks 1'),
(133, 1, 'CSN08102', 'Practical Networks 2'),
(134, 1, 'CSN08104', 'Applied Cisco Networking (Security/Wireless)'),
(135, 1, 'CSN08111', 'Digital Forensics'),
(136, 1, 'CSN08113', 'Physical Computing'),
(137, 1, 'CSN09102', 'CCNP Routing'),
(138, 1, 'CSN09104', 'Wireless Local Area Networks'),
(139, 1, 'CSN10107', 'Security Testing and Advanced Network Forensics'),
(140, 1, 'CSN11102', 'e-security'),
(141, 1, 'CSN11106', 'Switching Technology'),
(142, 1, 'CSN11107', 'Routing Technology'),
(143, 1, 'CSN11123', 'Advanced Cloud and Network Forensics'),
(144, 1, 'CSN11127', 'Computer Penetration Testing'),
(145, 1, 'CTR07100', 'Civil Engineering Materials'),
(146, 1, 'CTR07101', 'Construction Surveying'),
(147, 1, 'CTR07103', 'Principles of Civil Engineering'),
(148, 1, 'CTR07104', 'Engineering Communication'),
(149, 1, 'CTR08102', 'Timber Properties &amp; Construction'),
(150, 1, 'CTR08102/BSV111', 'Timber Materials Applications'),
(151, 1, 'CTR08106', 'Geotechnics 1 and Engineering Geology'),
(152, 1, 'CTR08107', 'Project Management'),
(153, 1, 'CTR09109', 'Water Resources Engineering'),
(154, 1, 'CTR09110', 'Integrating Design Project'),
(155, 1, 'CTR09111', 'Water Engineering'),
(156, 1, 'CTR09114', 'Structural Engineering 1'),
(157, 1, 'CTR09118', 'Introduction to Transport Policy'),
(158, 1, 'CTR09127', 'Introduction to Transport Psychology'),
(159, 1, 'CTR09128', 'Transport Development Management'),
(160, 1, 'CTR09130', 'Geotechnics 2 in Practice'),
(161, 1, 'CTR10100', 'Honours Project'),
(162, 1, 'CTR10100/10114/', 'Honours Project Poster Presentation'),
(163, 1, 'CTR10109', 'Environmental Hydraulics'),
(164, 1, 'CTR10110', 'Structural Timber Engineering Design 2'),
(165, 1, 'CTR10111', 'Construction Law and Contracts'),
(166, 1, 'CTR10112', 'Structual Engineering 2'),
(167, 1, 'CTR10114', 'Honours Project and Integrated Project Work'),
(168, 1, 'CTR10114/10115', 'Honours Project and Integrated Project Work'),
(169, 1, 'CTR10120', 'Transport Appraisal'),
(170, 1, 'CTR10120/11116', 'Transport Appraisal/Transport Economics and Apprai'),
(171, 1, 'CTR10120/11116/', 'Transport Appriasal/Transport Economics and Apprai'),
(172, 1, 'CTR10128', 'Railway Planning and Operations'),
(173, 1, 'CTR11101', 'Foundation Design to Eurocode 7'),
(174, 1, 'CTR11101/11501', 'Foundation Design to Eurocode 7'),
(175, 1, 'CTR11102', 'Structural Dynamics &amp; Earthquake Design'),
(176, 1, 'CTR11102/11502', 'Structural Dynamics and Earthquake Design'),
(177, 1, 'CTR11103/11503', 'Traffic Management'),
(178, 1, 'CTR11104', 'Transport &amp; Traffic Models'),
(179, 1, 'CTR11104/11504', 'Transport &amp; Traffic Models'),
(180, 1, 'CTR11106', 'Transport Research Methods'),
(181, 1, 'CTR11119', 'Advanced Structural Steel'),
(182, 1, 'CTR11522', 'Dissertation &amp; Engineering Futures'),
(183, 1, 'DES07112 PDE', 'Foundation Product Design 1 PDE'),
(184, 1, 'DES07113', 'Foundation Product Design 2'),
(185, 1, 'DES07114', 'Foundation Graphic Design 2'),
(186, 1, 'DES07120', 'Foundation Digital Media 2'),
(187, 1, 'DES07122', 'Foundation Interior and Spatial Design 2'),
(188, 1, 'DES07123', 'Debating Design 1'),
(189, 1, 'DES08100', 'Design and Business'),
(190, 1, 'DES08104', 'Graphic Design Studio 2'),
(191, 1, 'DES08111', 'Product Design Studio 2'),
(192, 1, 'DES08113', 'Illustration, Text &amp; Image'),
(193, 1, 'DES08116', 'Introduction to Storyboarding'),
(194, 1, 'DES08121', 'Design for Commercial Spaces'),
(195, 1, 'DES08124', 'Computer Aided Design (Visualisation)'),
(196, 1, 'DES08128', 'Materials for Inspirational Design 2'),
(197, 1, 'DES09100', 'Design &amp; Urbanism'),
(198, 1, 'DES09106', 'Graphic Design Studio 4'),
(199, 1, 'DES09115', 'Product Design Studio 4'),
(200, 1, 'DES09116', 'Visual Communication 1'),
(201, 1, 'DES09120', 'Design &amp; Digital Arts Studio 2'),
(202, 1, 'DES09124', 'Prototyping Interactive Experiences'),
(203, 1, 'DES09127', 'Art Direction 2'),
(204, 1, 'DES09128', 'Design for Public Spaces'),
(205, 1, 'DES09131', 'Branding'),
(206, 1, 'DES10013', 'Major Project'),
(207, 1, 'DES10105', 'Professional Practice: Media Production'),
(208, 1, 'DES10111', 'Design Professional Practice'),
(209, 1, 'DES10115', 'Professional Project in Public Relations Managemen'),
(210, 1, 'DES11119', 'Design Management'),
(211, 1, 'DES11122', 'Light Art &amp; Projection'),
(212, 1, 'DES11128', 'Creative Research Portfolio'),
(213, 1, 'DES11131', 'Interpretative Design'),
(214, 1, 'DES11132', 'Major Design Project'),
(215, 1, 'EI Session', 'EI Session'),
(216, 1, 'ELE07109', 'Electronic &amp; Electrical Principles'),
(217, 1, 'ELE07110', 'Mathematical Methods 1'),
(218, 1, 'ELE08100', 'Electronic Devices &amp; Circuits'),
(219, 1, 'ELE08101', 'Electrical Engineering'),
(220, 1, 'ELE08102', 'Intermediate Mathematics'),
(221, 1, 'ELE08103', 'Intermediate Mathematics A'),
(222, 1, 'ELE08104', 'Further Intermediate Mathematics'),
(223, 1, 'ELE09100', 'Electrical Systems'),
(224, 1, 'ELE09108', 'Individual Project'),
(225, 1, 'ELE09113', 'Signal Processing'),
(226, 1, 'ELE09114', 'Integrated Engineering Design'),
(227, 1, 'ELE10104', 'Power Systems'),
(228, 1, 'ELE10105', 'Programmable Logic Design'),
(229, 1, 'ELE10105/11104', 'Programmable Logic Design/VHDL &amp; FPGA Design'),
(230, 1, 'ELE10106', 'Electronic Drives'),
(231, 1, 'ELE10108', 'Honours Project'),
(232, 1, 'ELE10111', 'Embedded Systems'),
(233, 1, 'ELE11106', 'Industrial Drive Systems'),
(234, 1, 'ELE11113', 'Distributed Generation Systems'),
(235, 1, 'ELEE+', 'Engineering Plus'),
(236, 1, 'ELEM+', 'Maths Plus'),
(237, 1, 'ENT07101', 'Exploring Entrepreneurship'),
(238, 1, 'ENT08101', 'Creativity, Innovation &amp; Enterprise (Co-curric'),
(239, 1, 'ENT09101', 'Starting a New Business (Co-curricular module)'),
(240, 1, 'ENT09103', 'Entrepreneurial Consultancy Project'),
(241, 1, 'ENT10101', 'Fast Track Entrepreneurship'),
(242, 1, 'ENT10102', 'Growing a Business'),
(243, 1, 'ENT11101', 'New Venture Planning'),
(244, 1, 'ENT11108', 'Sustaining Organisational Performance'),
(245, 1, 'ENV08100', 'Animal Behaviour'),
(246, 1, 'ENV08101', 'Physiology &amp; the Environment'),
(247, 1, 'ENV08105', 'Valuing the Earth'),
(248, 1, 'ENV09100', 'Life of Mammals'),
(249, 1, 'ENV09101', 'Applied Terrestrial Ecology'),
(250, 1, 'ENV09104', 'Marine Biology'),
(251, 1, 'ENV09105', 'Environmental Toxicology'),
(252, 1, 'ENV10100', 'Year 4 Project Module - Biological Sciences'),
(253, 1, 'ENV11100', 'Biodiversity &amp; Conservation'),
(254, 1, 'ENV11108', 'Field &amp; Laboratory Skills'),
(255, 1, 'ENV11110', 'Evolution &amp; Taxonomy'),
(256, 1, 'ENV11112', 'Management of Aquatic Protected Areas'),
(257, 1, 'FIN07102', 'Introduction to the Financial Services Sector'),
(258, 1, 'FIN08103', 'Planning Personal Finance'),
(259, 1, 'FIN08104', 'Personal Investment and Portfolio Planning'),
(260, 1, 'FIN09103', 'Marketing Financial Services'),
(261, 1, 'FIN09104', 'Corporate Risk Management'),
(262, 1, 'FIN09105', 'IT &amp; Financial Services'),
(263, 1, 'FIN09106', 'Behavioural Issues in Finance'),
(264, 1, 'FIN10102', 'Global Financial Markets'),
(265, 1, 'FIN10103', 'Management of Financial Institutions'),
(266, 1, 'FIN10107', 'Regulatory Risk Management'),
(267, 1, 'FIN11105', 'Principles of Financial Regulation'),
(268, 1, 'FIN11107', 'International Banking &amp; Insurance'),
(269, 1, 'FIN11108', 'Global Finance'),
(270, 1, 'FIN11127', 'Strategic Management in Global Banking'),
(271, 1, 'HLT08103', 'Health Promotion Youth Work'),
(272, 1, 'HLT11103', 'Exploring Evidence to Improve Practice'),
(273, 1, 'HRB07103', 'Plant Science'),
(274, 1, 'HRM07101', 'Behavioural Studies'),
(275, 1, 'HRM08101.FL', 'Introduction to HRM (FL)'),
(276, 1, 'HRM09102', 'Human Resource Development'),
(277, 1, 'HRM09104.FL', 'Managing the Employment Relationship (FL)'),
(278, 1, 'HRM10103', 'Contemporary Issues in HRM'),
(279, 1, 'HRM11102', 'Employee Resourcing'),
(280, 1, 'HRM11103', 'Labour Relations'),
(281, 1, 'HRM11106', 'Learning and Development'),
(282, 1, 'HRM11107', 'Research Skills and Professional Development'),
(283, 1, 'HRM11109', 'Leadership, Learning &amp; Development'),
(284, 1, 'HRM11111', 'HRM in International Context'),
(285, 1, 'HRM11117', 'Management &amp; Organisational Change'),
(286, 1, 'HRM11118', 'Organisational Change Management'),
(287, 1, 'HRM11119', 'Leadership, Strategy  &amp; Innovation'),
(288, 1, 'HRM11120', 'Leading Strategic Decision Making'),
(289, 1, 'HRM11121', 'Action Learning in Organisations'),
(290, 1, 'HSS08100', 'Volunteering and Employability'),
(291, 1, 'HSS09101', 'Launching your graduate career'),
(292, 1, 'HSS09106', 'Assessing work-based learning'),
(293, 1, 'IMD07101', 'Introduction to Human Computer Interaction'),
(294, 1, 'IMD07106', 'Producing Digital'),
(295, 1, 'IMD07109', 'Visual Media for the Web'),
(296, 1, 'IMD08105', '2D Computer Animation'),
(297, 1, 'IMD08114', 'Playful Interaction'),
(298, 1, 'IMD08118', 'Fundamentals of 3D Illustration'),
(299, 1, 'IMD09102', 'Sound Production'),
(300, 1, 'IMD09119', 'Responsive Environments'),
(301, 1, 'IMD09129', '3D Character Animation'),
(302, 1, 'IMD09131', 'Creative Team Project'),
(303, 1, 'IMD09133', 'Visual Effects (VFX)'),
(304, 1, 'IMD09134', 'Cyberpsychology'),
(305, 1, 'IMD10110', 'Professional Development through Portfolio Develop'),
(306, 1, 'IMD11108/IMD115', 'Digital Markets'),
(307, 1, 'IMD11116', 'Listening'),
(308, 1, 'INF07104', 'Modelling for Business'),
(309, 1, 'INF08105', 'Enterprise Systems'),
(310, 1, 'INF09107', 'Web Enabled Business'),
(311, 1, 'INF10101', 'Information: Society and Security'),
(312, 1, 'INF10102', 'Knowledge Management'),
(313, 1, 'INF10106', 'Business Intelligence and Reporting'),
(314, 1, 'INF11101', 'Web-Enabled Business'),
(315, 1, 'INF11103', 'Management of Software Projects'),
(316, 1, 'INF11108', 'Enterprise Information Systems with SAP'),
(317, 1, 'INF11109', 'Security Audit &amp; Compliance'),
(318, 1, 'INF11110', 'Programme and Project Systems, Risk &amp; Control'),
(319, 1, 'JAC07105', 'Media Studies'),
(320, 1, 'JAC07109', 'Social Media'),
(321, 1, 'JAC07110', 'Multimedia Reporting'),
(322, 1, 'JAC07111', 'News Analysis'),
(323, 1, 'JAC08105', 'Sub-Editing and Design'),
(324, 1, 'JAC08110', 'Broadcast Journalism 1'),
(325, 1, 'JAC08112', 'Public Affairs for Journalists'),
(326, 1, 'JAC09.TBC', 'Documentary Making'),
(327, 1, 'JAC09105', 'Online Communication'),
(328, 1, 'JAC09107', 'Magazine Production'),
(329, 1, 'JAC09108', 'Public Relations Theory &amp; Practice'),
(330, 1, 'JAC09109', 'Critical Debates in Communication Theory'),
(331, 1, 'JAC09120', 'Digital Platforms'),
(332, 1, 'JAC09122', 'Documentary Practice'),
(333, 1, 'JAC10100', 'Dissertation'),
(334, 1, 'JAC10110', 'Linguistics'),
(335, 1, 'JAC10117', 'Major Journalism Project'),
(336, 1, 'JAC10120', 'Music Journalism'),
(337, 1, 'JAC10122', 'Power, Information &amp; Opinion'),
(338, 1, 'JAC10123.L', 'Covering the Arts'),
(339, 1, 'JAC10123.T1', 'Covering the Arts'),
(340, 1, 'JAC10123.T2', 'Covering the Arts'),
(341, 1, 'JAC11106', 'Dissertation'),
(342, 1, 'JAC11111', 'Campaign Creation'),
(343, 1, 'JAC11112', 'Advertising Agency Placement'),
(344, 1, 'JAC11122', 'Production Dissertation'),
(345, 1, 'JAC11127', 'Digital Creative'),
(346, 1, 'JAC11131', 'Journalism, Information and Society'),
(347, 1, 'JAC11133', 'TV and Multimedia News'),
(348, 1, 'JAC11134', 'Journalism Production Dissertation'),
(349, 1, 'JACInt Jour Res', 'JACInt Jour Res wk'),
(350, 1, 'JACShorthand', 'Shorthand UG &amp; PG'),
(351, 1, 'Law Networking ', 'Law Networking Event'),
(352, 1, 'Law Recruitment', 'Law Recruitment Workshop (Year 4)'),
(353, 1, 'LAW07105', 'Legal System and Skills'),
(354, 1, 'LAW07110', 'Obligations 1'),
(355, 1, 'LAW07111', 'Constitutional and Administrative Law'),
(356, 1, 'LAW07112', 'Family Law'),
(357, 1, 'LAW08101', 'Business Law for Managers'),
(358, 1, 'LAW08118', 'Property Law'),
(359, 1, 'LAW08119', 'Obligations 2'),
(360, 1, 'LAW08120', 'EU Law'),
(361, 1, 'LAW09112', 'Taxation Law'),
(362, 1, 'LAW09114', 'Media Law'),
(363, 1, 'LAW09115', 'Intellectual Property'),
(364, 1, 'LAW09117', 'Human Rights'),
(365, 1, 'LAW09123', 'Laws of Succession and Trusts'),
(366, 1, 'LAW09125', 'Corporate Governance'),
(367, 1, 'LAW09126', 'Advocacy'),
(368, 1, 'LAW09128', 'Professional Practice'),
(369, 1, 'LAW10103', 'Current Issues in Business Law'),
(370, 1, 'LAW10107', 'Contemporary Issues in Criminal Law'),
(371, 1, 'LAW10108', 'Contemporary Issues in Family Law'),
(372, 1, 'LAW10110', 'International Trade Law'),
(373, 1, 'LAW10111', 'Law and the Media'),
(374, 1, 'LAW11101', 'Employment Law'),
(375, 1, 'LAW11107', 'International Criminal Law'),
(376, 1, 'LAW11110', 'International Sports and Entertainment Law'),
(377, 1, 'LAW11112', 'Contemporary Issues in Business Law'),
(378, 1, 'LAW11115', 'Disability, Menatl Health Rights and the Law'),
(379, 1, 'LAW11116', 'Law and the Elderly'),
(380, 1, 'LAW11117', 'Ethics &amp; Corporate Governance'),
(381, 1, 'LAW11134', 'Dispute Resolution Methods'),
(382, 1, 'LAW11135', 'Contemporary Issues in Intellectual Property'),
(383, 1, 'LDN07103', 'Profound Learning and Multiple Disabilities - Theo'),
(384, 1, 'LDN08111', 'Supporting People with Learning Disabilities and C'),
(385, 1, 'LDN08112', 'Learning Disabilities and Mental Health'),
(386, 1, 'LDN08113', 'Working with Children and Families with a Learning'),
(387, 1, 'LDN09104', 'Working with the Autism Spectrum'),
(388, 1, 'LDN09108', 'Professional Practice in Community Teams'),
(389, 1, 'LMD07104', 'Creative Practice 2'),
(390, 1, 'LMD07112', 'Film Narrative 2'),
(391, 1, 'LMD07113', 'Applied Camera Techniques'),
(392, 1, 'LMD07114', 'Film History'),
(393, 1, 'LMD07115', 'Histories 1: Photography'),
(394, 1, 'LMD08108', 'Photo: Constructed'),
(395, 1, 'LMD08111', 'Theory for Photo Practice'),
(396, 1, 'LMD08118', 'Film Adaptation'),
(397, 1, 'LMD08120', 'Film Genre'),
(398, 1, 'LMD08123', 'Sequences And Seriality'),
(399, 1, 'LMD09107', 'Photo Practice 3'),
(400, 1, 'LMD09110', 'Film Practice 4'),
(401, 1, 'LMD09126', 'Film Project'),
(402, 1, 'LMD09137', 'TV Studies'),
(403, 1, 'LMD09139', 'TV Studio Presentation'),
(404, 1, 'LMD09141', 'TV Drama Production'),
(405, 1, 'LMD09143', 'Editorial and Documentary Photography'),
(406, 1, 'LMD09148', 'Dreams &amp; Visions in the Moving Image'),
(407, 1, 'LMD09149', 'Culture &amp; Crisis: Britain in the Thirties'),
(408, 1, 'LMD09150', 'Copyright in Photography, Film &amp; Literature'),
(409, 1, 'LMD09151', 'Work Related Learning in Film'),
(410, 1, 'LMD10102', 'Professional Development'),
(411, 1, 'LMD10103', 'Final Year Project'),
(412, 1, 'LMD10108', 'Television Final Project'),
(413, 1, 'LMD10109', 'TV Professional Development'),
(414, 1, 'LNG.EFL Summer ', 'EFL Summer School'),
(415, 1, 'LNG07101', 'French 1'),
(416, 1, 'LNG07102', 'German 1'),
(417, 1, 'LNG07103', 'Spanish 1'),
(418, 1, 'LNG07104', 'Italian 1'),
(419, 1, 'LNG07106', 'French 2'),
(420, 1, 'LNG07107', 'German 2'),
(421, 1, 'LNG07108', 'Spanish 2'),
(422, 1, 'LNG07109', 'Italian 2'),
(423, 1, 'LNG07111', 'Intercultural Organisational Management'),
(424, 1, 'LNG08107', 'Scottish Culture &amp; Society'),
(425, 1, 'LNG08108', 'French 4'),
(426, 1, 'LNG08109', 'German 4'),
(427, 1, 'LNG08110', 'Spanish 4'),
(428, 1, 'LNG08111', 'Italian 4'),
(429, 1, 'LNG08120', 'Exploring Culture'),
(430, 1, 'LNG08122', 'English for Professional Purposes 4'),
(431, 1, 'LNG09107', 'French 6'),
(432, 1, 'LNG09108', 'German 6'),
(433, 1, 'LNG09109', 'Spanish 6'),
(434, 1, 'LNG09120', 'Preparation for Study Abroad'),
(435, 1, 'LNG09128', 'English for Professional Purposes 6'),
(436, 1, 'LNG10111', 'French 8a'),
(437, 1, 'LNG10112', 'German 8a'),
(438, 1, 'LNG10113', 'Spanish 8a'),
(439, 1, 'LNG10124', 'English for Professional Purposes 8a'),
(440, 1, 'LNG11105', 'Advertising as Cultural Discourse'),
(441, 1, 'LNG11108', 'Teaching English as a Foreign Language'),
(442, 1, 'LNG11111/2/3/4', 'Postgraduate Languages'),
(443, 1, 'LNG11119', 'Managing Cultural Diversity in the Workplace'),
(444, 1, 'LNGSupport', 'English Support'),
(445, 1, 'MEC07106', 'Mechanical Principles'),
(446, 1, 'MEC07107', 'Engineering Communication'),
(447, 1, 'MEC08100', 'Materials &amp; Manufacture'),
(448, 1, 'MEC08104', 'Design &amp; Development'),
(449, 1, 'MEC08105', 'Management for Engineers 1'),
(450, 1, 'MEC09107', 'Engineering Applications (M)'),
(451, 1, 'MEC09110', 'Applied Robotics'),
(452, 1, 'MEC09114', 'Project Management (FL)'),
(453, 1, 'MEC09118', 'Management for Engineers 2'),
(454, 1, 'MEC09122', 'Energy Systems Design'),
(455, 1, 'MEC09130/MEC091', 'Engineering Design/Engineering Design (Project)'),
(456, 1, 'MEC09131', 'Polymer Engineering'),
(457, 1, 'MEC09131/10102', 'Polymer Engineering'),
(458, 1, 'MEC10105', 'Mechatronic Systems'),
(459, 1, 'MEC10107', 'Dynamics'),
(460, 1, 'MEC10109', 'Polymer Process Simulation'),
(461, 1, 'MEC10111', 'Future Technologies &amp; Design'),
(462, 1, 'MEC10114', 'Building Services Engineering B'),
(463, 1, 'MEC10115', 'Advanced Energy Systems 2'),
(464, 1, 'MEC10116', 'Manufacturing Systems Engineering'),
(465, 1, 'MEC10118', 'Advanced Processes and Digital Manufacture'),
(466, 1, 'MEC11101', 'Control Engineering'),
(467, 1, 'MEC11101/11501', 'Control Engineering'),
(468, 1, 'MEC11102', 'Design Analysis'),
(469, 1, 'MEC11102/11502', 'Design Analysis'),
(470, 1, 'MEC11104', 'Mechanical Computer Aided Engineering'),
(471, 1, 'MEC11104/11504', 'Mechanical Computer Aided Engineering'),
(472, 1, 'MEC11110', 'Energy Materials'),
(473, 1, 'MEC11111', 'Flow Analysis &amp; CAE'),
(474, 1, 'MEC11112', 'Forensic Materials Engineering'),
(475, 1, 'MEC11114', 'Mechatronic Systems'),
(476, 1, 'MEC11117', 'Research Skills &amp; Project Management'),
(477, 1, 'MEC11118', 'Smart Materials &amp; Surfaces'),
(478, 1, 'MEC11124', 'Design and Quality Management'),
(479, 1, 'MEC11506', 'Group Design Project'),
(480, 1, 'MHN07103', 'Mental Health: Everyones Buisness'),
(481, 1, 'MHN07104', 'Nursing Practice 1 Mental Health'),
(482, 1, 'MHN07105', 'Nursing Practice 2 Mental Health'),
(483, 1, 'MHN08108', 'Service user and carer participation:from policy t'),
(484, 1, 'MHN08110', 'Nursing Practice 3 (Mental Health)'),
(485, 1, 'MHN09111', 'Nursing Practice 5 Mental Health'),
(486, 1, 'MIC08100', 'Microbes &amp; Man'),
(487, 1, 'MIC09102', 'Environmental Microbiology'),
(488, 1, 'MIC09103', 'Food Microbiology &amp; Biotechnology'),
(489, 1, 'MIC11100', 'Molecular Pathogenesis of Microbial Infection'),
(490, 1, 'MIC11107', 'Research Skills Molecular Analysis'),
(491, 1, 'MIC11108', 'Biotechnology &amp; Drug Discovery'),
(492, 1, 'MIC11110', 'Biotechnology for Sustainable Remediation'),
(493, 1, 'MIC11111', 'Environmental Sustainability Management'),
(494, 1, 'MID07109', 'Midwifery Practice 1'),
(495, 1, 'MID07110', 'Fundamentals of Labour and Birth'),
(496, 1, 'MID07111', 'Midwifery Care of New Born and Family'),
(497, 1, 'MID08111', 'Care of Mothers &amp; Babies with Complex Needs'),
(498, 1, 'MID08112', 'Midwifery Practice 3'),
(499, 1, 'MID08113', 'Complex Care in Childbearing'),
(500, 1, 'MID09117', 'Midwifery Care in Challenging Circumstances'),
(501, 1, 'MID09118', 'Midwifery Practice 6'),
(502, 1, 'MID10104', 'Special Care Neonatal Nursing Practice'),
(503, 1, 'MID11102', 'Preparation of Supervisors of Midwives (Theory)'),
(504, 1, 'MKT07101', 'Marketing 1'),
(505, 1, 'MKT07102', 'Consumer Behaviour'),
(506, 1, 'MKT08101', 'Marketing Communication Tools'),
(507, 1, 'MKT08103', 'Market Research &amp; Communications'),
(508, 1, 'MKT08106', 'Online Marketing'),
(509, 1, 'MKT09101', 'International Marketing'),
(510, 1, 'MKT09106', 'Direct &amp; Digital Marketing'),
(511, 1, 'MKT09107', 'Retail Marketing'),
(512, 1, 'MKT10102', 'Marketing Ethics'),
(513, 1, 'MKT10103', 'Marketing Management in Practice'),
(514, 1, 'MKT11103', 'Strategic Brand Management'),
(515, 1, 'MKT11104', 'Global Marketing'),
(516, 1, 'MKT11105', 'Direct &amp; Digital Marketing'),
(517, 1, 'MUS-AMS.Comp', 'Advanced Musical Study Composition'),
(518, 1, 'MUS-Bosendorfer', 'Bosendorfer Piano Class'),
(519, 1, 'MUS-ContempEnse', 'Contemporary Ensemble'),
(520, 1, 'MUS-Creative Pr', 'BMUS Creative Practice'),
(521, 1, 'MUS-Open Jazz', 'Open Jazz Orchestra'),
(522, 1, 'MUS-Piano Class', 'BMUS Piano Class - All Years'),
(523, 1, 'MUS-Pro Tools', 'BAPM - Yrs 1, 2 &amp; 3 - Music Software'),
(524, 1, 'MUS-VOCAL CLASS', 'BMUS Vocal Class - All Years'),
(525, 1, 'MUS07104', 'Language and Structures of Music 1.2'),
(526, 1, 'MUS07108', 'Music in the Community 1'),
(527, 1, 'MUS07112', 'Performance Studies Instrument 2'),
(528, 1, 'MUS07113', 'Performance Studies Voice 2'),
(529, 1, 'MUS07114', 'Performance Studies Composition 2'),
(530, 1, 'MUS07115', 'Recording Studio Theory &amp; Practice 1'),
(531, 1, 'MUS07116', 'Popular Music Ensemble Performance 1'),
(532, 1, 'MUS07121', 'Principal Study 1.1'),
(533, 1, 'MUS08104', 'Language and Structure of Music 2.2'),
(534, 1, 'MUS08106', 'Keyboard Skills &amp; Improvisation 1'),
(535, 1, 'MUS08108', 'Jazz Improvisation 1'),
(536, 1, 'MUS08114', 'The Business of Music 1'),
(537, 1, 'MUS08118', 'Performance Studies Instrument 4'),
(538, 1, 'MUS08119', 'Performance Studies Voice 4'),
(539, 1, 'MUS08120', 'Performance Studies Composition 4'),
(540, 1, 'MUS08121', 'Recording Studio Theory &amp; Practice 2'),
(541, 1, 'MUS08122', 'Popular Music Ensemble Performance 2'),
(542, 1, 'MUS08126', 'Music in the Community 2'),
(543, 1, 'MUS08130', 'Performance Practice'),
(544, 1, 'MUS09103', 'Language and Structure of Music 3.2'),
(545, 1, 'MUS09109', 'Introduction to Music Therapy'),
(546, 1, 'MUS09117', 'Performance Studies Instrument 5'),
(547, 1, 'MUS09117.Drms', 'Performance Studies Invidual lessons Drums'),
(548, 1, 'MUS09118.Vox', 'Performance Studies Voice 5'),
(549, 1, 'MUS09119', 'Performance Studies Composition 5'),
(550, 1, 'MUS09120', 'The Business of Music 2'),
(551, 1, 'MUS09122', 'Music Software Applications'),
(552, 1, 'MUS09129', 'Music, Creativity &amp; Communication'),
(553, 1, 'MUS10100', 'Public Recital'),
(554, 1, 'MUS10102', 'Dissertation'),
(555, 1, 'MUS10104', 'Music Analysis'),
(556, 1, 'MUS10105', 'Major Music Project'),
(557, 1, 'MUS10106', 'Instrumental/Vocal Teaching 2'),
(558, 1, 'MUS10107', 'Jazz Improvisation 3'),
(559, 1, 'MUS10108', 'Music Psychology'),
(560, 1, 'MUS10109', 'Advanced Musical Performance'),
(561, 1, 'MUS10111', 'Advanced Popular Music Composition'),
(562, 1, 'MUS10113', 'Advanced Popular Music Performance: Voice'),
(563, 1, 'MUS10115', 'Ensemble Performance 2'),
(564, 1, 'MUS10124', 'Dissertation'),
(565, 1, 'MUS10129', 'Entrepreneurship in the Music Industries'),
(566, 1, 'New Module (3)', ''),
(567, 1, 'New Module (4)', ''),
(568, 1, 'New Module (5)', ''),
(569, 1, 'NMS08101', 'Health Lives'),
(570, 1, 'NMS09126', 'Mentorship in Practice'),
(571, 1, 'NMS09134/NMS111', 'Clinical Research - Practice'),
(572, 1, 'NMS09138', 'Advancing Practice through Research'),
(573, 1, 'NMS09141', 'Promoting Inclusion: enabling access to Health Car'),
(574, 1, 'NMS09142', 'Palliative Care Theory for Practice'),
(575, 1, 'NMS09143/NMS091', 'Non-Medical Prescribing for Nurses, Midwives and A'),
(576, 1, 'NMS11134', 'Child Protection in Context'),
(577, 1, 'NMS11162', 'Leadership and Finance for Effective Service Deliv'),
(578, 1, 'NMS11167', 'Advanced Positive Behaviour Support'),
(579, 1, 'NUR09115', 'Elective Nursing Practice'),
(580, 1, 'NUR09116', 'Achieving Professionalism'),
(581, 1, 'PRO TOOLS 101', 'MUSIC LAB A'),
(582, 1, 'PSY07100', 'PSY07100 Individual Differences 1'),
(583, 1, 'PSY07101', 'PSY07101 Social Psychology 1'),
(584, 1, 'PSY08101', 'PSY08101 Cognitive Psychology 1'),
(585, 1, 'PSY09100', 'PSY09100 Researching Psychology'),
(586, 1, 'PSY09101', 'PSY09101 Work Psychology'),
(587, 1, 'PSY09105', 'PSY09105 Health Psychology'),
(588, 1, 'PSY09113', 'Forensic Psychology 1'),
(589, 1, 'PSY09114', 'Brain &amp; Cognition'),
(590, 1, 'PSY10100', 'Honours Project in Psychology'),
(591, 1, 'PSY10105', 'Psychology of Lifespan Development'),
(592, 1, 'PSY10107', 'PSY10107 Abnormal Psychology'),
(593, 1, 'SCA11104', 'From Script to Screen'),
(594, 1, 'SCA11105', 'Script Workshop 2'),
(595, 1, 'SCA11117', 'Interactive Media'),
(596, 1, 'SCA11122', 'Collaborative Techniques in Film 2'),
(597, 1, 'SCA11123', 'Critical Film Studies'),
(598, 1, 'SCA11128', 'Project Preparation'),
(599, 1, 'SCA11129', 'Creative Practice for Cinema'),
(600, 1, 'SES07101', 'Foundations of Sport &amp; Exercise Science'),
(601, 1, 'SES07106', 'Skill Aquisition'),
(602, 1, 'SES08106', 'Introduction to Exercise Physiology'),
(603, 1, 'SES08107', 'Introduction to Sport Psychology'),
(604, 1, 'SES09103', 'Practical Coaching'),
(605, 1, 'SES09104', 'Growth Maturation &amp; Exercise'),
(606, 1, 'SES09106', 'Assessment &amp; Conditioning for Performance'),
(607, 1, 'SES09109', 'Intermediate Biomechanics'),
(608, 1, 'SES09111', 'Scientific Communication - Dissertation &amp; Stat'),
(609, 1, 'SES11103', 'Scientific Support in Sport'),
(610, 1, 'SES11104', 'Contemporary Issues in SES'),
(611, 1, 'SES11105', 'Independent Study'),
(612, 1, 'SET07104', 'Introduction to the Web'),
(613, 1, 'SET07106', 'Mathematics for Software Engineering'),
(614, 1, 'SET07108', 'Programming for Media and Design'),
(615, 1, 'SET07109', 'Programming Fundamentals'),
(616, 1, 'SET08101', 'Web Technologies'),
(617, 1, 'SET08103', 'Software Engineering Methods'),
(618, 1, 'SET08109', 'Web Development for Information Management'),
(619, 1, 'SET08114', 'Mobile Applications Development'),
(620, 1, 'SET08116', 'Computer Graphics'),
(621, 1, 'SET09107', 'Advanced Database Systems'),
(622, 1, 'SET09109', 'Fundamentals of Parallel Systems'),
(623, 1, 'SET09118', 'Sensing Systems for Mobile Applications'),
(624, 1, 'SET10106', 'Distributed Services and Applications'),
(625, 1, 'SET10107', 'Computational Intelligence'),
(626, 1, 'SET11103', 'Software Development 2'),
(627, 1, 'SET11105', 'Programming for the Web'),
(628, 1, 'SET11109', 'Enterprise Computing'),
(629, 1, 'SET11112', 'Web Design &amp; Development'),
(630, 1, 'SET11116', 'Advanced Software Engineering Teamworking'),
(631, 1, 'SOC09108', 'Professional Practice'),
(632, 1, 'SOC09109', 'Third Year Group Project'),
(633, 1, 'SOC10101/SOC101', 'Honours Project (40 Credits)/Honours Project (60 C'),
(634, 1, 'SOC11101', 'Masters Dissertation'),
(635, 1, 'SOC11103', 'Group Project'),
(636, 1, 'SOC11108', 'Project and Programme Management: Work Based Learn'),
(637, 1, 'SOE07103', 'Principles of Economics'),
(638, 1, 'SOE08101', 'Business &amp; Management Challenges'),
(639, 1, 'SOE08102', 'Strategic Appraisal'),
(640, 1, 'SOE08103', 'World Economy'),
(641, 1, 'SOE09105', 'Work Based Learning (12 Month)'),
(642, 1, 'SOE09112', 'Economics of the Public Sector'),
(643, 1, 'SOE09115', 'Economics of Emerging Markets'),
(644, 1, 'SOE09121', 'Personal Selling Skills and the Sales Process'),
(645, 1, 'SOE10103', 'Business Strategy and Sustainability'),
(646, 1, 'SOE10104', 'Logistics and Supply Chain Management'),
(647, 1, 'SOE10106', 'International Political Economy'),
(648, 1, 'SOE10133', 'NUBS DISSERTATION'),
(649, 1, 'SOE11105', 'Contemporary Issues in Strategic Management'),
(650, 1, 'SOE11126', 'Skills for Managers'),
(651, 1, 'SOE11127', 'Selling &amp; Sales Strategies'),
(652, 1, 'SOE11131', 'PG Research Methods'),
(653, 1, 'SOE11142', 'Economics for Decision Making'),
(654, 1, 'SSC07102', 'Understanding Social Change'),
(655, 1, 'SSC07104', 'Introduction to Criminology'),
(656, 1, 'SSC08100', 'Society, Space and Place'),
(657, 1, 'SSC08103', 'Sociological Theory'),
(658, 1, 'SSC08105', 'Youth, Crime and Deviance'),
(659, 1, 'SSC08106', 'Criminological Theory'),
(660, 1, 'SSC09102', 'Social and Cultural Landscapes'),
(661, 1, 'SSC09104', 'Environment, Politics and Society'),
(662, 1, 'SSC09105', 'Sexuality and Gender'),
(663, 1, 'SSC09110', 'Researching the Social Sciences'),
(664, 1, 'SSC09112', 'History of Crime, Correction &amp; Reform'),
(665, 1, 'SSC10106', 'Honours Project'),
(666, 1, 'SSC10112', 'Surveillance &amp; Society'),
(667, 1, 'SSC10114', 'Race and Ethnicity'),
(668, 1, 'TSM07102', 'Hospitality Operations'),
(669, 1, 'TSM07103', 'The Business of Festivals &amp; Events'),
(670, 1, 'TSM07104', 'Wine Studies'),
(671, 1, 'TSM07106', 'The Global Tourism Industry'),
(672, 1, 'TSM07107', 'Special Interest Tourism'),
(673, 1, 'TSM08104', 'Facilities Planning for Hospitality, Tourism &amp;'),
(674, 1, 'TSM08105', 'The Study of Food &amp; Wine'),
(675, 1, 'TSM08106', 'Visitor Attraction Management'),
(676, 1, 'TSM08108', 'Conference Management'),
(677, 1, 'TSM08113', 'Customer Service and Care'),
(678, 1, 'TSM08116', 'Music Event Management'),
(679, 1, 'TSM09107', 'Live Project (Hosp/Mktg/Tour/Fest/Ev)'),
(680, 1, 'TSM09113', 'Global Airline Industry'),
(681, 1, 'TSM09116', 'International Wines and Spirits Management'),
(682, 1, 'TSM09117', 'Management of MICE Events'),
(683, 1, 'TSM09124', 'Natural Area Tourism'),
(684, 1, 'TSM10101', 'International Hospitality'),
(685, 1, 'TSM10102', 'International Destination Management'),
(686, 1, 'TSM10103', 'International Festival &amp; Events Environments'),
(687, 1, 'TSM10105', 'Business Tourism'),
(688, 1, 'TSM10108', 'Airline Managemrnt'),
(689, 1, 'TSM11105', 'Case Studies in International Tourism'),
(690, 1, 'TSM11107', 'Contemporary Issues in Hospitality Management'),
(691, 1, 'TSM11109', 'Tourism, Society and Visual Culture'),
(692, 1, 'TSM11110', 'International Festival and Event Management'),
(693, 1, 'TSM11114', 'Experience Design and Management for Tourism, Hosp'),
(694, 1, 'TSM11116', 'Natural Area Tourism'),
(695, 1, 'VET07103', 'Veterinary Practice Placement 1'),
(696, 1, 'VET08100', 'Application of Small Animal Care'),
(697, 1, 'VET08101', 'Theatre Practice &amp; Anaesthesia for Veterinary '),
(698, 1, 'VET09101', 'Animals in Society'),
(699, 1, 'VET09106', 'Equine Veterinary Nursing');

-- --------------------------------------------------------

--
-- Table structure for table `rooms`
--

CREATE TABLE IF NOT EXISTS `rooms` (
  `roomID` int(5) NOT NULL AUTO_INCREMENT,
  `campusID` int(5) NOT NULL,
  `room_number` varchar(50) NOT NULL,
  `description` varchar(50) NOT NULL,
  `seat_capacity` int(4) NOT NULL,
  PRIMARY KEY (`roomID`)
) ENGINE=MyISAM  DEFAULT CHARSET=latin1 AUTO_INCREMENT=196 ;

--
-- Dumping data for table `rooms`
--

INSERT INTO `rooms` (`roomID`, `campusID`, `room_number`, `description`, `seat_capacity`) VALUES
(1, 1, 'C.Lockhart.0/11', 'Language Lab', 20),
(2, 1, 'C.Lockhart.0/12', 'Language Lab', 20),
(3, 1, 'C.Lockhart.1/06', 'Teaching Room  Flat Class Room', 58),
(4, 1, 'C.Lockhart.1/07', 'Teaching Room  Flat Class Room', 28),
(5, 1, 'C.Lockhart.1/08', 'Teaching Room  Flat Class Room', 28),
(6, 1, 'C.Lockhart.1/09', 'Teaching Room  Flat Class Room', 28),
(7, 1, 'C.Lockhart.1/10', 'Teaching Room  Flat Class Room', 100),
(8, 1, 'C.Lockhart.1/17', 'Raked Lecture Theatre  Riady', 400),
(9, 1, 'C.Lockhart.2/05', 'Teaching Room  Flat Class Room', 58),
(10, 1, 'C.Lockhart.2/06', 'Teaching Room  Flat Class Room', 28),
(11, 1, 'C.Lockhart.2/07', 'Teaching Room  Flat Class Room', 28),
(12, 1, 'C.Lockhart.2/08', 'Small P.C Lab', 18),
(13, 1, 'C.Lockhart.2/09', 'Teaching Room  Flat Class Room', 28),
(14, 1, 'C.Lockhart.2/10', 'Teaching Room  Flat Class Room', 100),
(15, 1, 'C.Lockhart.2/16A', 'Split P.C LabA', 24),
(16, 1, 'C.Lockhart.2/16B', 'Split P.C LabB', 24),
(17, 1, 'C.Lockhart.2/17', 'Raked Lecture Theatre  The Egg/Lindsey Stewart', 200),
(18, 1, 'C.Lockhart.3/03', 'Teaching Room  Flat Class Room', 58),
(19, 1, 'C.Lockhart.3/04', 'Teaching Room  Flat Class Room', 28),
(20, 1, 'C.Lockhart.3/05', 'Teaching Room  Flat Class Room', 28),
(21, 1, 'C.Lockhart.3/06', 'Teaching Room  Flat Class Room', 28),
(22, 1, 'C.Lockhart.3/07', 'Teaching Room  Flat Class Room', 28),
(23, 1, 'C.Lockhart.3/08', 'Teaching Room  Flat Class Room', 28),
(24, 1, 'C.Lockhart.3/09', 'Teaching Room  Flat Class Room', 28),
(25, 1, 'C.Lockhart.3/10', 'Teaching Room  Flat Class Room', 28),
(26, 1, 'C.Lockhart.3/11', 'Teaching Room  Flat Class Room', 56),
(27, 1, 'C.Lockhart.3/11A', 'Teaching Room  Flat Class Room', 28),
(28, 1, 'C.Lockhart.3/11B', 'Teaching Room  Flat Class Room', 28),
(29, 2, 'M.Kilby.01', 'Computer Pods', 25),
(30, 2, 'M.Kilby.02', 'Computer Pods', 25),
(31, 2, 'M.Kilby.03', 'Computer Pods', 25),
(32, 2, 'M.Kilby.04', 'Computer Pods', 25),
(33, 2, 'M.Kilby.05', 'Computer Pods', 25),
(34, 2, 'M.Kilby.06', 'Computer Pods', 25),
(35, 2, 'M.Kilby.07', 'Computer Pods', 25),
(36, 2, 'M.Kilby.08', 'Computer Pods', 23),
(37, 2, 'M.Kilby.09', 'Computer Pods', 25),
(38, 2, 'M.Kilby.10', 'Computer Pods', 25),
(39, 2, 'M.Kilby.11', 'Computer Pods', 25),
(40, 2, 'M.Kilby.12', 'Computer Pods', 25),
(41, 2, 'M.Kilby.13', 'Computer Pods', 25),
(42, 2, 'M.Kilby.14', 'Computer Pods', 25),
(43, 2, 'M.Kilby.15', 'Computer Pods', 24),
(44, 2, 'M.Kilby.16', 'Computer Pods', 24),
(45, 2, 'M.Kilby.17', 'Computer Pods', 24),
(46, 2, 'M.Kilby.18', 'Computer Pods', 24),
(47, 2, 'Merch.A16.se', 'Fluids Lab', 25),
(48, 2, 'Merch.A17', 'Raked Lecture Theatre', 200),
(49, 2, 'Merch.A18.se', 'Materials Lab', 20),
(50, 2, 'Merch.A19.be', 'Lab', 40),
(51, 2, 'Merch.A19m.be', 'Light Structures Lab', 20),
(52, 2, 'Merch.A23.se', 'Workshop', 20),
(53, 2, 'Merch.A24.se', 'Workshop', 20),
(54, 2, 'Merch.A25.be', 'Heavy Structures Lab', 25),
(55, 2, 'Merch.A33 Mac.dm', 'DaMA MAC Computer Lab', 20),
(56, 2, 'Merch.A33PC.dm', 'DaMA PC Computer Lab', 30),
(57, 2, 'Merch.A42.ci', 'TV Newsroom', 20),
(58, 2, 'Merch.A44.ci', 'Radio Newsroom', 25),
(59, 2, 'Merch.A5.ci', 'Mac Lab', 20),
(60, 2, 'Merch.A53.ci', 'TV studio', 20),
(61, 2, 'Merch.A55', 'Teaching Room Flat Classroom', 96),
(62, 2, 'Merch.A56.MU', 'BMUS Ensemble acoustic only', 10),
(63, 2, 'Merch.A57.MU', 'BMUS Practice Room', 3),
(64, 2, 'Merch.A58.MU', 'BMUS Practice Room', 3),
(65, 2, 'Merch.A6.ci', 'Mac Lab', 20),
(66, 2, 'Merch.A60.MU', 'BMUS Practice Room', 3),
(67, 2, 'Merch.A61.MU', 'BMUS Practice Room', 3),
(68, 2, 'Merch.A62.MU', 'BMUS Practice Room', 3),
(69, 2, 'Merch.A63.MU', 'BMUS Practice Room', 3),
(70, 2, 'Merch.A64.MU', 'Teaching Classroom', 31),
(71, 2, 'Merch.A65.MU', 'BAPM Practice Room guitar teaching', 10),
(72, 2, 'Merch.A66.MU', 'BA Control Room 1 Music Lab', 15),
(73, 2, 'Merch.A67.MU', 'BA Control Booth 1', 1),
(74, 2, 'Merch.A70.MU', 'Masters Control Room 2', 10),
(75, 2, 'Merch.A71a.MU', 'Masters Booth', 1),
(76, 2, 'Merch.A71b.MU', 'Masters Control Room', 20),
(77, 2, 'Merch.A72.MU', 'MA Live Room', 10),
(78, 2, 'Merch.A74.MU', 'BAPM Control Room 2', 3),
(79, 2, 'Merch.A75.MU', 'BAPM Practice Room', 30),
(80, 2, 'Merch.A76.MU', 'BAPM Practice Room Bass', 6),
(81, 2, 'Merch.A77.MU', 'BAPM Practice Room B', 6),
(82, 2, 'Merch.A78.MU', 'Recital Room', 31),
(83, 2, 'Merch.B15.se', 'Polymer Lab', 16),
(84, 2, 'Merch.B2', 'Raked Lecture Theatre', 64),
(85, 2, 'Merch.B20a.dm', 'Back Section of IA Studio', 80),
(86, 2, 'Merch.B20b.dm', 'Front Section of IA Studio', 80),
(87, 2, 'Merch.B22.dm', 'Combined Year 1 Studio', 46),
(88, 2, 'Merch.B23.dm', 'DF Studio Year 2,3', 30),
(89, 2, 'Merch.B24.dm', 'MDes Studio', 36),
(90, 2, 'Merch.B25.dm', 'DF Studio Year 4', 34),
(91, 2, 'Merch.B31.dm', 'Design &amp; Digital Arts Studio', 30),
(92, 2, 'Merch.B32', 'Teaching Room Flat Classroom', 60),
(93, 2, 'Merch.B41.MU', 'Midi Lab', 15),
(94, 2, 'Merch.B55', 'A.se CAD/PC Lab', 27),
(95, 2, 'Merch.B55', 'B Computer Labs', 26),
(96, 2, 'Merch.B56.co', 'Computing Games Lab', 24),
(97, 2, 'Merch.B60.se', 'Power Lab', 42),
(98, 2, 'Merch.B62.se', 'Robotics Lab', 20),
(99, 2, 'Merch.B64.be', 'Hydraulics Lab', 10),
(100, 2, 'Merch.B65.be', 'Timber Research Lab', 10),
(101, 2, 'Merch.B68', '1.se Control Lab PCs', 20),
(102, 2, 'Merch.B68', '2.se Control Lab Non PCs', 20),
(103, 2, 'Merch.B69.se', 'Contol Room', 16),
(104, 2, 'Merch.C104.be', 'Jorge Kubies Office', 0),
(105, 2, 'Merch.C105.be', 'Sam Wamuziris Office', 5),
(106, 2, 'Merch.C107.be', 'Brian Sloans office', 10),
(107, 2, 'Merch.C11.ci', 'Publishing Mac Lab', 20),
(108, 2, 'Merch.C16.se', 'GP Electronics Lab', 28),
(109, 2, 'Merch.C18', 'Teaching Room Flat Class Room', 24),
(110, 2, 'Merch.C19', 'Teaching Room Flat Class Room', 25),
(111, 2, 'Merch.C27.co', 'Computing Networking Lab', 50),
(112, 2, 'Merch.C28.co', 'Computing Networking Lab', 24),
(113, 2, 'Merch.C30.se', 'DSP lab', 24),
(114, 2, 'Merch.C6.co', 'Computing Embedded Systems Lab', 20),
(115, 2, 'Merch.C84.dm', 'Graphic Design Studio', 50),
(116, 2, 'Merch.D14.dm', 'Photography Studio 1', 20),
(117, 2, 'Merch.D16.dm', 'Photography Studio 2', 20),
(118, 2, 'Merch.D17.dm', 'Photography Studio 3', 20),
(119, 2, 'Merch.D18.dm', 'Photography Studio 4', 20),
(120, 2, 'Merch.D19.dm', 'Photography Studio 5', 25),
(121, 2, 'Merch.D20.dm', 'Photography Studio 6', 25),
(122, 2, 'Merch.D35.co', 'Computing Media Lab', 24),
(123, 2, 'Merch.D36.co', 'Computing Media Lab', 24),
(124, 2, 'Merch.D53.be', ' Office', 5),
(125, 2, 'Merch.D54.be', 'Grant Sinclairs Office', 5),
(126, 2, 'Merch.D55a.be', 'John Woods Office', 5),
(127, 2, 'Merch.D55b.be', 'Robert Masons Office', 5),
(128, 2, 'Merch.D56.be', 'Mark Deakins Office', 5),
(129, 2, 'Merch.D56a.be', 'Alison Andrews Office', 5),
(130, 2, 'Merch.D57.be', 'Maurice Van Rietveldes Office', 5),
(131, 2, 'Merch.D59a.be', 'John Curries Office', 10),
(132, 2, 'Merch.D60a.be', 'Mike Thomsons Office', 5),
(133, 2, 'Merch.D60b.be', 'William Goodalls Office', 5),
(134, 2, 'Merch.E27.be', 'Architectural Technology Lab', 61),
(135, 2, 'Merch.E28.se', 'Product Design Engineering', 20),
(136, 2, 'Merch.E32.be', 'Built Environment Computing Lab', 32),
(137, 2, 'Merch.E42.be', 'Mark Taylors office', 10),
(138, 2, 'Merch.E44.be', 'Charlie Fairfields Office', 5),
(139, 2, 'Merch.E49.be', 'Abdy Kermanis  Office', 5),
(140, 2, 'Merch.E50.be', 'Martin Askeys Office', 0),
(141, 2, 'Merch.E54.be', 'Office', 5),
(142, 2, 'Merch.F10', 'Raked Lecture Theatre', 60),
(143, 2, 'Merch.F11', 'Teaching Room Flat Class Room', 40),
(144, 2, 'Merch.F12', 'Raked Lecture Theatre', 70),
(145, 2, 'Merch.F15.dm', 'Design Studio', 30),
(146, 2, 'Merch.F5', 'Teaching Room Flat Class Room', 21),
(147, 2, 'Merch.F6', 'Teaching Room Flat Class Room', 25),
(148, 2, 'Merch.F8.dm', 'MA/MDes Design Studio', 30),
(149, 2, 'Merch.F9.dm', 'Creative Advertising PG Room', 0),
(150, 2, 'Merch.G19', 'Teaching Room Flat Class Room', 25),
(151, 2, 'Merch.G2', 'Teaching Room Flat Class Room', 50),
(152, 2, 'Merch.G20', 'Teaching Room Flat Class Room', 25),
(153, 2, 'Merch.G21', 'Teaching Room Flat Class Room', 25),
(154, 2, 'Merch.G23', 'Teaching Room Flat Class Room', 21),
(155, 2, 'Merch.G24', 'Raked Lecture Theatre', 70),
(156, 2, 'Merch.G4', 'Teaching Room Flat Class Room', 16),
(157, 2, 'Merch.H10', 'Raked Lecture Theatre', 50),
(158, 2, 'Merch.H11', 'Teaching Room Flat Class Room', 30),
(159, 2, 'Merch.H14', 'Teaching Room Flat Class Room', 24),
(160, 2, 'Merch.H15', 'Teaching Room Flat Class Room', 28),
(161, 2, 'Merch.H17', 'Teaching Room Flat Class Room', 24),
(162, 2, 'Merch.H18', 'Teaching Room Flat Class Room', 50),
(163, 2, 'Merch.H5', 'Raked Lecture Theatre', 121),
(164, 2, 'Merch.H7', 'Teaching Room Flat Class Room', 34),
(165, 2, 'Merch.H9', 'Teaching Room Flat Class Room', 70),
(166, 3, 'Merch.SA Studio1.dm', 'Studio 1 Merchiston Avenue', 60),
(167, 3, 'Merch.SA Studio2.dm', 'Studio 2 Merchiston Avenue', 80),
(168, 4, 'M.Church.Main Hall', 'Main Hall', 308),
(169, 4, 'M.Church.MC2', 'Teaching Room Flat Class Room', 40),
(170, 4, 'M.Church.MC3', 'Teaching Room Flat Class Room', 32),
(171, 4, 'M.Church.MC4', 'Teaching Room Flat Class Room', 40),
(172, 5, 'Sight.1.D.02', 'Large Raked Lecture Theatre', 350),
(173, 5, 'Sight.1.D.04', 'Medium Raked Lecture Theatre', 170),
(174, 5, 'Sight.1.D.05', 'Medium Raked Lecture Theatre', 170),
(175, 5, 'Sight.2.D.03', 'Teaching Room Flat Classroom', 51),
(176, 5, 'Sight.2.D.04', 'Teaching Room Flat Classroom', 88),
(177, 5, 'Sight.2.D.05', 'Teaching Room Flat Classroom', 88),
(178, 5, 'Sight.2.D.07', 'Teaching Room Flat Classroom', 88),
(179, 5, 'Sight.2.D.08', 'Teaching Room Flat Classroom', 51),
(180, 5, 'Sight.2.D.11', 'P.C. Lab', 73),
(181, 5, 'Sight.2.D.12', 'P.C. Lab', 24),
(182, 5, 'Sight.2.D.13', 'Teaching Room Flat Classroom', 37),
(183, 5, 'Sight.2.D.14', 'Teaching Room Flat Classroom', 37),
(184, 5, 'Sight.2.D.15', 'Teaching Room Flat Classroom', 24),
(185, 5, 'Sight.3.D.03', 'Teaching Room Flat Classroom', 36),
(186, 5, 'Sight.3.D.04', 'Teaching Room Flat Classroom', 88),
(187, 5, 'Sight.3.D.05', 'Teaching Room Flat Classroom', 88),
(188, 5, 'Sight.3.D.07', 'Teaching Room Flat Classroom', 88),
(189, 5, 'Sight.3.D.08', 'Teaching Room Flat Classroom', 33),
(190, 5, 'Sight.3.D.10', 'Teaching Room Flat Classroom', 36),
(191, 5, 'Sight.3.D.11', 'Teaching Room Flat Classroom', 33),
(192, 5, 'Sight.3.D.12', 'Teaching Room Flat Classroom', 24),
(193, 5, 'Sight.3.D.13', 'Teaching Room Flat Classroom', 24),
(194, 5, 'Sight.3.D.14', 'Teaching Room Flat Classroom', 24),
(195, 5, 'Sight.3.D.15', 'Teaching Room Flat Classroom', 24);

-- --------------------------------------------------------

--
-- Table structure for table `students`
--

CREATE TABLE IF NOT EXISTS `students` (
  `studentID` int(5) NOT NULL AUTO_INCREMENT,
  `universityID` int(4) NOT NULL,
  `first_name` varchar(50) NOT NULL,
  `last_name` varchar(50) NOT NULL,
  `DOB` datetime NOT NULL,
  `email` varchar(50) NOT NULL,
  `username` varchar(50) NOT NULL,
  `password` varchar(60) NOT NULL,
  `matric_number` varchar(20) NOT NULL,
  PRIMARY KEY (`studentID`)
) ENGINE=MyISAM  DEFAULT CHARSET=latin1 AUTO_INCREMENT=3 ;

--
-- Dumping data for table `students`
--

INSERT INTO `students` (`studentID`, `universityID`, `first_name`, `last_name`, `DOB`, `email`, `username`, `password`, `matric_number`) VALUES
(1, 1, 'Nick', 'Hunt', '1988-01-04 00:00:00', '40092121@live.napier.ac.uk', 'nick_0488', 'password1', '40092121'),
(2, 1, 'David', 'Smith', '1995-03-04 00:00:00', 'd.smith@hotmail.co.uk', 'dave1234', 'password1', '4000000');

-- --------------------------------------------------------

--
-- Table structure for table `studying`
--

CREATE TABLE IF NOT EXISTS `studying` (
  `studyingID` int(6) NOT NULL AUTO_INCREMENT,
  `studentID` int(5) NOT NULL,
  `moduleID` int(5) NOT NULL,
  PRIMARY KEY (`studyingID`)
) ENGINE=MyISAM  DEFAULT CHARSET=latin1 AUTO_INCREMENT=8 ;

--
-- Dumping data for table `studying`
--

INSERT INTO `studying` (`studyingID`, `studentID`, `moduleID`) VALUES
(1, 1, 304),
(2, 1, 310),
(3, 1, 632),
(4, 1, 626),
(5, 1, 619),
(6, 1, 617),
(7, 1, 616);

-- --------------------------------------------------------

--
-- Table structure for table `university`
--

CREATE TABLE IF NOT EXISTS `university` (
  `universityID` int(4) NOT NULL AUTO_INCREMENT,
  `name` varchar(50) NOT NULL,
  `location` varchar(20) NOT NULL,
  PRIMARY KEY (`universityID`)
) ENGINE=MyISAM  DEFAULT CHARSET=latin1 AUTO_INCREMENT=2 ;

--
-- Dumping data for table `university`
--

INSERT INTO `university` (`universityID`, `name`, `location`) VALUES
(1, 'Edinburgh Napier University', 'Edinburgh');

/*!40101 SET CHARACTER_SET_CLIENT=@OLD_CHARACTER_SET_CLIENT */;
/*!40101 SET CHARACTER_SET_RESULTS=@OLD_CHARACTER_SET_RESULTS */;
/*!40101 SET COLLATION_CONNECTION=@OLD_COLLATION_CONNECTION */;
